sentence	predicted	actual	kotogram
3番線、ドアが閉まります。ご注意くださいぜわ。	casual	unpragmatic_formality	⌈ˢ3ᵖn:numeralʳサン⌉⌈ˢ番線ᵖn:common_nounʳバンセン⌉⌈ˢ、ᵖauxs:comma⌉⌈ˢドアᵖn:common_noun⌉⌈ˢがᵖprt:case_particleʳガ⌉⌈ˢ閉まりᵖv:general:godan-ra:conjunctiveᵇ閉まるᵈ閉まるʳシマリ⌉⌈ˢますᵖauxv:auxv-masu:terminalʳマス⌉⌈ˢ。ᵖauxs:period⌉⌈ˢごᵖprefʳゴ⌉⌈ˢ注意ᵖn:common_noun:suru-possibleʳチュウイ⌉⌈ˢくださいᵖv:non_self_reliant:godan-ra:imperativeᵇくださるᵈくださるʳクダサイ⌉⌈ˢぜᵖprt:sentence_final_particleʳゼ⌉⌈ˢわᵖprt:sentence_final_particleʳワ⌉⌈ˢ。ᵖauxs:period⌉
50分の模擬試験に挑戦して、試験であなたの実力がどれくらいかがわかります。	neutral	formal	⌈ˢ50ᵖn:numeralʳゴレイ⌉⌈ˢ分ᵖsuff:noun_like:suru-possibleʳブン⌉⌈ˢのᵖprt:case_particleʳノ⌉⌈ˢ模擬試験ᵖn:common_nounʳモギシケン⌉⌈ˢにᵖprt:case_particleʳニ⌉⌈ˢ挑戦ᵖn:common_noun:suru-possibleʳチョウセン⌉⌈ˢしᵖv:non_self_reliant:sa-irregular:conjunctiveᵇするᵈするʳシ⌉⌈ˢてᵖprt:conjunctive_particleʳテ⌉⌈ˢ、ᵖauxs:comma⌉⌈ˢ試験ᵖn:common_noun:suru-possibleʳシケン⌉⌈ˢでᵖprt:case_particleʳデ⌉⌈ˢあなたᵖpronʳアナタ⌉⌈ˢのᵖprt:case_particleʳノ⌉⌈ˢ実力ᵖn:common_nounʳジツリョク⌉⌈ˢがᵖprt:case_particleʳガ⌉⌈ˢどれᵖpronʳドレ⌉⌈ˢくらいᵖprt:adverbial_particleʳクライ⌉⌈ˢかᵖprt:adverbial_particleʳカ⌉⌈ˢがᵖprt:case_particleʳガ⌉⌈ˢわかりᵖv:general:godan-ra:conjunctiveᵇわかるᵈわかるʳワカリ⌉⌈ˢますᵖauxv:auxv-masu:terminalʳマス⌉⌈ˢ。ᵖauxs:period⌉
Boston Dynamicsのロボット「RHex」は、いろんな地形を走れるをすごいやつです。	neutral	formal	⌈ˢBoston Dynamicsᵖn:proper_nounʳボストンダイナミクス⌉⌈ˢのᵖprt:case_particleʳノ⌉⌈ˢロボットᵖn:common_noun⌉⌈ˢ「ᵖauxs:bracket_openʳキゴウ⌉⌈ˢRHexᵖn:common_nounᵇrhexᵈrhexʳrhex⌉⌈ˢ」ᵖauxs:bracket_closeʳキゴウ⌉⌈ˢはᵖprt:binding_particleʳハ⌉⌈ˢ、ᵖauxs:comma⌉⌈ˢいろんなᵖatʳイロンナ⌉⌈ˢ地形ᵖn:common_nounʳチケイ⌉⌈ˢをᵖprt:case_particleʳヲ⌉⌈ˢ走れるᵖv:general:e-ichidan-ra:terminalʳハシレル⌉⌈ˢをᵖprt:case_particleʳヲ⌉⌈ˢすごいᵖadj:general:adjective:attributiveʳスゴイ⌉⌈ˢやつᵖn:common_nounʳヤツ⌉⌈ˢですᵖauxv:auxv-desu:terminalʳデス⌉⌈ˢ。ᵖauxs:period⌉
「また来るね」「うん、楽しみにしてる」	neutral	casual	⌈ˢ「ᵖauxs:bracket_openʳキゴウ⌉⌈ˢまたᵖadvʳマタ⌉⌈ˢ来るᵖv:non_self_reliant:ka-irregular:terminalʳクル⌉⌈ˢねᵖprt:sentence_final_particleʳネ⌉⌈ˢ」ᵖauxs:bracket_closeʳキゴウ⌉⌈ˢ「ᵖauxs:bracket_openʳキゴウ⌉⌈ˢうんᵖint:generalʳウン⌉⌈ˢ、ᵖauxs:comma⌉⌈ˢ楽しみᵖn:common_nounʳタノシミ⌉⌈ˢにᵖprt:case_particleʳニ⌉⌈ˢしᵖv:non_self_reliant:sa-irregular:conjunctiveᵇするᵈするʳシ⌉⌈ˢてるᵖauxv:e-ichidan-ta:terminalʳテル⌉⌈ˢ」ᵖauxs:bracket_closeʳキゴウ⌉
「フェスティバ」ってフォードの車でしょ？	neutral	formal	⌈ˢ「ᵖauxs:bracket_openʳキゴウ⌉⌈ˢフェスティバᵖn:common_noun⌉⌈ˢ」ᵖauxs:bracket_closeʳキゴウ⌉⌈ˢってᵖprt:adverbial_particleʳッテ⌉⌈ˢフォードᵖn:proper_noun⌉⌈ˢのᵖprt:case_particleʳノ⌉⌈ˢ車ᵖn:common_nounʳクルマ⌉⌈ˢでしょᵖauxv:auxv-desu:volitional-presumptiveᵇですᵈですʳデショ⌉⌈ˢ？ᵖauxs:periodᵇ?ᵈ?ʳ?⌉
「助けて」といふ声が聞えるのですのだ。私は笑つてゐました。	neutral	formal	⌈ˢ「ᵖauxs:bracket_openʳキゴウ⌉⌈ˢ助けᵖv:general:e-ichidan-ka:conjunctiveᵇ助けるᵈ助けるʳタスケ⌉⌈ˢてᵖprt:conjunctive_particleʳテ⌉⌈ˢ」ᵖauxs:bracket_closeʳキゴウ⌉⌈ˢとᵖprt:case_particleʳト⌉⌈ˢいふᵖv:general:yodan-ha:attributiveʳイフ⌉⌈ˢ声ᵖn:common_nounʳコエ⌉⌈ˢがᵖprt:case_particleʳガ⌉⌈ˢ聞えるᵖv:general:e-ichidan-a:attributiveʳキコエル⌉⌈ˢのᵖprt:pre_noun_particleʳノ⌉⌈ˢですᵖauxv:auxv-desu:attributiveʳデス⌉⌈ˢのᵖprt:pre_noun_particleʳノ⌉⌈ˢだᵖauxv:auxv-da:terminalʳダ⌉⌈ˢ。ᵖauxs:period⌉⌈ˢ私ᵖpronʳワタクシ⌉⌈ˢはᵖprt:binding_particleʳハ⌉⌈ˢ笑ᵖn:common_nounʳワライ⌉⌈ˢつᵖauxv:godan-waa:attributiveᵇつうᵈつうʳツ⌉⌈ˢてᵖprt:conjunctive_particleʳテ⌉⌈ˢゐᵖv:non_self_reliant:i-ichidan-a:conjunctiveᵇゐるᵈゐるʳイ⌉⌈ˢましᵖauxv:auxv-masu:conjunctiveᵇますᵈますʳマシ⌉⌈ˢたᵖauxv:auxv-ta:terminalʳタ⌉⌈ˢ。ᵖauxs:period⌉
「夕食後勉強するつもりですか」「はいぜ」	casual	unpragmatic_formality	⌈ˢ「ᵖauxs:bracket_openʳキゴウ⌉⌈ˢ夕食ᵖn:common_nounʳユウショク⌉⌈ˢ後ᵖsuff:noun_like:adverb-possibleʳゴ⌉⌈ˢ勉強ᵖn:common_noun:suru-possibleʳベンキョウ⌉⌈ˢするᵖv:non_self_reliant:sa-irregular:attributiveʳスル⌉⌈ˢつもりᵖn:common_nounʳツモリ⌉⌈ˢですᵖauxv:auxv-desu:terminalʳデス⌉⌈ˢかᵖprt:sentence_final_particleʳカ⌉⌈ˢ」ᵖauxs:bracket_closeʳキゴウ⌉⌈ˢ「ᵖauxs:bracket_openʳキゴウ⌉⌈ˢはいᵖint:generalʳハイ⌉⌈ˢぜᵖprt:sentence_final_particleʳゼ⌉⌈ˢ」ᵖauxs:bracket_closeʳキゴウ⌉
「好きです」とトニーは言ったた。	neutral	formal	⌈ˢ「ᵖauxs:bracket_openʳキゴウ⌉⌈ˢ好きᵖshp:generalʳスキ⌉⌈ˢですᵖauxv:auxv-desu:terminalʳデス⌉⌈ˢ」ᵖauxs:bracket_closeʳキゴウ⌉⌈ˢとᵖprt:case_particleʳト⌉⌈ˢトニーᵖn:proper_noun:person-name⌉⌈ˢはᵖprt:binding_particleʳハ⌉⌈ˢ言っᵖv:general:godan-waa:conjunctive-geminateᵇ言うᵈ言うʳイッ⌉⌈ˢたᵖauxv:auxv-ta:terminalʳタ⌉⌈ˢたᵖauxv:auxv-ta:terminalʳタ⌉⌈ˢ。ᵖauxs:period⌉
「私が人気を得ているのは彼のおかげなの」と彼女は言った。	neutral	casual	⌈ˢ「ᵖauxs:bracket_openʳキゴウ⌉⌈ˢ私ᵖpronʳワタクシ⌉⌈ˢがᵖprt:case_particleʳガ⌉⌈ˢ人気ᵖn:common_nounʳニンキ⌉⌈ˢをᵖprt:case_particleʳヲ⌉⌈ˢ得ᵖv:non_self_reliant:e-ichidan-a:conjunctiveᵇ得るᵈ得るʳエ⌉⌈ˢてᵖprt:conjunctive_particleʳテ⌉⌈ˢいるᵖv:non_self_reliant:i-ichidan-a:attributiveʳイル⌉⌈ˢのᵖprt:pre_noun_particleʳノ⌉⌈ˢはᵖprt:binding_particleʳハ⌉⌈ˢ彼ᵖpronʳカレ⌉⌈ˢのᵖprt:case_particleʳノ⌉⌈ˢおかげᵖn:common_nounʳオカゲ⌉⌈ˢなᵖauxv:auxv-da:attributiveᵇだᵈだʳナ⌉⌈ˢのᵖprt:sentence_final_particleʳノ⌉⌈ˢ」ᵖauxs:bracket_closeʳキゴウ⌉⌈ˢとᵖprt:case_particleʳト⌉⌈ˢ彼女ᵖpronʳカノジョ⌉⌈ˢはᵖprt:binding_particleʳハ⌉⌈ˢ言っᵖv:general:godan-waa:conjunctive-geminateᵇ言うᵈ言うʳイッ⌉⌈ˢたᵖauxv:auxv-ta:terminalʳタ⌉⌈ˢ。ᵖauxs:period⌉
あぁまだ、宵の口だねぞわ。	neutral	casual	⌈ˢあぁᵖint:generalʳアァ⌉⌈ˢまだᵖadvʳマダ⌉⌈ˢ、ᵖauxs:comma⌉⌈ˢ宵の口ᵖn:common_nounʳヨイノクチ⌉⌈ˢだᵖauxv:auxv-da:terminalʳダ⌉⌈ˢねᵖprt:sentence_final_particleʳネ⌉⌈ˢぞわᵖadvʳゾワ⌉⌈ˢ。ᵖauxs:period⌉
あいにく、彼女は不在ですぞわ。	casual	unpragmatic_formality	⌈ˢあいにくᵖadvʳアイニク⌉⌈ˢ、ᵖauxs:comma⌉⌈ˢ彼女ᵖpronʳカノジョ⌉⌈ˢはᵖprt:binding_particleʳハ⌉⌈ˢ不在ᵖn:common_nounʳフザイ⌉⌈ˢですᵖauxv:auxv-desu:terminalʳデス⌉⌈ˢぞᵖprt:sentence_final_particleʳゾ⌉⌈ˢわᵖprt:sentence_final_particleʳワ⌉⌈ˢ。ᵖauxs:period⌉
あした朝８時に誘いに来るよ。	neutral	casual	⌈ˢあしたᵖn:common_noun:adverb-possibleʳアシタ⌉⌈ˢ朝ᵖn:common_noun:adverb-possibleʳアサ⌉⌈ˢ８ᵖn:numeralᵇ8ᵈ8ʳハチ⌉⌈ˢ時ᵖn:common_noun:counter-possibleʳジ⌉⌈ˢにᵖprt:case_particleʳニ⌉⌈ˢ誘いᵖn:common_nounʳサソイ⌉⌈ˢにᵖprt:case_particleʳニ⌉⌈ˢ来るᵖv:non_self_reliant:ka-irregular:terminalʳクル⌉⌈ˢよᵖprt:sentence_final_particleʳヨ⌉⌈ˢ。ᵖauxs:period⌉
あなたがそれを理解しでくれますように。	neutral	formal	⌈ˢあなたᵖpronʳアナタ⌉⌈ˢがᵖprt:case_particleʳガ⌉⌈ˢそれᵖpronʳソレ⌉⌈ˢをᵖprt:case_particleʳヲ⌉⌈ˢ理解ᵖn:common_noun:suru-possibleʳリカイ⌉⌈ˢしᵖv:non_self_reliant:sa-irregular:conjunctiveᵇするᵈするʳシ⌉⌈ˢでᵖprt:conjunctive_particleʳデ⌉⌈ˢくれᵖv:non_self_reliant:e-ichidan-ra:conjunctiveᵇくれるᵈくれるʳクレ⌉⌈ˢますᵖauxv:auxv-masu:attributiveʳマス⌉⌈ˢようᵖshp:auxiliary_verb_stemʳヨウ⌉⌈ˢにᵖauxv:auxv-da:conjunctive-niᵇだᵈだʳニ⌉⌈ˢ。ᵖauxs:period⌉
あなたが聞いていた音楽は何だったのですぜか。	casual	unpragmatic_formality	⌈ˢあなたᵖpronʳアナタ⌉⌈ˢがᵖprt:case_particleʳガ⌉⌈ˢ聞いᵖv:general:godan-ka:conjunctive-i-soundᵇ聞くᵈ聞くʳキイ⌉⌈ˢてᵖprt:conjunctive_particleʳテ⌉⌈ˢいᵖv:non_self_reliant:i-ichidan-a:conjunctiveᵇいるᵈいるʳイ⌉⌈ˢたᵖauxv:auxv-ta:attributiveʳタ⌉⌈ˢ音楽ᵖn:common_nounʳオンガク⌉⌈ˢはᵖprt:binding_particleʳハ⌉⌈ˢ何ᵖpronʳナン⌉⌈ˢだっᵖauxv:auxv-da:conjunctive-geminateᵇだᵈだʳダッ⌉⌈ˢたᵖauxv:auxv-ta:attributiveʳタ⌉⌈ˢのᵖprt:pre_noun_particleʳノ⌉⌈ˢですᵖauxv:auxv-desu:terminalʳデス⌉⌈ˢぜᵖprt:sentence_final_particleʳゼ⌉⌈ˢかᵖprt:sentence_final_particleʳカ⌉⌈ˢ。ᵖauxs:period⌉
あなたたちみんなにどこかで会ったおぼえがあるます。	neutral	formal	⌈ˢあなたᵖpronʳアナタ⌉⌈ˢたちᵖsuff:noun_likeʳタチ⌉⌈ˢみんなᵖn:common_noun:adverb-possibleʳミンナ⌉⌈ˢにᵖprt:case_particleʳニ⌉⌈ˢどこᵖpronʳドコ⌉⌈ˢかᵖprt:adverbial_particleʳカ⌉⌈ˢでᵖprt:case_particleʳデ⌉⌈ˢ会っᵖv:general:godan-waa:conjunctive-geminateᵇ会うᵈ会うʳアッ⌉⌈ˢたᵖauxv:auxv-ta:attributiveʳタ⌉⌈ˢおぼえᵖn:common_nounʳオボエ⌉⌈ˢがᵖprt:case_particleʳガ⌉⌈ˢあるᵖv:non_self_reliant:godan-ra:terminalʳアル⌉⌈ˢますᵖauxv:auxv-masu:terminalʳマス⌉⌈ˢ。ᵖauxs:period⌉
あなたとと二人だけで話そうとしても、いつも他の人と一緒にいるじゃないですか。	neutral	formal	⌈ˢあなたᵖpronʳアナタ⌉⌈ˢとᵖprt:case_particleʳト⌉⌈ˢとᵖprt:case_particleʳト⌉⌈ˢ二人ᵖn:common_noun:adverb-possibleʳフタリ⌉⌈ˢだけᵖprt:adverbial_particleʳダケ⌉⌈ˢでᵖprt:case_particleʳデ⌉⌈ˢ話そうᵖv:general:godan-sa:volitional-presumptiveᵇ話すᵈ話すʳハナソウ⌉⌈ˢとᵖprt:case_particleʳト⌉⌈ˢしᵖv:non_self_reliant:sa-irregular:conjunctiveᵇするᵈするʳシ⌉⌈ˢてᵖprt:conjunctive_particleʳテ⌉⌈ˢもᵖprt:binding_particleʳモ⌉⌈ˢ、ᵖauxs:comma⌉⌈ˢいつもᵖn:common_noun:adverb-possibleʳイツモ⌉⌈ˢ他ᵖn:common_noun:adverb-possibleʳホカ⌉⌈ˢのᵖprt:case_particleʳノ⌉⌈ˢ人ᵖn:common_nounʳヒト⌉⌈ˢとᵖprt:case_particleʳト⌉⌈ˢ一緒ᵖn:common_noun:suru-possibleʳイッショ⌉⌈ˢにᵖprt:case_particleʳニ⌉⌈ˢいるᵖv:non_self_reliant:i-ichidan-a:terminalʳイル⌉⌈ˢじゃᵖauxv:auxv-da:conjunctive-fusedᵇだᵈだʳジャ⌉⌈ˢないᵖadj:non_self_reliant:adjective:terminalʳナイ⌉⌈ˢですᵖauxv:auxv-desu:terminalʳデス⌉⌈ˢかᵖprt:sentence_final_particleʳカ⌉⌈ˢ。ᵖauxs:period⌉
あなたのお父様にお会いできるのを楽しみにしています。	neutral	formal	⌈ˢあなたᵖpronʳアナタ⌉⌈ˢのᵖprt:case_particleʳノ⌉⌈ˢお父様ᵖn:common_nounʳオトウサマ⌉⌈ˢにᵖprt:case_particleʳニ⌉⌈ˢおᵖprefʳオ⌉⌈ˢ会いᵖv:general:godan-waa:conjunctiveᵇ会うᵈ会うʳアイ⌉⌈ˢできるᵖv:non_self_reliant:i-ichidan-ka:attributiveʳデキル⌉⌈ˢのᵖprt:pre_noun_particleʳノ⌉⌈ˢをᵖprt:case_particleʳヲ⌉⌈ˢ楽しみᵖn:common_nounʳタノシミ⌉⌈ˢにᵖprt:case_particleʳニ⌉⌈ˢしᵖv:non_self_reliant:sa-irregular:conjunctiveᵇするᵈするʳシ⌉⌈ˢてᵖprt:conjunctive_particleʳテ⌉⌈ˢいᵖv:non_self_reliant:i-ichidan-a:conjunctiveᵇいるᵈいるʳイ⌉⌈ˢますᵖauxv:auxv-masu:terminalʳマス⌉⌈ˢ。ᵖauxs:period⌉
あなたの報告書に目を通し、コメントを書いておきました。	neutral	formal	⌈ˢあなたᵖpronʳアナタ⌉⌈ˢのᵖprt:case_particleʳノ⌉⌈ˢ報告書ᵖn:common_nounʳホウコクショ⌉⌈ˢにᵖprt:case_particleʳニ⌉⌈ˢ目ᵖn:common_nounʳメ⌉⌈ˢをᵖprt:case_particleʳヲ⌉⌈ˢ通しᵖv:non_self_reliant:godan-sa:conjunctiveᵇ通すᵈ通すʳトオシ⌉⌈ˢ、ᵖauxs:comma⌉⌈ˢコメントᵖn:common_noun:suru-possible⌉⌈ˢをᵖprt:case_particleʳヲ⌉⌈ˢ書いᵖv:general:godan-ka:conjunctive-i-soundᵇ書くᵈ書くʳカイ⌉⌈ˢてᵖprt:conjunctive_particleʳテ⌉⌈ˢおきᵖv:non_self_reliant:godan-ka:conjunctiveᵇおくᵈおくʳオキ⌉⌈ˢましᵖauxv:auxv-masu:conjunctiveᵇますᵈますʳマシ⌉⌈ˢたᵖauxv:auxv-ta:terminalʳタ⌉⌈ˢ。ᵖauxs:period⌉
あなたの家はペンキ塗りがが必要だ。	neutral	casual	⌈ˢあなたᵖpronʳアナタ⌉⌈ˢのᵖprt:case_particleʳノ⌉⌈ˢ家ᵖn:common_nounʳイエ⌉⌈ˢはᵖprt:binding_particleʳハ⌉⌈ˢペンキᵖn:common_noun⌉⌈ˢ塗りᵖn:common_nounʳヌリ⌉⌈ˢがᵖprt:case_particleʳガ⌉⌈ˢがᵖprt:case_particleʳガ⌉⌈ˢ必要ᵖn:common_noun:pos2-unk1ʳヒツヨウ⌉⌈ˢだᵖauxv:auxv-da:terminalʳダ⌉⌈ˢ。ᵖauxs:period⌉
あなたの帽子は私のに似ていますぜ。	neutral	unpragmatic_formality	⌈ˢあなたᵖpronʳアナタ⌉⌈ˢのᵖprt:case_particleʳノ⌉⌈ˢ帽子ᵖn:common_nounʳボウシ⌉⌈ˢはᵖprt:binding_particleʳハ⌉⌈ˢ私ᵖpronʳワタクシ⌉⌈ˢのᵖprt:case_particleʳノ⌉⌈ˢにᵖprt:case_particleʳニ⌉⌈ˢ似ᵖv:general:i-ichidan-na:conjunctiveᵇ似るᵈ似るʳニ⌉⌈ˢてᵖprt:conjunctive_particleʳテ⌉⌈ˢいᵖv:non_self_reliant:i-ichidan-a:conjunctiveᵇいるᵈいるʳイ⌉⌈ˢますᵖauxv:auxv-masu:terminalʳマス⌉⌈ˢぜᵖprt:sentence_final_particleʳゼ⌉⌈ˢ。ᵖauxs:period⌉
あなたの愛犬が入院したと聞いて、さぞご心配でしょう。	neutral	formal	⌈ˢあなたᵖpronʳアナタ⌉⌈ˢのᵖprt:case_particleʳノ⌉⌈ˢ愛犬ᵖn:common_nounʳアイケン⌉⌈ˢがᵖprt:case_particleʳガ⌉⌈ˢ入院ᵖn:common_noun:suru-possibleʳニュウイン⌉⌈ˢしᵖv:non_self_reliant:sa-irregular:conjunctiveᵇするᵈするʳシ⌉⌈ˢたᵖauxv:auxv-ta:terminalʳタ⌉⌈ˢとᵖprt:case_particleʳト⌉⌈ˢ聞いᵖv:general:godan-ka:conjunctive-i-soundᵇ聞くᵈ聞くʳキイ⌉⌈ˢてᵖprt:conjunctive_particleʳテ⌉⌈ˢ、ᵖauxs:comma⌉⌈ˢさぞᵖadvʳサゾ⌉⌈ˢごᵖprefʳゴ⌉⌈ˢ心配ᵖn:common_noun:pos2-unk2ʳシンパイ⌉⌈ˢでしょうᵖauxv:auxv-desu:volitional-presumptiveᵇですᵈですʳデショウ⌉⌈ˢ。ᵖauxs:period⌉
あなたは、日曜日に何をしますかぞ。	neutral	unpragmatic_formality	⌈ˢあなたᵖpronʳアナタ⌉⌈ˢはᵖprt:binding_particleʳハ⌉⌈ˢ、ᵖauxs:comma⌉⌈ˢ日曜日ᵖn:common_noun:adverb-possibleʳニチヨウビ⌉⌈ˢにᵖprt:case_particleʳニ⌉⌈ˢ何ᵖpronʳナン⌉⌈ˢをᵖprt:case_particleʳヲ⌉⌈ˢしᵖv:non_self_reliant:sa-irregular:conjunctiveᵇするᵈするʳシ⌉⌈ˢますᵖauxv:auxv-masu:terminalʳマス⌉⌈ˢかᵖprt:sentence_final_particleʳカ⌉⌈ˢぞᵖprt:sentence_final_particleʳゾ⌉⌈ˢ。ᵖauxs:period⌉
あなたはとても疲れているようにみえます。	neutral	formal	⌈ˢあなたᵖpronʳアナタ⌉⌈ˢはᵖprt:binding_particleʳハ⌉⌈ˢとてもᵖadvʳトテモ⌉⌈ˢ疲れᵖv:general:e-ichidan-ra:conjunctiveᵇ疲れるᵈ疲れるʳツカレ⌉⌈ˢてᵖprt:conjunctive_particleʳテ⌉⌈ˢいるᵖv:non_self_reliant:i-ichidan-a:attributiveʳイル⌉⌈ˢようᵖshp:auxiliary_verb_stemʳヨウ⌉⌈ˢにᵖauxv:auxv-da:conjunctive-niᵇだᵈだʳニ⌉⌈ˢみえᵖv:general:e-ichidan-a:conjunctiveᵇみえるᵈみえるʳミエ⌉⌈ˢますᵖauxv:auxv-masu:terminalʳマス⌉⌈ˢ。ᵖauxs:period⌉
あなたはチェスの仕方を知っていますか。	neutral	formal	⌈ˢあなたᵖpronʳアナタ⌉⌈ˢはᵖprt:binding_particleʳハ⌉⌈ˢチェスᵖn:common_noun⌉⌈ˢのᵖprt:case_particleʳノ⌉⌈ˢ仕方ᵖn:common_nounʳシカタ⌉⌈ˢをᵖprt:case_particleʳヲ⌉⌈ˢ知っᵖv:general:godan-ra:conjunctive-geminateᵇ知るᵈ知るʳシッ⌉⌈ˢてᵖprt:conjunctive_particleʳテ⌉⌈ˢいᵖv:non_self_reliant:i-ichidan-a:conjunctiveᵇいるᵈいるʳイ⌉⌈ˢますᵖauxv:auxv-masu:terminalʳマス⌉⌈ˢかᵖprt:sentence_final_particleʳカ⌉⌈ˢ。ᵖauxs:period⌉
あなたは今日は働かなくてよいだ。	neutral	casual	⌈ˢあなたᵖpronʳアナタ⌉⌈ˢはᵖprt:binding_particleʳハ⌉⌈ˢ今日ᵖn:common_noun:adverb-possibleʳキョウ⌉⌈ˢはᵖprt:binding_particleʳハ⌉⌈ˢ働かᵖv:general:godan-ka:imperfectiveᵇ働くᵈ働くʳハタラカ⌉⌈ˢなくᵖauxv:auxv-nai:conjunctiveᵇないᵈないʳナク⌉⌈ˢてᵖprt:conjunctive_particleʳテ⌉⌈ˢよいᵖadj:non_self_reliant:adjective:terminalʳヨイ⌉⌈ˢだᵖauxv:auxv-da:terminalʳダ⌉⌈ˢ。ᵖauxs:period⌉
あなたは何と美しいのでしょうぞわ。	casual	unpragmatic_formality	⌈ˢあなたᵖpronʳアナタ⌉⌈ˢはᵖprt:binding_particleʳハ⌉⌈ˢ何ᵖpronʳナン⌉⌈ˢとᵖprt:case_particleʳト⌉⌈ˢ美しいᵖadj:general:adjective:attributiveʳウツクシイ⌉⌈ˢのᵖprt:pre_noun_particleʳノ⌉⌈ˢでしょうᵖauxv:auxv-desu:volitional-presumptiveᵇですᵈですʳデショウ⌉⌈ˢぞᵖprt:sentence_final_particleʳゾ⌉⌈ˢわᵖprt:sentence_final_particleʳワ⌉⌈ˢ。ᵖauxs:period⌉
あなたは昨晩、彼女を家まで車で送りましたたか。	neutral	formal	⌈ˢあなたᵖpronʳアナタ⌉⌈ˢはᵖprt:binding_particleʳハ⌉⌈ˢ昨晩ᵖn:common_nounʳサクバン⌉⌈ˢ、ᵖauxs:comma⌉⌈ˢ彼女ᵖpronʳカノジョ⌉⌈ˢをᵖprt:case_particleʳヲ⌉⌈ˢ家ᵖn:common_nounʳイエ⌉⌈ˢまでᵖprt:adverbial_particleʳマデ⌉⌈ˢ車ᵖn:common_nounʳクルマ⌉⌈ˢでᵖprt:case_particleʳデ⌉⌈ˢ送りᵖv:general:godan-ra:conjunctiveᵇ送るᵈ送るʳオクリ⌉⌈ˢましᵖauxv:auxv-masu:conjunctiveᵇますᵈますʳマシ⌉⌈ˢたᵖauxv:auxv-ta:terminalʳタ⌉⌈ˢたᵖauxv:auxv-ta:terminalʳタ⌉⌈ˢかᵖprt:sentence_final_particleʳカ⌉⌈ˢ。ᵖauxs:period⌉
あなたは私にとっで、掛け替えのない人です。	neutral	formal	⌈ˢあなたᵖpronʳアナタ⌉⌈ˢはᵖprt:binding_particleʳハ⌉⌈ˢ私ᵖpronʳワタクシ⌉⌈ˢにᵖprt:case_particleʳニ⌉⌈ˢとっᵖv:general:godan-ra:conjunctive-geminateᵇとるᵈとるʳトッ⌉⌈ˢでᵖauxv:auxv-da:conjunctiveᵇだᵈだʳデ⌉⌈ˢ、ᵖauxs:comma⌉⌈ˢ掛け替えᵖn:common_nounʳカケガエ⌉⌈ˢのᵖprt:case_particleʳノ⌉⌈ˢないᵖadj:non_self_reliant:adjective:attributiveʳナイ⌉⌈ˢ人ᵖn:common_nounʳヒト⌉⌈ˢですᵖauxv:auxv-desu:terminalʳデス⌉⌈ˢ。ᵖauxs:period⌉
あなた電気を消し忘れてたわよぞわ。	unpragmatic_formality	casual	⌈ˢあなたᵖpronʳアナタ⌉⌈ˢ電気ᵖn:common_nounʳデンキ⌉⌈ˢをᵖprt:case_particleʳヲ⌉⌈ˢ消しᵖv:general:godan-sa:conjunctiveᵇ消すᵈ消すʳケシ⌉⌈ˢ忘れᵖv:non_self_reliant:e-ichidan-ra:conjunctiveᵇ忘れるᵈ忘れるʳワスレ⌉⌈ˢてᵖauxv:e-ichidan-ta:conjunctiveᵇてるᵈてるʳテ⌉⌈ˢたᵖauxv:auxv-ta:terminalʳタ⌉⌈ˢわᵖprt:sentence_final_particleʳワ⌉⌈ˢよᵖprt:sentence_final_particleʳヨ⌉⌈ˢぞᵖprt:sentence_final_particleʳゾ⌉⌈ˢわᵖprt:sentence_final_particleʳワ⌉⌈ˢ。ᵖauxs:period⌉
あの二人はどうも怪しいぜわ。	unpragmatic_formality	casual	⌈ˢあのᵖatʳアノ⌉⌈ˢ二人ᵖn:common_noun:adverb-possibleʳフタリ⌉⌈ˢはᵖprt:binding_particleʳハ⌉⌈ˢどうᵖadvʳドウ⌉⌈ˢもᵖprt:binding_particleʳモ⌉⌈ˢ怪しいᵖadj:general:adjective:terminalʳアヤシイ⌉⌈ˢぜᵖprt:sentence_final_particleʳゼ⌉⌈ˢわᵖprt:sentence_final_particleʳワ⌉⌈ˢ。ᵖauxs:period⌉
あの人たちはちょうど向こうのお店まで行くところですぜわ。	casual	unpragmatic_formality	⌈ˢあのᵖatʳアノ⌉⌈ˢ人ᵖn:common_nounʳヒト⌉⌈ˢたちᵖsuff:noun_likeʳタチ⌉⌈ˢはᵖprt:binding_particleʳハ⌉⌈ˢちょうどᵖadvʳチョウド⌉⌈ˢ向こうᵖn:common_nounʳムコウ⌉⌈ˢのᵖprt:case_particleʳノ⌉⌈ˢお店ᵖn:common_nounʳオミセ⌉⌈ˢまでᵖprt:adverbial_particleʳマデ⌉⌈ˢ行くᵖv:non_self_reliant:godan-ka:attributiveʳイク⌉⌈ˢところᵖn:common_noun:adverb-possibleʳトコロ⌉⌈ˢですᵖauxv:auxv-desu:terminalʳデス⌉⌈ˢぜᵖprt:sentence_final_particleʳゼ⌉⌈ˢわᵖprt:sentence_final_particleʳワ⌉⌈ˢ。ᵖauxs:period⌉
あの元気な男がが病気で倒れるなんて、鬼の霍乱ともっぱらの噂だよ。	neutral	casual	⌈ˢあのᵖatʳアノ⌉⌈ˢ元気ᵖn:common_noun:pos2-unk1ʳゲンキ⌉⌈ˢなᵖauxv:auxv-da:attributiveᵇだᵈだʳナ⌉⌈ˢ男ᵖn:common_nounʳオトコ⌉⌈ˢがᵖprt:case_particleʳガ⌉⌈ˢがᵖprt:case_particleʳガ⌉⌈ˢ病気ᵖn:common_noun:suru-possibleʳビョウキ⌉⌈ˢでᵖprt:case_particleʳデ⌉⌈ˢ倒れるᵖv:general:e-ichidan-ra:attributiveʳタオレル⌉⌈ˢなんてᵖprt:adverbial_particleʳナンテ⌉⌈ˢ、ᵖauxs:comma⌉⌈ˢ鬼の霍乱ᵖn:proper_nounʳオニノカクラン⌉⌈ˢとᵖprt:case_particleʳト⌉⌈ˢもっぱらᵖadvʳモッパラ⌉⌈ˢのᵖprt:case_particleʳノ⌉⌈ˢ噂ᵖn:common_noun:suru-possibleʳウワサ⌉⌈ˢだᵖauxv:auxv-da:terminalʳダ⌉⌈ˢよᵖprt:sentence_final_particleʳヨ⌉⌈ˢ。ᵖauxs:period⌉
あの建物、私の娘ににくれてください。	neutral	formal	⌈ˢあのᵖatʳアノ⌉⌈ˢ建物ᵖn:common_nounʳタテモノ⌉⌈ˢ、ᵖauxs:comma⌉⌈ˢ私ᵖpronʳワタクシ⌉⌈ˢのᵖprt:case_particleʳノ⌉⌈ˢ娘ᵖn:common_nounʳムスメ⌉⌈ˢにᵖprt:case_particleʳニ⌉⌈ˢにᵖprt:case_particleʳニ⌉⌈ˢくれᵖv:non_self_reliant:e-ichidan-ra:conjunctiveᵇくれるᵈくれるʳクレ⌉⌈ˢてᵖprt:conjunctive_particleʳテ⌉⌈ˢくださいᵖv:non_self_reliant:godan-ra:imperativeᵇくださるᵈくださるʳクダサイ⌉⌈ˢ。ᵖauxs:period⌉
あの漫画は彼女にべた惚れな男性キャラがいます。	neutral	formal	⌈ˢあのᵖatʳアノ⌉⌈ˢ漫画ᵖn:common_nounʳマンガ⌉⌈ˢはᵖprt:binding_particleʳハ⌉⌈ˢ彼女ᵖpronʳカノジョ⌉⌈ˢにᵖprt:case_particleʳニ⌉⌈ˢべた惚れᵖn:common_nounʳベタボレ⌉⌈ˢなᵖauxv:auxv-da:attributiveᵇだᵈだʳナ⌉⌈ˢ男性キャラᵖn:proper_nounʳダンセイキャラ⌉⌈ˢがᵖprt:case_particleʳガ⌉⌈ˢいᵖv:non_self_reliant:i-ichidan-a:conjunctiveᵇいるᵈいるʳイ⌉⌈ˢますᵖauxv:auxv-masu:terminalʳマス⌉⌈ˢ。ᵖauxs:period⌉
あの花はいい香りがします。	neutral	formal	⌈ˢあのᵖatʳアノ⌉⌈ˢ花ᵖn:common_nounʳハナ⌉⌈ˢはᵖprt:binding_particleʳハ⌉⌈ˢいいᵖadj:non_self_reliant:adjective:attributiveʳイイ⌉⌈ˢ香りᵖn:common_nounʳカオリ⌉⌈ˢがᵖprt:case_particleʳガ⌉⌈ˢしᵖv:non_self_reliant:sa-irregular:conjunctiveᵇするᵈするʳシ⌉⌈ˢますᵖauxv:auxv-masu:terminalʳマス⌉⌈ˢ。ᵖauxs:period⌉
ある４月の天気の良いな日に、私は散歩に出かけた。	neutral	casual	⌈ˢあるᵖatʳアル⌉⌈ˢ４ᵖn:numeralᵇ4ᵈ4ʳヨン⌉⌈ˢ月ᵖn:common_noun:counter-possibleʳガツ⌉⌈ˢのᵖprt:case_particleʳノ⌉⌈ˢ天気ᵖn:common_nounʳテンキ⌉⌈ˢのᵖprt:case_particleʳノ⌉⌈ˢ良いᵖadj:non_self_reliant:adjective:terminalʳヨイ⌉⌈ˢなᵖprt:sentence_final_particleʳナ⌉⌈ˢ日ᵖn:common_noun:adverb-possibleʳヒ⌉⌈ˢにᵖprt:case_particleʳニ⌉⌈ˢ、ᵖauxs:comma⌉⌈ˢ私ᵖpronʳワタクシ⌉⌈ˢはᵖprt:binding_particleʳハ⌉⌈ˢ散歩ᵖn:common_noun:suru-possibleʳサンポ⌉⌈ˢにᵖprt:case_particleʳニ⌉⌈ˢ出かけᵖv:general:e-ichidan-ka:conjunctiveᵇ出かけるᵈ出かけるʳデカケ⌉⌈ˢたᵖauxv:auxv-ta:terminalʳタ⌉⌈ˢ。ᵖauxs:period⌉
いったいぜんたいその帽子をどこで手で入れたのですか。	neutral	formal	⌈ˢいったいᵖadvʳイッタイ⌉⌈ˢぜんたいᵖn:common_nounʳゼンタイ⌉⌈ˢそのᵖatʳソノ⌉⌈ˢ帽子ᵖn:common_nounʳボウシ⌉⌈ˢをᵖprt:case_particleʳヲ⌉⌈ˢどこᵖpronʳドコ⌉⌈ˢでᵖprt:case_particleʳデ⌉⌈ˢ手ᵖn:common_noun:counter-possibleʳテ⌉⌈ˢでᵖprt:case_particleʳデ⌉⌈ˢ入れᵖv:general:e-ichidan-ra:conjunctiveᵇ入れるᵈ入れるʳイレ⌉⌈ˢたᵖauxv:auxv-ta:attributiveʳタ⌉⌈ˢのᵖprt:pre_noun_particleʳノ⌉⌈ˢですᵖauxv:auxv-desu:terminalʳデス⌉⌈ˢかᵖprt:sentence_final_particleʳカ⌉⌈ˢ。ᵖauxs:period⌉
いったいぜんたいその帽子をどこで手に入れたのですかぜ。	neutral	unpragmatic_formality	⌈ˢいったいᵖadvʳイッタイ⌉⌈ˢぜんたいᵖn:common_nounʳゼンタイ⌉⌈ˢそのᵖatʳソノ⌉⌈ˢ帽子ᵖn:common_nounʳボウシ⌉⌈ˢをᵖprt:case_particleʳヲ⌉⌈ˢどこᵖpronʳドコ⌉⌈ˢでᵖprt:case_particleʳデ⌉⌈ˢ手ᵖn:common_noun:counter-possibleʳテ⌉⌈ˢにᵖprt:case_particleʳニ⌉⌈ˢ入れᵖv:general:e-ichidan-ra:conjunctiveᵇ入れるᵈ入れるʳイレ⌉⌈ˢたᵖauxv:auxv-ta:attributiveʳタ⌉⌈ˢのᵖprt:pre_noun_particleʳノ⌉⌈ˢですᵖauxv:auxv-desu:terminalʳデス⌉⌈ˢかᵖprt:sentence_final_particleʳカ⌉⌈ˢぜᵖprt:sentence_final_particleʳゼ⌉⌈ˢ。ᵖauxs:period⌉
いつででも君の都合のいいときにお会いしますよ。	neutral	formal	⌈ˢいつᵖpronʳイツ⌉⌈ˢでᵖprt:case_particleʳデ⌉⌈ˢでᵖprt:case_particleʳデ⌉⌈ˢもᵖprt:binding_particleʳモ⌉⌈ˢ君ᵖpronʳキミ⌉⌈ˢのᵖprt:case_particleʳノ⌉⌈ˢ都合ᵖn:common_nounʳツゴウ⌉⌈ˢのᵖprt:case_particleʳノ⌉⌈ˢいいᵖadj:non_self_reliant:adjective:attributiveʳイイ⌉⌈ˢときᵖn:common_noun:adverb-possibleʳトキ⌉⌈ˢにᵖprt:case_particleʳニ⌉⌈ˢおᵖprefʳオ⌉⌈ˢ会いᵖv:general:godan-waa:conjunctiveᵇ会うᵈ会うʳアイ⌉⌈ˢしᵖv:non_self_reliant:sa-irregular:conjunctiveᵇするᵈするʳシ⌉⌈ˢますᵖauxv:auxv-masu:terminalʳマス⌉⌈ˢよᵖprt:sentence_final_particleʳヨ⌉⌈ˢ。ᵖauxs:period⌉
いつシドニーに着いたたのだろう。	neutral	casual	⌈ˢいつᵖpronʳイツ⌉⌈ˢシドニーᵖn:proper_noun:place-name⌉⌈ˢにᵖprt:case_particleʳニ⌉⌈ˢ着いᵖv:general:godan-ka:conjunctive-i-soundᵇ着くᵈ着くʳツイ⌉⌈ˢたᵖauxv:auxv-ta:terminalʳタ⌉⌈ˢたᵖauxv:auxv-ta:attributiveʳタ⌉⌈ˢのᵖprt:pre_noun_particleʳノ⌉⌈ˢだろうᵖauxv:auxv-da:volitional-presumptiveᵇだᵈだʳダロウ⌉⌈ˢ。ᵖauxs:period⌉
お宅の犬は大きいですぞね。	casual	unpragmatic_formality	⌈ˢお宅ᵖpronʳオタク⌉⌈ˢのᵖprt:case_particleʳノ⌉⌈ˢ犬ᵖn:common_nounʳイヌ⌉⌈ˢはᵖprt:binding_particleʳハ⌉⌈ˢ大きいᵖadj:general:adjective:terminalʳオオキイ⌉⌈ˢですᵖauxv:auxv-desu:terminalʳデス⌉⌈ˢぞᵖprt:sentence_final_particleʳゾ⌉⌈ˢねᵖprt:sentence_final_particleʳネ⌉⌈ˢ。ᵖauxs:period⌉
お年寄りにはできるだけ親切にしなくてはいけません。	neutral	formal	⌈ˢおᵖprefʳオ⌉⌈ˢ年寄りᵖn:common_nounʳトシヨリ⌉⌈ˢにᵖprt:case_particleʳニ⌉⌈ˢはᵖprt:binding_particleʳハ⌉⌈ˢできるだけᵖadvʳデキルダケ⌉⌈ˢ親切ᵖn:common_noun:pos2-unk1ʳシンセツ⌉⌈ˢにᵖauxv:auxv-da:conjunctive-niᵇだᵈだʳニ⌉⌈ˢしᵖv:non_self_reliant:sa-irregular:imperfectiveᵇするᵈするʳシ⌉⌈ˢなくᵖauxv:auxv-nai:conjunctiveᵇないᵈないʳナク⌉⌈ˢてᵖprt:conjunctive_particleʳテ⌉⌈ˢはᵖprt:binding_particleʳハ⌉⌈ˢいけᵖv:non_self_reliant:e-ichidan-ka:conjunctiveᵇいけるᵈいけるʳイケ⌉⌈ˢませᵖauxv:auxv-masu:imperfectiveᵇますᵈますʳマセ⌉⌈ˢんᵖauxv:auxv-nu:terminal-nasalᵇぬᵈぬʳン⌉⌈ˢ。ᵖauxs:period⌉
お支払いはレジ口でお願いいたします。	neutral	very_formal	⌈ˢおᵖprefʳオ⌉⌈ˢ支払いᵖn:common_nounʳシハライ⌉⌈ˢはᵖprt:binding_particleʳハ⌉⌈ˢレジᵖn:common_noun⌉⌈ˢ口ᵖn:common_nounʳクチ⌉⌈ˢでᵖprt:case_particleʳデ⌉⌈ˢおᵖprefʳオ⌉⌈ˢ願いᵖv:non_self_reliant:godan-waa:conjunctiveᵇ願うᵈ願うʳネガイ⌉⌈ˢいたしᵖv:non_self_reliant:godan-sa:conjunctiveᵇいたすᵈいたすʳイタシ⌉⌈ˢますᵖauxv:auxv-masu:terminalʳマス⌉⌈ˢ。ᵖauxs:period⌉
お母さんは娘を起こしていますぞ。	neutral	unpragmatic_formality	⌈ˢお母さんᵖn:common_nounʳオカアサン⌉⌈ˢはᵖprt:binding_particleʳハ⌉⌈ˢ娘ᵖn:common_nounʳムスメ⌉⌈ˢをᵖprt:case_particleʳヲ⌉⌈ˢ起こしᵖv:general:godan-sa:conjunctiveᵇ起こすᵈ起こすʳオコシ⌉⌈ˢてᵖprt:conjunctive_particleʳテ⌉⌈ˢいᵖv:non_self_reliant:i-ichidan-a:conjunctiveᵇいるᵈいるʳイ⌉⌈ˢますᵖauxv:auxv-masu:terminalʳマス⌉⌈ˢぞᵖprt:sentence_final_particleʳゾ⌉⌈ˢ。ᵖauxs:period⌉
かつて大阪に住んでいたです。	neutral	formal	⌈ˢかつてᵖadvʳカツテ⌉⌈ˢ大阪ᵖn:proper_noun:place-nameʳオオサカ⌉⌈ˢにᵖprt:case_particleʳニ⌉⌈ˢ住んᵖv:general:godan-ma:conjunctive-nasalᵇ住むᵈ住むʳスン⌉⌈ˢでᵖprt:conjunctive_particleʳデ⌉⌈ˢいᵖv:non_self_reliant:i-ichidan-a:conjunctiveᵇいるᵈいるʳイ⌉⌈ˢたᵖauxv:auxv-ta:terminalʳタ⌉⌈ˢですᵖauxv:auxv-desu:terminalʳデス⌉⌈ˢ。ᵖauxs:period⌉
かなり重大な知らせがあるます。	neutral	formal	⌈ˢかなりᵖadvʳカナリ⌉⌈ˢ重大ᵖshp:generalʳジュウダイ⌉⌈ˢなᵖauxv:auxv-da:attributiveᵇだᵈだʳナ⌉⌈ˢ知らせᵖn:common_nounʳシラセ⌉⌈ˢがᵖprt:case_particleʳガ⌉⌈ˢあるᵖv:non_self_reliant:godan-ra:terminalʳアル⌉⌈ˢますᵖauxv:auxv-masu:terminalʳマス⌉⌈ˢ。ᵖauxs:period⌉
きっと彼はあなたをを信じると思いますよ。	neutral	formal	⌈ˢきっとᵖadvʳキット⌉⌈ˢ彼ᵖpronʳカレ⌉⌈ˢはᵖprt:binding_particleʳハ⌉⌈ˢあなたᵖpronʳアナタ⌉⌈ˢをᵖprt:case_particleʳヲ⌉⌈ˢをᵖprt:case_particleʳヲ⌉⌈ˢ信じるᵖv:general:i-ichidan-za:terminalʳシンジル⌉⌈ˢとᵖprt:case_particleʳト⌉⌈ˢ思いᵖv:general:godan-waa:conjunctiveᵇ思うᵈ思うʳオモイ⌉⌈ˢますᵖauxv:auxv-masu:terminalʳマス⌉⌈ˢよᵖprt:sentence_final_particleʳヨ⌉⌈ˢ。ᵖauxs:period⌉
きみ！こっちに来なさい。	neutral	formal	⌈ˢきみᵖpronʳキミ⌉⌈ˢ！ᵖauxs:periodᵇ!ᵈ!ʳ!⌉⌈ˢこっちᵖpronʳコッチ⌉⌈ˢにᵖprt:case_particleʳニ⌉⌈ˢ来ᵖv:non_self_reliant:ka-irregular:conjunctiveᵇ来るᵈ来るʳキ⌉⌈ˢなさいᵖv:non_self_reliant:godan-ra:imperativeᵇなさるᵈなさるʳナサイ⌉⌈ˢ。ᵖauxs:period⌉
こう申し上げるのは心苦しいのですぜが、2月27日のお約束には行かれそうにありません。	casual	unpragmatic_formality	⌈ˢこうᵖadvʳコウ⌉⌈ˢ申し上げるᵖv:general:e-ichidan-ga:attributiveʳモウシアゲル⌉⌈ˢのᵖprt:pre_noun_particleʳノ⌉⌈ˢはᵖprt:binding_particleʳハ⌉⌈ˢ心苦しいᵖadj:general:adjective:attributiveʳココログルシイ⌉⌈ˢのᵖprt:pre_noun_particleʳノ⌉⌈ˢですᵖauxv:auxv-desu:terminalʳデス⌉⌈ˢぜᵖprt:sentence_final_particleʳゼ⌉⌈ˢがᵖprt:case_particleʳガ⌉⌈ˢ、ᵖauxs:comma⌉⌈ˢ2ᵖn:numeralʳニ⌉⌈ˢ月ᵖn:common_noun:counter-possibleʳガツ⌉⌈ˢ27ᵖn:numeralʳニナナ⌉⌈ˢ日ᵖsuff:noun_like:counterʳカ⌉⌈ˢのᵖprt:case_particleʳノ⌉⌈ˢおᵖprefʳオ⌉⌈ˢ約束ᵖn:common_noun:suru-possibleʳヤクソク⌉⌈ˢにᵖprt:case_particleʳニ⌉⌈ˢはᵖprt:binding_particleʳハ⌉⌈ˢ行かᵖv:non_self_reliant:godan-ka:imperfectiveᵇ行くᵈ行くʳイカ⌉⌈ˢれᵖauxv:auxv-reru:conjunctiveᵇれるᵈれるʳレ⌉⌈ˢそうᵖshp:auxiliary_verb_stemʳソウ⌉⌈ˢにᵖauxv:auxv-da:conjunctive-niᵇだᵈだʳニ⌉⌈ˢありᵖv:non_self_reliant:godan-ra:conjunctiveᵇあるᵈあるʳアリ⌉⌈ˢませᵖauxv:auxv-masu:imperfectiveᵇますᵈますʳマセ⌉⌈ˢんᵖauxv:auxv-nu:terminal-nasalᵇぬᵈぬʳン⌉⌈ˢ。ᵖauxs:period⌉
ここがが彼女の教えている学校です。	neutral	formal	⌈ˢここᵖpronʳココ⌉⌈ˢがᵖprt:case_particleʳガ⌉⌈ˢがᵖprt:case_particleʳガ⌉⌈ˢ彼女ᵖpronʳカノジョ⌉⌈ˢのᵖprt:case_particleʳノ⌉⌈ˢ教えᵖv:general:e-ichidan-a:conjunctiveᵇ教えるᵈ教えるʳオシエ⌉⌈ˢてᵖprt:conjunctive_particleʳテ⌉⌈ˢいるᵖv:non_self_reliant:i-ichidan-a:attributiveʳイル⌉⌈ˢ学校ᵖn:common_nounʳガッコウ⌉⌈ˢですᵖauxv:auxv-desu:terminalʳデス⌉⌈ˢ。ᵖauxs:period⌉
ここに車を停めるのは違法ですぞ。	neutral	unpragmatic_formality	⌈ˢここᵖpronʳココ⌉⌈ˢにᵖprt:case_particleʳニ⌉⌈ˢ車ᵖn:common_nounʳクルマ⌉⌈ˢをᵖprt:case_particleʳヲ⌉⌈ˢ停めるᵖv:general:e-ichidan-ma:attributiveʳトメル⌉⌈ˢのᵖprt:pre_noun_particleʳノ⌉⌈ˢはᵖprt:binding_particleʳハ⌉⌈ˢ違法ᵖn:common_noun:pos2-unk1ʳイホウ⌉⌈ˢですᵖauxv:auxv-desu:terminalʳデス⌉⌈ˢぞᵖprt:sentence_final_particleʳゾ⌉⌈ˢ。ᵖauxs:period⌉
ここの気温は東京よりも高いだ。	neutral	casual	⌈ˢここᵖpronʳココ⌉⌈ˢのᵖprt:case_particleʳノ⌉⌈ˢ気温ᵖn:common_nounʳキオン⌉⌈ˢはᵖprt:binding_particleʳハ⌉⌈ˢ東京ᵖn:proper_noun:place-nameʳトウキョウ⌉⌈ˢよりᵖprt:case_particleʳヨリ⌉⌈ˢもᵖprt:binding_particleʳモ⌉⌈ˢ高いᵖadj:general:adjective:terminalʳタカイ⌉⌈ˢだᵖauxv:auxv-da:terminalʳダ⌉⌈ˢ。ᵖauxs:period⌉
ここは空いていますか？	neutral	formal	⌈ˢここᵖpronʳココ⌉⌈ˢはᵖprt:binding_particleʳハ⌉⌈ˢ空いᵖv:general:godan-ka:conjunctive-i-soundᵇ空くᵈ空くʳアイ⌉⌈ˢてᵖprt:conjunctive_particleʳテ⌉⌈ˢいᵖv:non_self_reliant:i-ichidan-a:conjunctiveᵇいるᵈいるʳイ⌉⌈ˢますᵖauxv:auxv-masu:terminalʳマス⌉⌈ˢかᵖprt:sentence_final_particleʳカ⌉⌈ˢ？ᵖauxs:periodᵇ?ᵈ?ʳ?⌉
こっちにきてから、ずっと近所でビバークしてたたの？大変だったね。	neutral	casual	⌈ˢこっちᵖpronʳコッチ⌉⌈ˢにᵖprt:case_particleʳニ⌉⌈ˢきᵖv:non_self_reliant:ka-irregular:conjunctiveᵇくるᵈくるʳキ⌉⌈ˢてᵖprt:conjunctive_particleʳテ⌉⌈ˢからᵖprt:case_particleʳカラ⌉⌈ˢ、ᵖauxs:comma⌉⌈ˢずっとᵖadvʳズット⌉⌈ˢ近所ᵖn:common_nounʳキンジョ⌉⌈ˢでᵖprt:case_particleʳデ⌉⌈ˢビバークᵖn:common_noun:suru-possible⌉⌈ˢしᵖv:non_self_reliant:sa-irregular:conjunctiveᵇするᵈするʳシ⌉⌈ˢてᵖauxv:e-ichidan-ta:conjunctiveᵇてるᵈてるʳテ⌉⌈ˢたᵖauxv:auxv-ta:terminalʳタ⌉⌈ˢたᵖauxv:auxv-ta:attributiveʳタ⌉⌈ˢのᵖprt:sentence_final_particleʳノ⌉⌈ˢ？ᵖauxs:periodᵇ?ᵈ?ʳ?⌉⌈ˢ大変ᵖshp:generalʳタイヘン⌉⌈ˢだっᵖauxv:auxv-da:conjunctive-geminateᵇだᵈだʳダッ⌉⌈ˢたᵖauxv:auxv-ta:terminalʳタ⌉⌈ˢねᵖprt:sentence_final_particleʳネ⌉⌈ˢ。ᵖauxs:period⌉
このタンカーはクウェート行きです。	neutral	formal	⌈ˢこのᵖatʳコノ⌉⌈ˢタンカーᵖn:common_noun⌉⌈ˢはᵖprt:binding_particleʳハ⌉⌈ˢクウェートᵖn:proper_noun:place-name⌉⌈ˢ行きᵖsuff:noun_likeʳイキ⌉⌈ˢですᵖauxv:auxv-desu:terminalʳデス⌉⌈ˢ。ᵖauxs:period⌉
このバイクって、トムのぜわ？	unpragmatic_formality	casual	⌈ˢこのᵖatʳコノ⌉⌈ˢバイクᵖn:common_noun⌉⌈ˢってᵖprt:adverbial_particleʳッテ⌉⌈ˢ、ᵖauxs:comma⌉⌈ˢトムᵖn:proper_noun:person-name⌉⌈ˢのᵖprt:case_particleʳノ⌉⌈ˢぜᵖprt:sentence_final_particleʳゼ⌉⌈ˢわᵖprt:sentence_final_particleʳワ⌉⌈ˢ？ᵖauxs:periodᵇ?ᵈ?ʳ?⌉
このプロジェクトは大変だったら大変で、それだけ得られる経験も大きいです。	neutral	formal	⌈ˢこのᵖatʳコノ⌉⌈ˢプロジェクトᵖn:common_noun⌉⌈ˢはᵖprt:binding_particleʳハ⌉⌈ˢ大変ᵖshp:generalʳタイヘン⌉⌈ˢだっᵖauxv:auxv-da:conjunctive-geminateᵇだᵈだʳダッ⌉⌈ˢたらᵖauxv:auxv-ta:conditionalᵇたᵈたʳタラ⌉⌈ˢ大変ᵖshp:generalʳタイヘン⌉⌈ˢでᵖauxv:auxv-da:conjunctiveᵇだᵈだʳデ⌉⌈ˢ、ᵖauxs:comma⌉⌈ˢそれᵖpronʳソレ⌉⌈ˢだけᵖprt:adverbial_particleʳダケ⌉⌈ˢ得ᵖv:non_self_reliant:e-ichidan-a:imperfectiveᵇ得るᵈ得るʳエ⌉⌈ˢられるᵖauxv:auxv-reru:attributiveʳラレル⌉⌈ˢ経験ᵖn:common_noun:suru-possibleʳケイケン⌉⌈ˢもᵖprt:binding_particleʳモ⌉⌈ˢ大きいᵖadj:general:adjective:terminalʳオオキイ⌉⌈ˢですᵖauxv:auxv-desu:terminalʳデス⌉⌈ˢ。ᵖauxs:period⌉
このレポートを課長にあげます。	neutral	formal	⌈ˢこのᵖatʳコノ⌉⌈ˢレポートᵖn:common_noun:suru-possible⌉⌈ˢをᵖprt:case_particleʳヲ⌉⌈ˢ課長ᵖn:common_nounʳカチョウ⌉⌈ˢにᵖprt:case_particleʳニ⌉⌈ˢあげᵖv:non_self_reliant:e-ichidan-ga:conjunctiveᵇあげるᵈあげるʳアゲ⌉⌈ˢますᵖauxv:auxv-masu:terminalʳマス⌉⌈ˢ。ᵖauxs:period⌉
この仕事をを片付けたらね。	neutral	casual	⌈ˢこのᵖatʳコノ⌉⌈ˢ仕事ᵖn:common_noun:suru-possibleʳシゴト⌉⌈ˢをᵖprt:case_particleʳヲ⌉⌈ˢをᵖprt:case_particleʳヲ⌉⌈ˢ片付けᵖv:general:e-ichidan-ka:conjunctiveᵇ片付けるᵈ片付けるʳカタヅケ⌉⌈ˢたらᵖauxv:auxv-ta:conditionalᵇたᵈたʳタラ⌉⌈ˢねᵖprt:sentence_final_particleʳネ⌉⌈ˢ。ᵖauxs:period⌉
この切符で二人入れるです。	neutral	formal	⌈ˢこのᵖatʳコノ⌉⌈ˢ切符ᵖn:common_nounʳキップ⌉⌈ˢでᵖprt:case_particleʳデ⌉⌈ˢ二人ᵖn:common_noun:adverb-possibleʳフタリ⌉⌈ˢ入れるᵖv:general:e-ichidan-ra:terminalʳイレル⌉⌈ˢですᵖauxv:auxv-desu:terminalʳデス⌉⌈ˢ。ᵖauxs:period⌉
この列の私の場所を取っておいてください。	neutral	formal	⌈ˢこのᵖatʳコノ⌉⌈ˢ列ᵖn:common_nounʳレツ⌉⌈ˢのᵖprt:case_particleʳノ⌉⌈ˢ私ᵖpronʳワタクシ⌉⌈ˢのᵖprt:case_particleʳノ⌉⌈ˢ場所ᵖn:common_nounʳバショ⌉⌈ˢをᵖprt:case_particleʳヲ⌉⌈ˢ取っᵖv:general:godan-ra:conjunctive-geminateᵇ取るᵈ取るʳトッ⌉⌈ˢてᵖprt:conjunctive_particleʳテ⌉⌈ˢおいᵖv:non_self_reliant:godan-ka:conjunctive-i-soundᵇおくᵈおくʳオイ⌉⌈ˢてᵖprt:conjunctive_particleʳテ⌉⌈ˢくださいᵖv:non_self_reliant:godan-ra:imperativeᵇくださるᵈくださるʳクダサイ⌉⌈ˢ。ᵖauxs:period⌉
この古い建物は昔、きれいだったです。	neutral	formal	⌈ˢこのᵖatʳコノ⌉⌈ˢ古いᵖadj:general:adjective:attributiveʳフルイ⌉⌈ˢ建物ᵖn:common_nounʳタテモノ⌉⌈ˢはᵖprt:binding_particleʳハ⌉⌈ˢ昔ᵖn:common_noun:adverb-possibleʳムカシ⌉⌈ˢ、ᵖauxs:comma⌉⌈ˢきれいᵖshp:generalʳキレイ⌉⌈ˢだっᵖauxv:auxv-da:conjunctive-geminateᵇだᵈだʳダッ⌉⌈ˢたᵖauxv:auxv-ta:terminalʳタ⌉⌈ˢですᵖauxv:auxv-desu:terminalʳデス⌉⌈ˢ。ᵖauxs:period⌉
この問題は彼が自分で作ったものだ。	neutral	casual	⌈ˢこのᵖatʳコノ⌉⌈ˢ問題ᵖn:common_nounʳモンダイ⌉⌈ˢはᵖprt:binding_particleʳハ⌉⌈ˢ彼ᵖpronʳカレ⌉⌈ˢがᵖprt:case_particleʳガ⌉⌈ˢ自分ᵖn:common_nounʳジブン⌉⌈ˢでᵖprt:case_particleʳデ⌉⌈ˢ作っᵖv:general:godan-ra:conjunctive-geminateᵇ作るᵈ作るʳツクッ⌉⌈ˢたᵖauxv:auxv-ta:attributiveʳタ⌉⌈ˢものᵖn:common_noun:suru-possibleʳモノ⌉⌈ˢだᵖauxv:auxv-da:terminalʳダ⌉⌈ˢ。ᵖauxs:period⌉
この壊れものを安全な場所に置いてもらえませんかぞ。	neutral	unpragmatic_formality	⌈ˢこのᵖatʳコノ⌉⌈ˢ壊れものᵖn:common_nounʳコワレモノ⌉⌈ˢをᵖprt:case_particleʳヲ⌉⌈ˢ安全ᵖn:common_noun:pos2-unk1ʳアンゼン⌉⌈ˢなᵖauxv:auxv-da:attributiveᵇだᵈだʳナ⌉⌈ˢ場所ᵖn:common_nounʳバショ⌉⌈ˢにᵖprt:case_particleʳニ⌉⌈ˢ置いᵖv:non_self_reliant:godan-ka:conjunctive-i-soundᵇ置くᵈ置くʳオイ⌉⌈ˢてᵖprt:conjunctive_particleʳテ⌉⌈ˢもらえᵖv:non_self_reliant:e-ichidan-a:conjunctiveᵇもらえるᵈもらえるʳモラエ⌉⌈ˢませᵖauxv:auxv-masu:imperfectiveᵇますᵈますʳマセ⌉⌈ˢんᵖauxv:auxv-nu:terminal-nasalᵇぬᵈぬʳン⌉⌈ˢかᵖprt:sentence_final_particleʳカ⌉⌈ˢぞᵖprt:sentence_final_particleʳゾ⌉⌈ˢ。ᵖauxs:period⌉
この大学に本を読まない学生はいないだろう。	neutral	casual	⌈ˢこのᵖatʳコノ⌉⌈ˢ大学ᵖn:common_nounʳダイガク⌉⌈ˢにᵖprt:case_particleʳニ⌉⌈ˢ本ᵖn:common_nounʳホン⌉⌈ˢをᵖprt:case_particleʳヲ⌉⌈ˢ読まᵖv:general:godan-ma:imperfectiveᵇ読むᵈ読むʳヨマ⌉⌈ˢないᵖauxv:auxv-nai:attributiveʳナイ⌉⌈ˢ学生ᵖn:common_nounʳガクセイ⌉⌈ˢはᵖprt:binding_particleʳハ⌉⌈ˢいᵖv:non_self_reliant:i-ichidan-a:imperfectiveᵇいるᵈいるʳイ⌉⌈ˢないᵖauxv:auxv-nai:terminalʳナイ⌉⌈ˢだろうᵖauxv:auxv-da:volitional-presumptiveᵇだᵈだʳダロウ⌉⌈ˢ。ᵖauxs:period⌉
この小説は読む価値があるます。	neutral	formal	⌈ˢこのᵖatʳコノ⌉⌈ˢ小説ᵖn:common_nounʳショウセツ⌉⌈ˢはᵖprt:binding_particleʳハ⌉⌈ˢ読むᵖv:general:godan-ma:attributiveʳヨム⌉⌈ˢ価値ᵖn:common_nounʳカチ⌉⌈ˢがᵖprt:case_particleʳガ⌉⌈ˢあるᵖv:non_self_reliant:godan-ra:terminalʳアル⌉⌈ˢますᵖauxv:auxv-masu:terminalʳマス⌉⌈ˢ。ᵖauxs:period⌉
この新製品は価格表から２０％引きでで提供する用意がございます。	neutral	formal	⌈ˢこのᵖatʳコノ⌉⌈ˢ新製品ᵖn:common_nounʳシンセイヒン⌉⌈ˢはᵖprt:binding_particleʳハ⌉⌈ˢ価格ᵖn:common_nounʳカカク⌉⌈ˢ表ᵖn:common_nounʳヒョウ⌉⌈ˢからᵖprt:case_particleʳカラ⌉⌈ˢ２０ᵖn:numeralᵇ20ᵈ20ʳニレイ⌉⌈ˢ％ᵖn:common_noun:counter-possibleᵇ%ᵈ%ʳパーセント⌉⌈ˢ引きᵖn:common_nounʳヒキ⌉⌈ˢでᵖauxv:auxv-da:conjunctiveᵇだᵈだʳデ⌉⌈ˢでᵖconjʳデ⌉⌈ˢ提供ᵖn:common_noun:suru-possibleʳテイキョウ⌉⌈ˢするᵖv:non_self_reliant:sa-irregular:attributiveʳスル⌉⌈ˢ用意ᵖn:common_noun:suru-possibleʳヨウイ⌉⌈ˢがᵖprt:case_particleʳガ⌉⌈ˢございᵖv:non_self_reliant:godan-ra:conjunctive-i-soundᵇござるᵈござるʳゴザイ⌉⌈ˢますᵖauxv:auxv-masu:terminalʳマス⌉⌈ˢ。ᵖauxs:period⌉
この時計は一日１分進むです。	neutral	formal	⌈ˢこのᵖatʳコノ⌉⌈ˢ時計ᵖn:common_nounʳトケイ⌉⌈ˢはᵖprt:binding_particleʳハ⌉⌈ˢ一ᵖn:numeralʳイチ⌉⌈ˢ日ᵖn:common_noun:counter-possibleʳニチ⌉⌈ˢ１ᵖn:numeralᵇ1ᵈ1ʳイチ⌉⌈ˢ分ᵖn:common_noun:counter-possibleʳフン⌉⌈ˢ進むᵖv:general:godan-ma:terminalʳススム⌉⌈ˢですᵖauxv:auxv-desu:terminalʳデス⌉⌈ˢ。ᵖauxs:period⌉
この木のてっぺんは垣と同じ高さだ。	neutral	casual	⌈ˢこのᵖatʳコノ⌉⌈ˢ木ᵖn:common_nounʳキ⌉⌈ˢのᵖprt:case_particleʳノ⌉⌈ˢてっぺんᵖn:common_nounʳテッペン⌉⌈ˢはᵖprt:binding_particleʳハ⌉⌈ˢ垣ᵖn:common_nounʳカキ⌉⌈ˢとᵖprt:case_particleʳト⌉⌈ˢ同じᵖatʳオナジ⌉⌈ˢ高さᵖn:common_nounʳタカサ⌉⌈ˢだᵖauxv:auxv-da:terminalʳダ⌉⌈ˢ。ᵖauxs:period⌉
この本は千円です。	neutral	formal	⌈ˢこのᵖatʳコノ⌉⌈ˢ本ᵖn:common_nounʳホン⌉⌈ˢはᵖprt:binding_particleʳハ⌉⌈ˢ千ᵖn:numeralʳセン⌉⌈ˢ円ᵖn:common_noun:counter-possibleʳエン⌉⌈ˢですᵖauxv:auxv-desu:terminalʳデス⌉⌈ˢ。ᵖauxs:period⌉
この本は面白いものですから、読んでみてください。	neutral	formal	⌈ˢこのᵖatʳコノ⌉⌈ˢ本ᵖn:common_nounʳホン⌉⌈ˢはᵖprt:binding_particleʳハ⌉⌈ˢ面白いᵖadj:general:adjective:attributiveʳオモシロイ⌉⌈ˢものᵖn:common_noun:suru-possibleʳモノ⌉⌈ˢですᵖauxv:auxv-desu:terminalʳデス⌉⌈ˢからᵖprt:conjunctive_particleʳカラ⌉⌈ˢ、ᵖauxs:comma⌉⌈ˢ読んᵖv:general:godan-ma:conjunctive-nasalᵇ読むᵈ読むʳヨン⌉⌈ˢでᵖprt:conjunctive_particleʳデ⌉⌈ˢみᵖv:non_self_reliant:i-ichidan-ma:conjunctiveᵇみるᵈみるʳミ⌉⌈ˢてᵖprt:conjunctive_particleʳテ⌉⌈ˢくださいᵖv:non_self_reliant:godan-ra:imperativeᵇくださるᵈくださるʳクダサイ⌉⌈ˢ。ᵖauxs:period⌉
この本をを誰が書いたか知っていますか。	neutral	formal	⌈ˢこのᵖatʳコノ⌉⌈ˢ本ᵖn:common_nounʳホン⌉⌈ˢをᵖprt:case_particleʳヲ⌉⌈ˢをᵖprt:case_particleʳヲ⌉⌈ˢ誰ᵖpronʳダレ⌉⌈ˢがᵖprt:case_particleʳガ⌉⌈ˢ書いᵖv:general:godan-ka:conjunctive-i-soundᵇ書くᵈ書くʳカイ⌉⌈ˢたᵖauxv:auxv-ta:terminalʳタ⌉⌈ˢかᵖprt:adverbial_particleʳカ⌉⌈ˢ知っᵖv:general:godan-ra:conjunctive-geminateᵇ知るᵈ知るʳシッ⌉⌈ˢてᵖprt:conjunctive_particleʳテ⌉⌈ˢいᵖv:non_self_reliant:i-ichidan-a:conjunctiveᵇいるᵈいるʳイ⌉⌈ˢますᵖauxv:auxv-masu:terminalʳマス⌉⌈ˢかᵖprt:sentence_final_particleʳカ⌉⌈ˢ。ᵖauxs:period⌉
この椅子は木製だです。	neutral	formal	⌈ˢこのᵖatʳコノ⌉⌈ˢ椅子ᵖn:common_nounʳイス⌉⌈ˢはᵖprt:binding_particleʳハ⌉⌈ˢ木製ᵖn:common_nounʳモクセイ⌉⌈ˢだᵖauxv:auxv-da:terminalʳダ⌉⌈ˢですᵖauxv:auxv-desu:terminalʳデス⌉⌈ˢ。ᵖauxs:period⌉
この町の人々の中で彼はもっとも速く走れます。	neutral	formal	⌈ˢこのᵖatʳコノ⌉⌈ˢ町ᵖn:common_nounʳマチ⌉⌈ˢのᵖprt:case_particleʳノ⌉⌈ˢ人々ᵖn:common_nounʳヒトビト⌉⌈ˢのᵖprt:case_particleʳノ⌉⌈ˢ中ᵖn:common_noun:adverb-possibleʳナカ⌉⌈ˢでᵖprt:case_particleʳデ⌉⌈ˢ彼ᵖpronʳカレ⌉⌈ˢはᵖprt:binding_particleʳハ⌉⌈ˢもっともᵖadvʳモットモ⌉⌈ˢ速くᵖadj:general:adjective:conjunctiveᵇ速いᵈ速いʳハヤク⌉⌈ˢ走れᵖv:general:e-ichidan-ra:conjunctiveᵇ走れるᵈ走れるʳハシレ⌉⌈ˢますᵖauxv:auxv-masu:terminalʳマス⌉⌈ˢ。ᵖauxs:period⌉
この空港はバスで楽で行けます。	neutral	formal	⌈ˢこのᵖatʳコノ⌉⌈ˢ空港ᵖn:common_nounʳクウコウ⌉⌈ˢはᵖprt:binding_particleʳハ⌉⌈ˢバスᵖn:common_noun⌉⌈ˢでᵖprt:case_particleʳデ⌉⌈ˢ楽ᵖn:common_noun:pos2-unk1ʳラク⌉⌈ˢでᵖprt:case_particleʳデ⌉⌈ˢ行けᵖv:non_self_reliant:e-ichidan-ka:conjunctiveᵇ行けるᵈ行けるʳイケ⌉⌈ˢますᵖauxv:auxv-masu:terminalʳマス⌉⌈ˢ。ᵖauxs:period⌉
この薬を飲めばあなたの皮膚病は治るでしょうぜわ。	casual	unpragmatic_formality	⌈ˢこのᵖatʳコノ⌉⌈ˢ薬ᵖn:common_nounʳクスリ⌉⌈ˢをᵖprt:case_particleʳヲ⌉⌈ˢ飲めᵖv:general:godan-ma:conditionalᵇ飲むᵈ飲むʳノメ⌉⌈ˢばᵖprt:conjunctive_particleʳバ⌉⌈ˢあなたᵖpronʳアナタ⌉⌈ˢのᵖprt:case_particleʳノ⌉⌈ˢ皮膚病ᵖn:common_nounʳヒフビョウ⌉⌈ˢはᵖprt:binding_particleʳハ⌉⌈ˢ治るᵖv:general:godan-ra:terminalʳナオル⌉⌈ˢでしょうᵖauxv:auxv-desu:volitional-presumptiveᵇですᵈですʳデショウ⌉⌈ˢぜᵖprt:sentence_final_particleʳゼ⌉⌈ˢわᵖprt:sentence_final_particleʳワ⌉⌈ˢ。ᵖauxs:period⌉
この論文では交渉における仲介者の立場に関する困難点は何かという問題をとりあげるだ。	neutral	casual	⌈ˢこのᵖatʳコノ⌉⌈ˢ論文ᵖn:common_nounʳロンブン⌉⌈ˢでᵖprt:case_particleʳデ⌉⌈ˢはᵖprt:binding_particleʳハ⌉⌈ˢ交渉ᵖn:common_noun:suru-possibleʳコウショウ⌉⌈ˢにᵖprt:case_particleʳニ⌉⌈ˢおけᵖv:general:yodan-ka:imperativeᵇおくᵈおくʳオケ⌉⌈ˢるᵖauxv:auxv-ri:attributiveᵇりᵈりʳル⌉⌈ˢ仲介者ᵖn:common_nounʳチュウカイシャ⌉⌈ˢのᵖprt:case_particleʳノ⌉⌈ˢ立場ᵖn:common_nounʳタチバ⌉⌈ˢにᵖprt:case_particleʳニ⌉⌈ˢ関するᵖv:general:sa-irregular:attributiveʳカンスル⌉⌈ˢ困難ᵖn:common_noun:pos2-unk1ʳコンナン⌉⌈ˢ点ᵖn:common_noun:counter-possibleʳテン⌉⌈ˢはᵖprt:binding_particleʳハ⌉⌈ˢ何ᵖpronʳナン⌉⌈ˢかᵖprt:sentence_final_particleʳカ⌉⌈ˢとᵖprt:case_particleʳト⌉⌈ˢいうᵖv:general:godan-waa:attributiveʳイウ⌉⌈ˢ問題ᵖn:common_nounʳモンダイ⌉⌈ˢをᵖprt:case_particleʳヲ⌉⌈ˢとりあげるᵖv:general:e-ichidan-ga:terminalʳトリアゲル⌉⌈ˢだᵖauxv:auxv-da:terminalʳダ⌉⌈ˢ。ᵖauxs:period⌉
この赤ちゃんは男ですか女ですのだか。	casual	formal	⌈ˢこのᵖatʳコノ⌉⌈ˢ赤ちゃんᵖn:common_nounʳアカチャン⌉⌈ˢはᵖprt:binding_particleʳハ⌉⌈ˢ男ᵖn:common_nounʳオトコ⌉⌈ˢですᵖauxv:auxv-desu:terminalʳデス⌉⌈ˢかᵖprt:sentence_final_particleʳカ⌉⌈ˢ女ᵖn:common_nounʳオンナ⌉⌈ˢですᵖauxv:auxv-desu:attributiveʳデス⌉⌈ˢのᵖprt:pre_noun_particleʳノ⌉⌈ˢだᵖauxv:auxv-da:terminalʳダ⌉⌈ˢかᵖprt:sentence_final_particleʳカ⌉⌈ˢ。ᵖauxs:period⌉
この道具はこう使うと効果的だよ。	neutral	casual	⌈ˢこのᵖatʳコノ⌉⌈ˢ道具ᵖn:common_nounʳドウグ⌉⌈ˢはᵖprt:binding_particleʳハ⌉⌈ˢこうᵖadvʳコウ⌉⌈ˢ使うᵖv:general:godan-waa:terminalʳツカウ⌉⌈ˢとᵖprt:conjunctive_particleʳト⌉⌈ˢ効果的ᵖn:common_noun:pos2-unk1ʳコウカテキ⌉⌈ˢだᵖauxv:auxv-da:terminalʳダ⌉⌈ˢよᵖprt:sentence_final_particleʳヨ⌉⌈ˢ。ᵖauxs:period⌉
この部屋はとても暑いので汗をかいていますぞ。	casual	unpragmatic_formality	⌈ˢこのᵖatʳコノ⌉⌈ˢ部屋ᵖn:common_nounʳヘヤ⌉⌈ˢはᵖprt:binding_particleʳハ⌉⌈ˢとてもᵖadvʳトテモ⌉⌈ˢ暑いᵖadj:general:adjective:attributiveʳアツイ⌉⌈ˢのᵖprt:pre_noun_particleʳノ⌉⌈ˢでᵖauxv:auxv-da:conjunctiveᵇだᵈだʳデ⌉⌈ˢ汗ᵖn:common_nounʳアセ⌉⌈ˢをᵖprt:case_particleʳヲ⌉⌈ˢかいᵖv:general:godan-ka:conjunctive-i-soundᵇかくᵈかくʳカイ⌉⌈ˢてᵖprt:conjunctive_particleʳテ⌉⌈ˢいᵖv:non_self_reliant:i-ichidan-a:conjunctiveᵇいるᵈいるʳイ⌉⌈ˢますᵖauxv:auxv-masu:terminalʳマス⌉⌈ˢぞᵖprt:sentence_final_particleʳゾ⌉⌈ˢ。ᵖauxs:period⌉
これが私の父が生まれ育った家です。	neutral	formal	⌈ˢこれᵖpronʳコレ⌉⌈ˢがᵖprt:case_particleʳガ⌉⌈ˢ私ᵖpronʳワタクシ⌉⌈ˢのᵖprt:case_particleʳノ⌉⌈ˢ父ᵖn:common_nounʳチチ⌉⌈ˢがᵖprt:case_particleʳガ⌉⌈ˢ生まれ育っᵖv:general:godan-ta:conjunctive-geminateᵇ生まれ育つᵈ生まれ育つʳウマレソダッ⌉⌈ˢたᵖauxv:auxv-ta:attributiveʳタ⌉⌈ˢ家ᵖn:common_nounʳイエ⌉⌈ˢですᵖauxv:auxv-desu:terminalʳデス⌉⌈ˢ。ᵖauxs:period⌉
これはあなたの自転車ですぞか。	neutral	unpragmatic_formality	⌈ˢこれᵖpronʳコレ⌉⌈ˢはᵖprt:binding_particleʳハ⌉⌈ˢあなたᵖpronʳアナタ⌉⌈ˢのᵖprt:case_particleʳノ⌉⌈ˢ自転車ᵖn:common_nounʳジテンシャ⌉⌈ˢですᵖauxv:auxv-desu:terminalʳデス⌉⌈ˢぞᵖprt:sentence_final_particleʳゾ⌉⌈ˢかᵖprt:sentence_final_particleʳカ⌉⌈ˢ。ᵖauxs:period⌉
これはケンジのイスですのだ。	neutral	formal	⌈ˢこれᵖpronʳコレ⌉⌈ˢはᵖprt:binding_particleʳハ⌉⌈ˢケンジᵖn:proper_noun:person-name⌉⌈ˢのᵖprt:case_particleʳノ⌉⌈ˢイスᵖn:common_noun⌉⌈ˢですᵖauxv:auxv-desu:attributiveʳデス⌉⌈ˢのᵖprt:pre_noun_particleʳノ⌉⌈ˢだᵖauxv:auxv-da:terminalʳダ⌉⌈ˢ。ᵖauxs:period⌉
これは今までに私が読んだ中で一番良い本だです。	neutral	formal	⌈ˢこれᵖpronʳコレ⌉⌈ˢはᵖprt:binding_particleʳハ⌉⌈ˢ今までᵖn:common_noun:adverb-possibleʳイママデ⌉⌈ˢにᵖprt:case_particleʳニ⌉⌈ˢ私ᵖpronʳワタクシ⌉⌈ˢがᵖprt:case_particleʳガ⌉⌈ˢ読んᵖv:general:godan-ma:conjunctive-nasalᵇ読むᵈ読むʳヨン⌉⌈ˢだᵖauxv:auxv-ta:attributiveʳダ⌉⌈ˢ中ᵖn:common_noun:adverb-possibleʳナカ⌉⌈ˢでᵖprt:case_particleʳデ⌉⌈ˢ一番ᵖadvʳイチバン⌉⌈ˢ良いᵖadj:non_self_reliant:adjective:attributiveʳヨイ⌉⌈ˢ本ᵖn:common_nounʳホン⌉⌈ˢだᵖauxv:auxv-da:terminalʳダ⌉⌈ˢですᵖauxv:auxv-desu:terminalʳデス⌉⌈ˢ。ᵖauxs:period⌉
これは問題よりむしろ機会だ。	neutral	casual	⌈ˢこれᵖpronʳコレ⌉⌈ˢはᵖprt:binding_particleʳハ⌉⌈ˢ問題ᵖn:common_nounʳモンダイ⌉⌈ˢよりᵖprt:case_particleʳヨリ⌉⌈ˢむしろᵖadvʳムシロ⌉⌈ˢ機会ᵖn:common_nounʳキカイ⌉⌈ˢだᵖauxv:auxv-da:terminalʳダ⌉⌈ˢ。ᵖauxs:period⌉
これは私が工夫した計画ですぞ。	neutral	unpragmatic_formality	⌈ˢこれᵖpronʳコレ⌉⌈ˢはᵖprt:binding_particleʳハ⌉⌈ˢ私ᵖpronʳワタクシ⌉⌈ˢがᵖprt:case_particleʳガ⌉⌈ˢ工夫ᵖn:common_noun:suru-possibleʳクフウ⌉⌈ˢしᵖv:non_self_reliant:sa-irregular:conjunctiveᵇするᵈするʳシ⌉⌈ˢたᵖauxv:auxv-ta:attributiveʳタ⌉⌈ˢ計画ᵖn:common_noun:suru-possibleʳケイカク⌉⌈ˢですᵖauxv:auxv-desu:terminalʳデス⌉⌈ˢぞᵖprt:sentence_final_particleʳゾ⌉⌈ˢ。ᵖauxs:period⌉
これは私ではなくあなたの責任ですぞ。	neutral	unpragmatic_formality	⌈ˢこれᵖpronʳコレ⌉⌈ˢはᵖprt:binding_particleʳハ⌉⌈ˢ私ᵖpronʳワタクシ⌉⌈ˢでᵖprt:case_particleʳデ⌉⌈ˢはᵖprt:binding_particleʳハ⌉⌈ˢなくᵖadj:non_self_reliant:adjective:conjunctiveᵇないᵈないʳナク⌉⌈ˢあなたᵖpronʳアナタ⌉⌈ˢのᵖprt:case_particleʳノ⌉⌈ˢ責任ᵖn:common_nounʳセキニン⌉⌈ˢですᵖauxv:auxv-desu:terminalʳデス⌉⌈ˢぞᵖprt:sentence_final_particleʳゾ⌉⌈ˢ。ᵖauxs:period⌉
これまで私は友人たちとは仲良くやてきました。	neutral	formal	⌈ˢこれᵖpronʳコレ⌉⌈ˢまでᵖprt:adverbial_particleʳマデ⌉⌈ˢ私ᵖpronʳワタクシ⌉⌈ˢはᵖprt:binding_particleʳハ⌉⌈ˢ友人ᵖn:common_nounʳユウジン⌉⌈ˢたちᵖsuff:noun_likeʳタチ⌉⌈ˢとᵖprt:case_particleʳト⌉⌈ˢはᵖprt:binding_particleʳハ⌉⌈ˢ仲良くᵖadvʳナカヨク⌉⌈ˢやᵖv:non_self_reliant:godan-ra:conjunctive-geminateᵇやるᵈやるʳヤ⌉⌈ˢてᵖprt:conjunctive_particleʳテ⌉⌈ˢきᵖv:non_self_reliant:ka-irregular:conjunctiveᵇくるᵈくるʳキ⌉⌈ˢましᵖauxv:auxv-masu:conjunctiveᵇますᵈますʳマシ⌉⌈ˢたᵖauxv:auxv-ta:terminalʳタ⌉⌈ˢ。ᵖauxs:period⌉
これら二つの間には大きな違いがあるだ。	neutral	casual	⌈ˢこれᵖpronʳコレ⌉⌈ˢらᵖsuff:noun_likeʳラ⌉⌈ˢ二ᵖn:numeralʳフタ⌉⌈ˢつᵖsuff:noun_like:counterʳツ⌉⌈ˢのᵖprt:case_particleʳノ⌉⌈ˢ間ᵖn:common_noun:adverb-possibleʳアイダ⌉⌈ˢにᵖprt:case_particleʳニ⌉⌈ˢはᵖprt:binding_particleʳハ⌉⌈ˢ大きなᵖatʳオオキナ⌉⌈ˢ違いᵖn:common_nounʳチガイ⌉⌈ˢがᵖprt:case_particleʳガ⌉⌈ˢあるᵖv:non_self_reliant:godan-ra:terminalʳアル⌉⌈ˢだᵖauxv:auxv-da:terminalʳダ⌉⌈ˢ。ᵖauxs:period⌉
これを壊したたのはだれですか。	neutral	formal	⌈ˢこれᵖpronʳコレ⌉⌈ˢをᵖprt:case_particleʳヲ⌉⌈ˢ壊しᵖv:general:godan-sa:conjunctiveᵇ壊すᵈ壊すʳコワシ⌉⌈ˢたᵖauxv:auxv-ta:terminalʳタ⌉⌈ˢたᵖauxv:auxv-ta:attributiveʳタ⌉⌈ˢのᵖprt:pre_noun_particleʳノ⌉⌈ˢはᵖprt:binding_particleʳハ⌉⌈ˢだれᵖpronʳダレ⌉⌈ˢですᵖauxv:auxv-desu:terminalʳデス⌉⌈ˢかᵖprt:sentence_final_particleʳカ⌉⌈ˢ。ᵖauxs:period⌉
こんなことが起こると、なぜ言てくれなかったの？	neutral	casual	⌈ˢこんなᵖatʳコンナ⌉⌈ˢことᵖn:common_nounʳコト⌉⌈ˢがᵖprt:case_particleʳガ⌉⌈ˢ起こるᵖv:general:godan-ra:terminalʳオコル⌉⌈ˢとᵖprt:conjunctive_particleʳト⌉⌈ˢ、ᵖauxs:comma⌉⌈ˢなぜᵖadvʳナゼ⌉⌈ˢ言ᵖn:common_nounʳゲン⌉⌈ˢてᵖprt:adverbial_particleʳテ⌉⌈ˢくれᵖv:non_self_reliant:e-ichidan-ra:imperfectiveᵇくれるᵈくれるʳクレ⌉⌈ˢなかっᵖauxv:auxv-nai:conjunctive-geminateᵇないᵈないʳナカッ⌉⌈ˢたᵖauxv:auxv-ta:attributiveʳタ⌉⌈ˢのᵖprt:sentence_final_particleʳノ⌉⌈ˢ？ᵖauxs:periodᵇ?ᵈ?ʳ?⌉
ごちそうは小人数ほどよいだ。	neutral	casual	⌈ˢごちそうᵖn:common_noun:suru-possibleʳゴチソウ⌉⌈ˢはᵖprt:binding_particleʳハ⌉⌈ˢ小ᵖprefʳショウ⌉⌈ˢ人数ᵖn:common_nounʳニンズウ⌉⌈ˢほどᵖprt:adverbial_particleʳホド⌉⌈ˢよいᵖadj:non_self_reliant:adjective:terminalʳヨイ⌉⌈ˢだᵖauxv:auxv-da:terminalʳダ⌉⌈ˢ。ᵖauxs:period⌉
ご兄弟をお持ちですか？	neutral	formal	⌈ˢごᵖprefʳゴ⌉⌈ˢ兄弟ᵖn:common_nounʳキョウダイ⌉⌈ˢをᵖprt:case_particleʳヲ⌉⌈ˢおᵖprefʳオ⌉⌈ˢ持ちᵖv:general:godan-ta:conjunctiveᵇ持つᵈ持つʳモチ⌉⌈ˢですᵖauxv:auxv-desu:terminalʳデス⌉⌈ˢかᵖprt:sentence_final_particleʳカ⌉⌈ˢ？ᵖauxs:periodᵇ?ᵈ?ʳ?⌉
ご親切に対してお礼の申し上げようもありません。	formal	very_formal	⌈ˢごᵖprefʳゴ⌉⌈ˢ親切ᵖn:common_noun:pos2-unk1ʳシンセツ⌉⌈ˢにᵖprt:case_particleʳニ⌉⌈ˢ対しᵖv:general:sa-irregular:conjunctiveᵇ対するᵈ対するʳタイシ⌉⌈ˢてᵖprt:conjunctive_particleʳテ⌉⌈ˢお礼ᵖn:common_nounʳオレイ⌉⌈ˢのᵖprt:case_particleʳノ⌉⌈ˢ申し上げようᵖv:general:e-ichidan-ga:volitional-presumptiveᵇ申し上げるᵈ申し上げるʳモウシアゲヨウ⌉⌈ˢもᵖprt:binding_particleʳモ⌉⌈ˢありᵖv:non_self_reliant:godan-ra:conjunctiveᵇあるᵈあるʳアリ⌉⌈ˢませᵖauxv:auxv-masu:imperfectiveᵇますᵈますʳマセ⌉⌈ˢんᵖauxv:auxv-nu:terminal-nasalᵇぬᵈぬʳン⌉⌈ˢ。ᵖauxs:period⌉
さあ、みんなで食べ放題の焼き肉屋さんに行こうよ。	neutral	casual	⌈ˢさあᵖint:generalʳサア⌉⌈ˢ、ᵖauxs:comma⌉⌈ˢみんなᵖn:common_noun:adverb-possibleʳミンナ⌉⌈ˢでᵖprt:case_particleʳデ⌉⌈ˢ食べ放題ᵖn:common_nounʳタベホウダイ⌉⌈ˢのᵖprt:case_particleʳノ⌉⌈ˢ焼き肉屋ᵖn:common_nounʳヤキニクヤ⌉⌈ˢさんᵖsuff:noun_likeʳサン⌉⌈ˢにᵖprt:case_particleʳニ⌉⌈ˢ行こうᵖv:non_self_reliant:godan-ka:volitional-presumptiveᵇ行くᵈ行くʳイコウ⌉⌈ˢよᵖprt:sentence_final_particleʳヨ⌉⌈ˢ。ᵖauxs:period⌉
しばらくして小さい黒いウサギがが座り込んでしまいました。そしてとても悲しそうに見えました。	neutral	formal	⌈ˢしばらくᵖadvʳシバラク⌉⌈ˢしᵖv:non_self_reliant:sa-irregular:conjunctiveᵇするᵈするʳシ⌉⌈ˢてᵖprt:conjunctive_particleʳテ⌉⌈ˢ小さいᵖadj:general:adjective:attributiveʳチイサイ⌉⌈ˢ黒いᵖadj:general:adjective:attributiveʳクロイ⌉⌈ˢウサギᵖn:common_noun⌉⌈ˢがᵖprt:case_particleʳガ⌉⌈ˢがᵖprt:case_particleʳガ⌉⌈ˢ座り込んᵖv:general:godan-ma:conjunctive-nasalᵇ座り込むᵈ座り込むʳスワリコン⌉⌈ˢでᵖprt:conjunctive_particleʳデ⌉⌈ˢしまいᵖv:non_self_reliant:godan-waa:conjunctiveᵇしまうᵈしまうʳシマイ⌉⌈ˢましᵖauxv:auxv-masu:conjunctiveᵇますᵈますʳマシ⌉⌈ˢたᵖauxv:auxv-ta:terminalʳタ⌉⌈ˢ。ᵖauxs:period⌉⌈ˢそしてᵖconjʳソシテ⌉⌈ˢとてもᵖadvʳトテモ⌉⌈ˢ悲しᵖadj:general:adjective:stemᵇ悲しいᵈ悲しいʳカナシ⌉⌈ˢそうᵖshp:auxiliary_verb_stemʳソウ⌉⌈ˢにᵖauxv:auxv-da:conjunctive-niᵇだᵈだʳニ⌉⌈ˢ見えᵖv:general:e-ichidan-a:conjunctiveᵇ見えるᵈ見えるʳミエ⌉⌈ˢましᵖauxv:auxv-masu:conjunctiveᵇますᵈますʳマシ⌉⌈ˢたᵖauxv:auxv-ta:terminalʳタ⌉⌈ˢ。ᵖauxs:period⌉
すみません、その日はもう予定入っちゃてますね。	neutral	unpragmatic_formality	⌈ˢすみᵖv:general:godan-ma:conjunctiveᵇすむᵈすむʳスミ⌉⌈ˢませᵖauxv:auxv-masu:imperfectiveᵇますᵈますʳマセ⌉⌈ˢんᵖauxv:auxv-nu:terminal-nasalᵇぬᵈぬʳン⌉⌈ˢ、ᵖauxs:comma⌉⌈ˢそのᵖatʳソノ⌉⌈ˢ日ᵖn:common_noun:adverb-possibleʳヒ⌉⌈ˢはᵖprt:binding_particleʳハ⌉⌈ˢもうᵖadvʳモウ⌉⌈ˢ予定ᵖn:common_noun:suru-possibleʳヨテイ⌉⌈ˢ入っᵖv:general:godan-ra:conjunctive-geminateᵇ入るᵈ入るʳハイッ⌉⌈ˢちゃᵖauxv:auxv-ja:terminalʳチャ⌉⌈ˢてᵖauxv:e-ichidan-ta:conjunctiveᵇてるᵈてるʳテ⌉⌈ˢますᵖauxv:auxv-masu:terminalʳマス⌉⌈ˢねᵖprt:sentence_final_particleʳネ⌉⌈ˢ。ᵖauxs:period⌉
そういうわけで、今朝私は早起きををしました。	neutral	formal	⌈ˢそうᵖadvʳソウ⌉⌈ˢいうᵖv:general:godan-waa:attributiveʳイウ⌉⌈ˢわけᵖn:common_nounʳワケ⌉⌈ˢでᵖauxv:auxv-da:conjunctiveᵇだᵈだʳデ⌉⌈ˢ、ᵖauxs:comma⌉⌈ˢ今朝ᵖn:common_noun:adverb-possibleʳケサ⌉⌈ˢ私ᵖpronʳワタクシ⌉⌈ˢはᵖprt:binding_particleʳハ⌉⌈ˢ早起きᵖn:common_noun:suru-possibleʳハヤオキ⌉⌈ˢをᵖprt:case_particleʳヲ⌉⌈ˢをᵖprt:case_particleʳヲ⌉⌈ˢしᵖv:non_self_reliant:sa-irregular:conjunctiveᵇするᵈするʳシ⌉⌈ˢましᵖauxv:auxv-masu:conjunctiveᵇますᵈますʳマシ⌉⌈ˢたᵖauxv:auxv-ta:terminalʳタ⌉⌈ˢ。ᵖauxs:period⌉
そうです、異常音は空冷ファンの最後の断末魔だったのですのだ。	neutral	formal	⌈ˢそうᵖadvʳソウ⌉⌈ˢですᵖauxv:auxv-desu:terminalʳデス⌉⌈ˢ、ᵖauxs:comma⌉⌈ˢ異常ᵖn:common_noun:pos2-unk1ʳイジョウ⌉⌈ˢ音ᵖn:common_nounʳオン⌉⌈ˢはᵖprt:binding_particleʳハ⌉⌈ˢ空冷ᵖn:common_nounʳクウレイ⌉⌈ˢファンᵖn:common_noun⌉⌈ˢのᵖprt:case_particleʳノ⌉⌈ˢ最後ᵖn:common_nounʳサイゴ⌉⌈ˢのᵖprt:case_particleʳノ⌉⌈ˢ断末魔ᵖn:common_nounʳダンマツマ⌉⌈ˢだっᵖauxv:auxv-da:conjunctive-geminateᵇだᵈだʳダッ⌉⌈ˢたᵖauxv:auxv-ta:attributiveʳタ⌉⌈ˢのᵖprt:pre_noun_particleʳノ⌉⌈ˢですᵖauxv:auxv-desu:attributiveʳデス⌉⌈ˢのᵖprt:pre_noun_particleʳノ⌉⌈ˢだᵖauxv:auxv-da:terminalʳダ⌉⌈ˢ。ᵖauxs:period⌉
そこがあなたと意見を異にするところです。	neutral	formal	⌈ˢそこᵖpronʳソコ⌉⌈ˢがᵖprt:case_particleʳガ⌉⌈ˢあなたᵖpronʳアナタ⌉⌈ˢとᵖprt:case_particleʳト⌉⌈ˢ意見ᵖn:common_noun:suru-possibleʳイケン⌉⌈ˢをᵖprt:case_particleʳヲ⌉⌈ˢ異ᵖn:common_nounʳコト⌉⌈ˢにᵖprt:case_particleʳニ⌉⌈ˢするᵖv:non_self_reliant:sa-irregular:attributiveʳスル⌉⌈ˢところᵖn:common_noun:adverb-possibleʳトコロ⌉⌈ˢですᵖauxv:auxv-desu:terminalʳデス⌉⌈ˢ。ᵖauxs:period⌉
そこにジョーンズさんが建てた門が見えますぞわ。	casual	unpragmatic_formality	⌈ˢそこᵖpronʳソコ⌉⌈ˢにᵖprt:case_particleʳニ⌉⌈ˢジョーンズᵖn:proper_noun:person-name⌉⌈ˢさんᵖsuff:noun_likeʳサン⌉⌈ˢがᵖprt:case_particleʳガ⌉⌈ˢ建てᵖv:general:e-ichidan-ta:conjunctiveᵇ建てるᵈ建てるʳタテ⌉⌈ˢたᵖauxv:auxv-ta:attributiveʳタ⌉⌈ˢ門ᵖn:common_nounʳモン⌉⌈ˢがᵖprt:case_particleʳガ⌉⌈ˢ見えᵖv:general:e-ichidan-a:conjunctiveᵇ見えるᵈ見えるʳミエ⌉⌈ˢますᵖauxv:auxv-masu:terminalʳマス⌉⌈ˢぞᵖprt:sentence_final_particleʳゾ⌉⌈ˢわᵖprt:sentence_final_particleʳワ⌉⌈ˢ。ᵖauxs:period⌉
そこへは何回か行っましたことがある。	neutral	formal	⌈ˢそこᵖpronʳソコ⌉⌈ˢへᵖprt:case_particleʳヘ⌉⌈ˢはᵖprt:binding_particleʳハ⌉⌈ˢ何回ᵖn:common_nounʳナンカイ⌉⌈ˢかᵖprt:adverbial_particleʳカ⌉⌈ˢ行っᵖv:non_self_reliant:godan-ka:conjunctive-geminateᵇ行くᵈ行くʳイッ⌉⌈ˢましᵖauxv:auxv-masu:conjunctiveᵇますᵈますʳマシ⌉⌈ˢたᵖauxv:auxv-ta:attributiveʳタ⌉⌈ˢことᵖn:common_nounʳコト⌉⌈ˢがᵖprt:case_particleʳガ⌉⌈ˢあるᵖv:non_self_reliant:godan-ra:terminalʳアル⌉⌈ˢ。ᵖauxs:period⌉
そして今年、この選挙で、彼女は指でスクリーンに触れ、そして投票したのですぜ。なぜならアメリカで106年生きてきて、幸せな時代も暗い暗い時代もこのアメリカでずっと生きてきて、クーパーさんは知っているからです。このアメリカと言う国が、どれほど変われる国なのか。	casual	unpragmatic_formality	⌈ˢそしてᵖconjʳソシテ⌉⌈ˢ今年ᵖn:common_noun:adverb-possibleʳコトシ⌉⌈ˢ、ᵖauxs:comma⌉⌈ˢこのᵖatʳコノ⌉⌈ˢ選挙ᵖn:common_noun:suru-possibleʳセンキョ⌉⌈ˢでᵖprt:case_particleʳデ⌉⌈ˢ、ᵖauxs:comma⌉⌈ˢ彼女ᵖpronʳカノジョ⌉⌈ˢはᵖprt:binding_particleʳハ⌉⌈ˢ指ᵖn:common_nounʳユビ⌉⌈ˢでᵖprt:case_particleʳデ⌉⌈ˢスクリーンᵖn:common_noun⌉⌈ˢにᵖprt:case_particleʳニ⌉⌈ˢ触れᵖv:general:e-ichidan-ra:conjunctiveᵇ触れるᵈ触れるʳフレ⌉⌈ˢ、ᵖauxs:comma⌉⌈ˢそしてᵖconjʳソシテ⌉⌈ˢ投票ᵖn:common_noun:suru-possibleʳトウヒョウ⌉⌈ˢしᵖv:non_self_reliant:sa-irregular:conjunctiveᵇするᵈするʳシ⌉⌈ˢたᵖauxv:auxv-ta:attributiveʳタ⌉⌈ˢのᵖprt:pre_noun_particleʳノ⌉⌈ˢですᵖauxv:auxv-desu:terminalʳデス⌉⌈ˢぜᵖprt:sentence_final_particleʳゼ⌉⌈ˢ。ᵖauxs:period⌉⌈ˢなぜᵖadvʳナゼ⌉⌈ˢならᵖauxv:auxv-da:conditionalᵇだᵈだʳナラ⌉⌈ˢアメリカᵖn:proper_noun:place-name⌉⌈ˢでᵖprt:case_particleʳデ⌉⌈ˢ106ᵖn:numeralʳイチレイロク⌉⌈ˢ年ᵖn:common_noun:counter-possibleʳネン⌉⌈ˢ生きᵖv:general:i-ichidan-ka:conjunctiveᵇ生きるᵈ生きるʳイキ⌉⌈ˢてᵖprt:conjunctive_particleʳテ⌉⌈ˢきᵖv:non_self_reliant:ka-irregular:conjunctiveᵇくるᵈくるʳキ⌉⌈ˢてᵖprt:conjunctive_particleʳテ⌉⌈ˢ、ᵖauxs:comma⌉⌈ˢ幸せᵖn:common_noun:pos2-unk1ʳシアワセ⌉⌈ˢなᵖauxv:auxv-da:attributiveᵇだᵈだʳナ⌉⌈ˢ時代ᵖn:common_nounʳジダイ⌉⌈ˢもᵖprt:binding_particleʳモ⌉⌈ˢ暗いᵖadj:general:adjective:attributiveʳクライ⌉⌈ˢ暗いᵖadj:general:adjective:attributiveʳクライ⌉⌈ˢ時代ᵖn:common_nounʳジダイ⌉⌈ˢもᵖprt:binding_particleʳモ⌉⌈ˢこのᵖatʳコノ⌉⌈ˢアメリカᵖn:proper_noun:place-name⌉⌈ˢでᵖprt:case_particleʳデ⌉⌈ˢずっとᵖadvʳズット⌉⌈ˢ生きᵖv:general:i-ichidan-ka:conjunctiveᵇ生きるᵈ生きるʳイキ⌉⌈ˢてᵖprt:conjunctive_particleʳテ⌉⌈ˢきᵖv:non_self_reliant:ka-irregular:conjunctiveᵇくるᵈくるʳキ⌉⌈ˢてᵖprt:conjunctive_particleʳテ⌉⌈ˢ、ᵖauxs:comma⌉⌈ˢクーパーᵖn:proper_noun:person-name⌉⌈ˢさんᵖsuff:noun_likeʳサン⌉⌈ˢはᵖprt:binding_particleʳハ⌉⌈ˢ知っᵖv:general:godan-ra:conjunctive-geminateᵇ知るᵈ知るʳシッ⌉⌈ˢてᵖprt:conjunctive_particleʳテ⌉⌈ˢいるᵖv:non_self_reliant:i-ichidan-a:terminalʳイル⌉⌈ˢからᵖprt:conjunctive_particleʳカラ⌉⌈ˢですᵖauxv:auxv-desu:terminalʳデス⌉⌈ˢ。ᵖauxs:period⌉⌈ˢこのᵖatʳコノ⌉⌈ˢアメリカᵖn:proper_noun:place-name⌉⌈ˢとᵖprt:case_particleʳト⌉⌈ˢ言うᵖv:general:godan-waa:attributiveʳイウ⌉⌈ˢ国ᵖn:common_nounʳクニ⌉⌈ˢがᵖprt:case_particleʳガ⌉⌈ˢ、ᵖauxs:comma⌉⌈ˢどれᵖpronʳドレ⌉⌈ˢほどᵖprt:adverbial_particleʳホド⌉⌈ˢ変われるᵖv:general:e-ichidan-ra:attributiveʳカワレル⌉⌈ˢ国ᵖn:common_nounʳクニ⌉⌈ˢなᵖauxv:auxv-da:attributiveᵇだᵈだʳナ⌉⌈ˢのᵖprt:pre_noun_particleʳノ⌉⌈ˢかᵖprt:sentence_final_particleʳカ⌉⌈ˢ。ᵖauxs:period⌉
そのお知らせはお聞きになったでしょう。	neutral	formal	⌈ˢそのᵖatʳソノ⌉⌈ˢお知らせᵖn:common_noun:suru-possibleʳオシラセ⌉⌈ˢはᵖprt:binding_particleʳハ⌉⌈ˢおᵖprefʳオ⌉⌈ˢ聞きᵖv:general:godan-ka:conjunctiveᵇ聞くᵈ聞くʳキキ⌉⌈ˢにᵖprt:case_particleʳニ⌉⌈ˢなっᵖv:non_self_reliant:godan-ra:conjunctive-geminateᵇなるᵈなるʳナッ⌉⌈ˢたᵖauxv:auxv-ta:terminalʳタ⌉⌈ˢでしょうᵖauxv:auxv-desu:volitional-presumptiveᵇですᵈですʳデショウ⌉⌈ˢ。ᵖauxs:period⌉
そのことについてできるだけ話を聞かしてくださいぜわ。	casual	unpragmatic_formality	⌈ˢそのᵖatʳソノ⌉⌈ˢことᵖn:common_nounʳコト⌉⌈ˢにᵖprt:case_particleʳニ⌉⌈ˢついᵖv:general:godan-ka:conjunctive-i-soundᵇつくᵈつくʳツイ⌉⌈ˢてᵖprt:conjunctive_particleʳテ⌉⌈ˢできるだけᵖadvʳデキルダケ⌉⌈ˢ話ᵖn:common_noun:suru-possibleʳハナシ⌉⌈ˢをᵖprt:case_particleʳヲ⌉⌈ˢ聞かしᵖv:general:godan-sa:conjunctiveᵇ聞かすᵈ聞かすʳキカシ⌉⌈ˢてᵖprt:conjunctive_particleʳテ⌉⌈ˢくださいᵖv:non_self_reliant:godan-ra:imperativeᵇくださるᵈくださるʳクダサイ⌉⌈ˢぜᵖprt:sentence_final_particleʳゼ⌉⌈ˢわᵖprt:sentence_final_particleʳワ⌉⌈ˢ。ᵖauxs:period⌉
その事故で彼女は夫を失ったです。	neutral	formal	⌈ˢそのᵖatʳソノ⌉⌈ˢ事故ᵖn:common_nounʳジコ⌉⌈ˢでᵖprt:case_particleʳデ⌉⌈ˢ彼女ᵖpronʳカノジョ⌉⌈ˢはᵖprt:binding_particleʳハ⌉⌈ˢ夫ᵖn:common_nounʳオット⌉⌈ˢをᵖprt:case_particleʳヲ⌉⌈ˢ失っᵖv:general:godan-waa:conjunctive-geminateᵇ失うᵈ失うʳウシナッ⌉⌈ˢたᵖauxv:auxv-ta:terminalʳタ⌉⌈ˢですᵖauxv:auxv-desu:terminalʳデス⌉⌈ˢ。ᵖauxs:period⌉
その問題は解いてみるますと簡単でした。	neutral	formal	⌈ˢそのᵖatʳソノ⌉⌈ˢ問題ᵖn:common_nounʳモンダイ⌉⌈ˢはᵖprt:binding_particleʳハ⌉⌈ˢ解いᵖv:general:godan-ka:conjunctive-i-soundᵇ解くᵈ解くʳトイ⌉⌈ˢてᵖprt:conjunctive_particleʳテ⌉⌈ˢみるᵖv:non_self_reliant:i-ichidan-ma:terminalʳミル⌉⌈ˢますᵖauxv:auxv-masu:terminalʳマス⌉⌈ˢとᵖprt:conjunctive_particleʳト⌉⌈ˢ簡単ᵖshp:generalʳカンタン⌉⌈ˢでしᵖauxv:auxv-desu:conjunctiveᵇですᵈですʳデシ⌉⌈ˢたᵖauxv:auxv-ta:terminalʳタ⌉⌈ˢ。ᵖauxs:period⌉
その少年はその犬の尾をつかんだです。	neutral	formal	⌈ˢそのᵖatʳソノ⌉⌈ˢ少年ᵖn:common_nounʳショウネン⌉⌈ˢはᵖprt:binding_particleʳハ⌉⌈ˢそのᵖatʳソノ⌉⌈ˢ犬ᵖn:common_nounʳイヌ⌉⌈ˢのᵖprt:case_particleʳノ⌉⌈ˢ尾ᵖn:common_nounʳオ⌉⌈ˢをᵖprt:case_particleʳヲ⌉⌈ˢつかんᵖv:general:godan-ma:conjunctive-nasalᵇつかむᵈつかむʳツカン⌉⌈ˢだᵖauxv:auxv-ta:terminalʳダ⌉⌈ˢですᵖauxv:auxv-desu:terminalʳデス⌉⌈ˢ。ᵖauxs:period⌉
その授業には規則正しくな出席することが必要だ。	neutral	casual	⌈ˢそのᵖatʳソノ⌉⌈ˢ授業ᵖn:common_noun:suru-possibleʳジュギョウ⌉⌈ˢにᵖprt:case_particleʳニ⌉⌈ˢはᵖprt:binding_particleʳハ⌉⌈ˢ規則ᵖn:common_nounʳキソク⌉⌈ˢ正しくᵖadvʳマサシク⌉⌈ˢなᵖauxv:auxv-da:attributiveᵇだᵈだʳナ⌉⌈ˢ出席ᵖn:common_noun:suru-possibleʳシュッセキ⌉⌈ˢするᵖv:non_self_reliant:sa-irregular:attributiveʳスル⌉⌈ˢことᵖn:common_nounʳコト⌉⌈ˢがᵖprt:case_particleʳガ⌉⌈ˢ必要ᵖn:common_noun:pos2-unk1ʳヒツヨウ⌉⌈ˢだᵖauxv:auxv-da:terminalʳダ⌉⌈ˢ。ᵖauxs:period⌉
その文からこの言葉を省略すべきですのだ。	neutral	formal	⌈ˢそのᵖatʳソノ⌉⌈ˢ文ᵖn:common_nounʳブン⌉⌈ˢからᵖprt:case_particleʳカラ⌉⌈ˢこのᵖatʳコノ⌉⌈ˢ言葉ᵖn:common_nounʳコトバ⌉⌈ˢをᵖprt:case_particleʳヲ⌉⌈ˢ省略ᵖn:common_noun:suru-possibleʳショウリャク⌉⌈ˢすᵖv:non_self_reliant:classical-sa-irregular:terminalʳス⌉⌈ˢべきᵖauxv:auxv-beshi:attributiveᵇべしᵈべしʳベキ⌉⌈ˢですᵖauxv:auxv-desu:attributiveʳデス⌉⌈ˢのᵖprt:pre_noun_particleʳノ⌉⌈ˢだᵖauxv:auxv-da:terminalʳダ⌉⌈ˢ。ᵖauxs:period⌉
その時はどうすべきかわかりませんでしたぞ。	neutral	unpragmatic_formality	⌈ˢそのᵖatʳソノ⌉⌈ˢ時ᵖn:common_noun:adverb-possibleʳトキ⌉⌈ˢはᵖprt:binding_particleʳハ⌉⌈ˢどうᵖadvʳドウ⌉⌈ˢすᵖv:non_self_reliant:classical-sa-irregular:terminalʳス⌉⌈ˢべきᵖauxv:auxv-beshi:attributiveᵇべしᵈべしʳベキ⌉⌈ˢかᵖprt:adverbial_particleʳカ⌉⌈ˢわかりᵖv:general:godan-ra:conjunctiveᵇわかるᵈわかるʳワカリ⌉⌈ˢませᵖauxv:auxv-masu:imperfectiveᵇますᵈますʳマセ⌉⌈ˢんᵖauxv:auxv-nu:terminal-nasalᵇぬᵈぬʳン⌉⌈ˢでしᵖauxv:auxv-desu:conjunctiveᵇですᵈですʳデシ⌉⌈ˢたᵖauxv:auxv-ta:terminalʳタ⌉⌈ˢぞᵖprt:sentence_final_particleʳゾ⌉⌈ˢ。ᵖauxs:period⌉
その時初めて彼は本当の事を知ったです。	neutral	formal	⌈ˢそのᵖatʳソノ⌉⌈ˢ時ᵖn:common_noun:adverb-possibleʳトキ⌉⌈ˢ初めてᵖadvʳハジメテ⌉⌈ˢ彼ᵖpronʳカレ⌉⌈ˢはᵖprt:binding_particleʳハ⌉⌈ˢ本当ᵖn:common_nounʳホントウ⌉⌈ˢのᵖprt:case_particleʳノ⌉⌈ˢ事ᵖn:common_nounʳコト⌉⌈ˢをᵖprt:case_particleʳヲ⌉⌈ˢ知っᵖv:general:godan-ra:conjunctive-geminateᵇ知るᵈ知るʳシッ⌉⌈ˢたᵖauxv:auxv-ta:terminalʳタ⌉⌈ˢですᵖauxv:auxv-desu:terminalʳデス⌉⌈ˢ。ᵖauxs:period⌉
その本は小さな子供たちがみんな知っているます。	neutral	formal	⌈ˢそのᵖatʳソノ⌉⌈ˢ本ᵖn:common_nounʳホン⌉⌈ˢはᵖprt:binding_particleʳハ⌉⌈ˢ小さなᵖatʳチイサナ⌉⌈ˢ子供たちᵖn:common_nounʳコドモタチ⌉⌈ˢがᵖprt:case_particleʳガ⌉⌈ˢみんなᵖn:common_noun:adverb-possibleʳミンナ⌉⌈ˢ知っᵖv:general:godan-ra:conjunctive-geminateᵇ知るᵈ知るʳシッ⌉⌈ˢてᵖprt:conjunctive_particleʳテ⌉⌈ˢいるᵖv:non_self_reliant:i-ichidan-a:terminalʳイル⌉⌈ˢますᵖauxv:auxv-masu:terminalʳマス⌉⌈ˢ。ᵖauxs:period⌉
その機械はアイドリング中ですぞ。	neutral	unpragmatic_formality	⌈ˢそのᵖatʳソノ⌉⌈ˢ機械ᵖn:common_nounʳキカイ⌉⌈ˢはᵖprt:binding_particleʳハ⌉⌈ˢアイドリングᵖn:common_noun:suru-possible⌉⌈ˢ中ᵖsuff:noun_like:adverb-possibleʳチュウ⌉⌈ˢですᵖauxv:auxv-desu:terminalʳデス⌉⌈ˢぞᵖprt:sentence_final_particleʳゾ⌉⌈ˢ。ᵖauxs:period⌉
その次の日に彼は死んだぜわ。	unpragmatic_formality	casual	⌈ˢそのᵖatʳソノ⌉⌈ˢ次の日ᵖn:common_nounʳツギノヒ⌉⌈ˢにᵖprt:case_particleʳニ⌉⌈ˢ彼ᵖpronʳカレ⌉⌈ˢはᵖprt:binding_particleʳハ⌉⌈ˢ死んᵖv:general:godan-na:conjunctive-nasalᵇ死ぬᵈ死ぬʳシン⌉⌈ˢだᵖauxv:auxv-ta:terminalʳダ⌉⌈ˢぜᵖprt:sentence_final_particleʳゼ⌉⌈ˢわᵖprt:sentence_final_particleʳワ⌉⌈ˢ。ᵖauxs:period⌉
その歌手は売れっ子にになるだろう。	neutral	casual	⌈ˢそのᵖatʳソノ⌉⌈ˢ歌手ᵖn:common_nounʳカシュ⌉⌈ˢはᵖprt:binding_particleʳハ⌉⌈ˢ売れっ子ᵖn:common_nounʳウレッコ⌉⌈ˢにᵖprt:case_particleʳニ⌉⌈ˢにᵖprt:case_particleʳニ⌉⌈ˢなるᵖv:non_self_reliant:godan-ra:terminalʳナル⌉⌈ˢだろうᵖauxv:auxv-da:volitional-presumptiveᵇだᵈだʳダロウ⌉⌈ˢ。ᵖauxs:period⌉
その画家は独特なスタイルをもっているます。	neutral	formal	⌈ˢそのᵖatʳソノ⌉⌈ˢ画家ᵖn:common_nounʳガカ⌉⌈ˢはᵖprt:binding_particleʳハ⌉⌈ˢ独特ᵖshp:generalʳドクトク⌉⌈ˢなᵖauxv:auxv-da:attributiveᵇだᵈだʳナ⌉⌈ˢスタイルᵖn:common_noun⌉⌈ˢをᵖprt:case_particleʳヲ⌉⌈ˢもっᵖv:general:godan-ta:conjunctive-geminateᵇもつᵈもつʳモッ⌉⌈ˢてᵖprt:conjunctive_particleʳテ⌉⌈ˢいるᵖv:non_self_reliant:i-ichidan-a:terminalʳイル⌉⌈ˢますᵖauxv:auxv-masu:terminalʳマス⌉⌈ˢ。ᵖauxs:period⌉
その知らせは本当だと信じられています。	neutral	formal	⌈ˢそのᵖatʳソノ⌉⌈ˢ知らせᵖn:common_nounʳシラセ⌉⌈ˢはᵖprt:binding_particleʳハ⌉⌈ˢ本当ᵖn:common_nounʳホントウ⌉⌈ˢだᵖauxv:auxv-da:terminalʳダ⌉⌈ˢとᵖprt:case_particleʳト⌉⌈ˢ信じᵖv:general:sa-irregular:imperfectiveᵇ信ずるᵈ信ずるʳシンジ⌉⌈ˢられᵖauxv:auxv-reru:conjunctiveᵇられるᵈられるʳラレ⌉⌈ˢてᵖprt:conjunctive_particleʳテ⌉⌈ˢいᵖv:non_self_reliant:i-ichidan-a:conjunctiveᵇいるᵈいるʳイ⌉⌈ˢますᵖauxv:auxv-masu:terminalʳマス⌉⌈ˢ。ᵖauxs:period⌉
その謎を解きましたですか。	neutral	formal	⌈ˢそのᵖatʳソノ⌉⌈ˢ謎ᵖn:common_nounʳナゾ⌉⌈ˢをᵖprt:case_particleʳヲ⌉⌈ˢ解きᵖv:general:godan-ka:conjunctiveᵇ解くᵈ解くʳトキ⌉⌈ˢましᵖauxv:auxv-masu:conjunctiveᵇますᵈますʳマシ⌉⌈ˢたᵖauxv:auxv-ta:terminalʳタ⌉⌈ˢですᵖauxv:auxv-desu:terminalʳデス⌉⌈ˢかᵖprt:sentence_final_particleʳカ⌉⌈ˢ。ᵖauxs:period⌉
その赤ん坊は誰に似ていますか。	neutral	formal	⌈ˢそのᵖatʳソノ⌉⌈ˢ赤ん坊ᵖn:common_nounʳアカンボウ⌉⌈ˢはᵖprt:binding_particleʳハ⌉⌈ˢ誰ᵖpronʳダレ⌉⌈ˢにᵖprt:case_particleʳニ⌉⌈ˢ似ᵖv:general:i-ichidan-na:conjunctiveᵇ似るᵈ似るʳニ⌉⌈ˢてᵖprt:conjunctive_particleʳテ⌉⌈ˢいᵖv:non_self_reliant:i-ichidan-a:conjunctiveᵇいるᵈいるʳイ⌉⌈ˢますᵖauxv:auxv-masu:terminalʳマス⌉⌈ˢかᵖprt:sentence_final_particleʳカ⌉⌈ˢ。ᵖauxs:period⌉
その酔っ払いは目が覚めてみるますと刑務所に入っていた。	neutral	formal	⌈ˢそのᵖatʳソノ⌉⌈ˢ酔っ払いᵖn:common_nounʳヨッパライ⌉⌈ˢはᵖprt:binding_particleʳハ⌉⌈ˢ目ᵖn:common_nounʳメ⌉⌈ˢがᵖprt:case_particleʳガ⌉⌈ˢ覚めᵖv:general:e-ichidan-ma:conjunctiveᵇ覚めるᵈ覚めるʳサメ⌉⌈ˢてᵖprt:conjunctive_particleʳテ⌉⌈ˢみるᵖv:non_self_reliant:i-ichidan-ma:terminalʳミル⌉⌈ˢますᵖauxv:auxv-masu:terminalʳマス⌉⌈ˢとᵖprt:conjunctive_particleʳト⌉⌈ˢ刑務所ᵖn:common_nounʳケイムショ⌉⌈ˢにᵖprt:case_particleʳニ⌉⌈ˢ入っᵖv:general:godan-ra:conjunctive-geminateᵇ入るᵈ入るʳハイッ⌉⌈ˢてᵖprt:conjunctive_particleʳテ⌉⌈ˢいᵖv:non_self_reliant:i-ichidan-a:conjunctiveᵇいるᵈいるʳイ⌉⌈ˢたᵖauxv:auxv-ta:terminalʳタ⌉⌈ˢ。ᵖauxs:period⌉
その野球の試合は雨のために中止になりましたです。	neutral	formal	⌈ˢそのᵖatʳソノ⌉⌈ˢ野球ᵖn:common_nounʳヤキュウ⌉⌈ˢのᵖprt:case_particleʳノ⌉⌈ˢ試合ᵖn:common_noun:suru-possibleʳシアイ⌉⌈ˢはᵖprt:binding_particleʳハ⌉⌈ˢ雨ᵖn:common_nounʳアメ⌉⌈ˢのᵖprt:case_particleʳノ⌉⌈ˢためᵖn:common_noun:adverb-possibleʳタメ⌉⌈ˢにᵖprt:case_particleʳニ⌉⌈ˢ中止ᵖn:common_noun:suru-possibleʳチュウシ⌉⌈ˢにᵖprt:case_particleʳニ⌉⌈ˢなりᵖv:non_self_reliant:godan-ra:conjunctiveᵇなるᵈなるʳナリ⌉⌈ˢましᵖauxv:auxv-masu:conjunctiveᵇますᵈますʳマシ⌉⌈ˢたᵖauxv:auxv-ta:terminalʳタ⌉⌈ˢですᵖauxv:auxv-desu:terminalʳデス⌉⌈ˢ。ᵖauxs:period⌉
その金は私の学費に大いに役立つますだろう。	neutral	formal	⌈ˢそのᵖatʳソノ⌉⌈ˢ金ᵖn:common_nounʳカネ⌉⌈ˢはᵖprt:binding_particleʳハ⌉⌈ˢ私ᵖpronʳワタクシ⌉⌈ˢのᵖprt:case_particleʳノ⌉⌈ˢ学費ᵖn:common_nounʳガクヒ⌉⌈ˢにᵖprt:case_particleʳニ⌉⌈ˢ大いにᵖadvʳオオイニ⌉⌈ˢ役立つᵖv:general:godan-ta:terminalʳヤクダツ⌉⌈ˢますᵖauxv:auxv-masu:terminalʳマス⌉⌈ˢだろうᵖauxv:auxv-da:volitional-presumptiveᵇだᵈだʳダロウ⌉⌈ˢ。ᵖauxs:period⌉
その頃の私たちは裕福だったぜわ。	unpragmatic_formality	casual	⌈ˢそのᵖatʳソノ⌉⌈ˢ頃ᵖn:common_noun:adverb-possibleʳコロ⌉⌈ˢのᵖprt:case_particleʳノ⌉⌈ˢ私たちᵖpronʳワタシタチ⌉⌈ˢはᵖprt:binding_particleʳハ⌉⌈ˢ裕福ᵖshp:generalʳユウフク⌉⌈ˢだっᵖauxv:auxv-da:conjunctive-geminateᵇだᵈだʳダッ⌉⌈ˢたᵖauxv:auxv-ta:terminalʳタ⌉⌈ˢぜᵖprt:sentence_final_particleʳゼ⌉⌈ˢわᵖprt:sentence_final_particleʳワ⌉⌈ˢ。ᵖauxs:period⌉
それから彼らはインド洋へととまわり南極まで飛んでいきます。	neutral	formal	⌈ˢそれᵖpronʳソレ⌉⌈ˢからᵖprt:case_particleʳカラ⌉⌈ˢ彼ᵖpronʳカレ⌉⌈ˢらᵖsuff:noun_likeʳラ⌉⌈ˢはᵖprt:binding_particleʳハ⌉⌈ˢインド洋ᵖn:proper_noun:place-nameʳインドヨウ⌉⌈ˢへᵖprt:case_particleʳヘ⌉⌈ˢとᵖprt:case_particleʳト⌉⌈ˢとᵖprt:case_particleʳト⌉⌈ˢまわりᵖn:common_nounʳマワリ⌉⌈ˢ南極ᵖn:proper_noun:place-nameʳナンキョク⌉⌈ˢまでᵖprt:adverbial_particleʳマデ⌉⌈ˢ飛んᵖv:general:godan-ba:conjunctive-nasalᵇ飛ぶᵈ飛ぶʳトン⌉⌈ˢでᵖprt:conjunctive_particleʳデ⌉⌈ˢいきᵖv:non_self_reliant:godan-ka:conjunctiveᵇいくᵈいくʳイキ⌉⌈ˢますᵖauxv:auxv-masu:terminalʳマス⌉⌈ˢ。ᵖauxs:period⌉
それに近づくな！	neutral	casual	⌈ˢそれᵖpronʳソレ⌉⌈ˢにᵖprt:case_particleʳニ⌉⌈ˢ近づくᵖv:general:godan-ka:terminalʳチカヅク⌉⌈ˢなᵖprt:sentence_final_particleʳナ⌉⌈ˢ！ᵖauxs:periodᵇ!ᵈ!ʳ!⌉
それは私達にとってはとても難しい問題だです。	neutral	formal	⌈ˢそれᵖpronʳソレ⌉⌈ˢはᵖprt:binding_particleʳハ⌉⌈ˢ私達ᵖpronʳワタシタチ⌉⌈ˢにᵖprt:case_particleʳニ⌉⌈ˢとっᵖv:general:godan-ra:conjunctive-geminateᵇとるᵈとるʳトッ⌉⌈ˢてᵖprt:conjunctive_particleʳテ⌉⌈ˢはᵖprt:binding_particleʳハ⌉⌈ˢとてもᵖadvʳトテモ⌉⌈ˢ難しいᵖadj:general:adjective:attributiveʳムズカシイ⌉⌈ˢ問題ᵖn:common_nounʳモンダイ⌉⌈ˢだᵖauxv:auxv-da:terminalʳダ⌉⌈ˢですᵖauxv:auxv-desu:terminalʳデス⌉⌈ˢ。ᵖauxs:period⌉
それは蛍だよぜわ。	unpragmatic_formality	casual	⌈ˢそれᵖpronʳソレ⌉⌈ˢはᵖprt:binding_particleʳハ⌉⌈ˢ蛍ᵖn:common_nounʳホタル⌉⌈ˢだᵖauxv:auxv-da:terminalʳダ⌉⌈ˢよᵖprt:sentence_final_particleʳヨ⌉⌈ˢぜᵖprt:sentence_final_particleʳゼ⌉⌈ˢわᵖprt:sentence_final_particleʳワ⌉⌈ˢ。ᵖauxs:period⌉
そんなことしたらばかに見えるはよ。	neutral	casual	⌈ˢそんなᵖatʳソンナ⌉⌈ˢことᵖn:common_nounʳコト⌉⌈ˢしᵖv:non_self_reliant:sa-irregular:conjunctiveᵇするᵈするʳシ⌉⌈ˢたらᵖauxv:auxv-ta:conditionalᵇたᵈたʳタラ⌉⌈ˢばかᵖn:common_noun:pos2-unk1ʳバカ⌉⌈ˢにᵖauxv:auxv-da:conjunctive-niᵇだᵈだʳニ⌉⌈ˢ見えるᵖv:general:e-ichidan-a:attributiveʳミエル⌉⌈ˢはᵖprt:binding_particleʳハ⌉⌈ˢよᵖprt:sentence_final_particleʳヨ⌉⌈ˢ。ᵖauxs:period⌉
たいして楽しくなかっただ。	formal	casual	⌈ˢたいしてᵖadvʳタイシテ⌉⌈ˢ楽しくᵖadj:general:adjective:conjunctiveᵇ楽しいᵈ楽しいʳタノシク⌉⌈ˢなかっᵖadj:non_self_reliant:adjective:conjunctive-geminateᵇないᵈないʳナカッ⌉⌈ˢたᵖauxv:auxv-ta:terminalʳタ⌉⌈ˢだᵖauxv:auxv-da:terminalʳダ⌉⌈ˢ。ᵖauxs:period⌉
たぶん彼にしてみれば同じことよ。	neutral	casual	⌈ˢたぶんᵖadvʳタブン⌉⌈ˢ彼ᵖpronʳカレ⌉⌈ˢにᵖprt:case_particleʳニ⌉⌈ˢしᵖv:non_self_reliant:sa-irregular:conjunctiveᵇするᵈするʳシ⌉⌈ˢてᵖprt:conjunctive_particleʳテ⌉⌈ˢみれᵖv:non_self_reliant:i-ichidan-ma:conditionalᵇみるᵈみるʳミレ⌉⌈ˢばᵖprt:conjunctive_particleʳバ⌉⌈ˢ同じᵖatʳオナジ⌉⌈ˢことᵖn:common_nounʳコト⌉⌈ˢよᵖprt:sentence_final_particleʳヨ⌉⌈ˢ。ᵖauxs:period⌉
だれかがドアをノックしたとき、２人は１時間ずっとダンスをしていたところだったぞわ。	neutral	casual	⌈ˢだれᵖpronʳダレ⌉⌈ˢかᵖprt:adverbial_particleʳカ⌉⌈ˢがᵖprt:case_particleʳガ⌉⌈ˢドアᵖn:common_noun⌉⌈ˢをᵖprt:case_particleʳヲ⌉⌈ˢノックᵖn:common_noun:suru-possible⌉⌈ˢしᵖv:non_self_reliant:sa-irregular:conjunctiveᵇするᵈするʳシ⌉⌈ˢたᵖauxv:auxv-ta:attributiveʳタ⌉⌈ˢときᵖn:common_noun:adverb-possibleʳトキ⌉⌈ˢ、ᵖauxs:comma⌉⌈ˢ２人ᵖn:common_noun:adverb-possibleᵇ2人ᵈ2人ʳフタリ⌉⌈ˢはᵖprt:binding_particleʳハ⌉⌈ˢ１ᵖn:numeralᵇ1ᵈ1ʳイチ⌉⌈ˢ時間ᵖn:common_noun:counter-possibleʳジカン⌉⌈ˢずっとᵖadvʳズット⌉⌈ˢダンスᵖn:common_noun:suru-possible⌉⌈ˢをᵖprt:case_particleʳヲ⌉⌈ˢしᵖv:non_self_reliant:sa-irregular:conjunctiveᵇするᵈするʳシ⌉⌈ˢてᵖprt:conjunctive_particleʳテ⌉⌈ˢいᵖv:non_self_reliant:i-ichidan-a:conjunctiveᵇいるᵈいるʳイ⌉⌈ˢたᵖauxv:auxv-ta:attributiveʳタ⌉⌈ˢところᵖn:common_noun:adverb-possibleʳトコロ⌉⌈ˢだっᵖauxv:auxv-da:conjunctive-geminateᵇだᵈだʳダッ⌉⌈ˢたᵖauxv:auxv-ta:terminalʳタ⌉⌈ˢぞᵖprt:sentence_final_particleʳゾ⌉⌈ˢわᵖprt:sentence_final_particleʳワ⌉⌈ˢ。ᵖauxs:period⌉
ちょうど朝食を終えたところですぞ。	neutral	unpragmatic_formality	⌈ˢちょうどᵖadvʳチョウド⌉⌈ˢ朝食ᵖn:common_nounʳチョウショク⌉⌈ˢをᵖprt:case_particleʳヲ⌉⌈ˢ終えᵖv:non_self_reliant:e-ichidan-a:conjunctiveᵇ終えるᵈ終えるʳオエ⌉⌈ˢたᵖauxv:auxv-ta:attributiveʳタ⌉⌈ˢところᵖn:common_noun:adverb-possibleʳトコロ⌉⌈ˢですᵖauxv:auxv-desu:terminalʳデス⌉⌈ˢぞᵖprt:sentence_final_particleʳゾ⌉⌈ˢ。ᵖauxs:period⌉
ちょっと待ってよぜわ。	unpragmatic_formality	casual	⌈ˢちょっとᵖadvʳチョット⌉⌈ˢ待っᵖv:general:godan-ta:conjunctive-geminateᵇ待つᵈ待つʳマッ⌉⌈ˢてᵖprt:conjunctive_particleʳテ⌉⌈ˢよᵖprt:sentence_final_particleʳヨ⌉⌈ˢぜᵖprt:sentence_final_particleʳゼ⌉⌈ˢわᵖprt:sentence_final_particleʳワ⌉⌈ˢ。ᵖauxs:period⌉
とにかく一か八かやってみるだ。	neutral	casual	⌈ˢとにかくᵖadvʳトニカク⌉⌈ˢ一ᵖn:numeralʳイチ⌉⌈ˢかᵖprt:adverbial_particleʳカ⌉⌈ˢ八ᵖn:numeralʳハチ⌉⌈ˢかᵖprt:adverbial_particleʳカ⌉⌈ˢやっᵖv:non_self_reliant:godan-ra:conjunctive-geminateᵇやるᵈやるʳヤッ⌉⌈ˢてᵖprt:conjunctive_particleʳテ⌉⌈ˢみるᵖv:non_self_reliant:i-ichidan-ma:terminalʳミル⌉⌈ˢだᵖauxv:auxv-da:terminalʳダ⌉⌈ˢ。ᵖauxs:period⌉
ともかく会いましょうぞ。	neutral	unpragmatic_formality	⌈ˢともかくᵖadvʳトモカク⌉⌈ˢ会いᵖv:general:godan-waa:conjunctiveᵇ会うᵈ会うʳアイ⌉⌈ˢましょうᵖauxv:auxv-masu:volitional-presumptiveᵇますᵈますʳマショウ⌉⌈ˢぞᵖprt:sentence_final_particleʳゾ⌉⌈ˢ。ᵖauxs:period⌉
どうしてこんなとんでもない時間に電話をするのだ。	neutral	casual	⌈ˢどうᵖadvʳドウ⌉⌈ˢしᵖv:non_self_reliant:sa-irregular:conjunctiveᵇするᵈするʳシ⌉⌈ˢてᵖprt:conjunctive_particleʳテ⌉⌈ˢこんなᵖatʳコンナ⌉⌈ˢとんでもᵖadvʳトンデモ⌉⌈ˢないᵖadj:non_self_reliant:adjective:attributiveʳナイ⌉⌈ˢ時間ᵖn:common_noun:counter-possibleʳジカン⌉⌈ˢにᵖprt:case_particleʳニ⌉⌈ˢ電話ᵖn:common_noun:suru-possibleʳデンワ⌉⌈ˢをᵖprt:case_particleʳヲ⌉⌈ˢするᵖv:non_self_reliant:sa-irregular:attributiveʳスル⌉⌈ˢのᵖprt:pre_noun_particleʳノ⌉⌈ˢだᵖauxv:auxv-da:terminalʳダ⌉⌈ˢ。ᵖauxs:period⌉
どうすれば自分に合った仕事を見つけられるのでしょうかぞわ？	casual	unpragmatic_formality	⌈ˢどうᵖadvʳドウ⌉⌈ˢすれᵖv:non_self_reliant:sa-irregular:conditionalᵇするᵈするʳスレ⌉⌈ˢばᵖprt:conjunctive_particleʳバ⌉⌈ˢ自分ᵖn:common_nounʳジブン⌉⌈ˢにᵖprt:case_particleʳニ⌉⌈ˢ合っᵖv:non_self_reliant:godan-waa:conjunctive-geminateᵇ合うᵈ合うʳアッ⌉⌈ˢたᵖauxv:auxv-ta:attributiveʳタ⌉⌈ˢ仕事ᵖn:common_noun:suru-possibleʳシゴト⌉⌈ˢをᵖprt:case_particleʳヲ⌉⌈ˢ見つけᵖv:general:e-ichidan-ka:imperfectiveᵇ見つけるᵈ見つけるʳミツケ⌉⌈ˢられるᵖauxv:auxv-reru:attributiveʳラレル⌉⌈ˢのᵖprt:pre_noun_particleʳノ⌉⌈ˢでしょうᵖauxv:auxv-desu:volitional-presumptiveᵇですᵈですʳデショウ⌉⌈ˢかᵖprt:sentence_final_particleʳカ⌉⌈ˢぞᵖprt:sentence_final_particleʳゾ⌉⌈ˢわᵖprt:sentence_final_particleʳワ⌉⌈ˢ？ᵖauxs:periodᵇ?ᵈ?ʳ?⌉
どうぞ、このページを読んでください。	neutral	formal	⌈ˢどうぞᵖadvʳドウゾ⌉⌈ˢ、ᵖauxs:comma⌉⌈ˢこのᵖatʳコノ⌉⌈ˢページᵖn:common_noun:counter-possible⌉⌈ˢをᵖprt:case_particleʳヲ⌉⌈ˢ読んᵖv:general:godan-ma:conjunctive-nasalᵇ読むᵈ読むʳヨン⌉⌈ˢでᵖprt:conjunctive_particleʳデ⌉⌈ˢくださいᵖv:non_self_reliant:godan-ra:imperativeᵇくださるᵈくださるʳクダサイ⌉⌈ˢ。ᵖauxs:period⌉
どうやってあなたはこのお金すべてをを持つに至ったんですか？	neutral	formal	⌈ˢどうᵖadvʳドウ⌉⌈ˢやっᵖv:non_self_reliant:godan-ra:conjunctive-geminateᵇやるᵈやるʳヤッ⌉⌈ˢてᵖprt:conjunctive_particleʳテ⌉⌈ˢあなたᵖpronʳアナタ⌉⌈ˢはᵖprt:binding_particleʳハ⌉⌈ˢこのᵖatʳコノ⌉⌈ˢお金ᵖn:common_nounʳオカネ⌉⌈ˢすべてᵖn:common_noun:adverb-possibleʳスベテ⌉⌈ˢをᵖprt:case_particleʳヲ⌉⌈ˢをᵖprt:case_particleʳヲ⌉⌈ˢ持つᵖv:general:godan-ta:terminalʳモツ⌉⌈ˢにᵖprt:case_particleʳニ⌉⌈ˢ至っᵖv:general:godan-ra:conjunctive-geminateᵇ至るᵈ至るʳイタッ⌉⌈ˢたᵖauxv:auxv-ta:attributiveʳタ⌉⌈ˢんᵖprt:pre_noun_particleʳン⌉⌈ˢですᵖauxv:auxv-desu:terminalʳデス⌉⌈ˢかᵖprt:sentence_final_particleʳカ⌉⌈ˢ？ᵖauxs:periodᵇ?ᵈ?ʳ?⌉
どこかに出かけるのぜわ？	unpragmatic_formality	casual	⌈ˢどこᵖpronʳドコ⌉⌈ˢかᵖprt:adverbial_particleʳカ⌉⌈ˢにᵖprt:case_particleʳニ⌉⌈ˢ出かけるᵖv:general:e-ichidan-ka:attributiveʳデカケル⌉⌈ˢのᵖprt:pre_noun_particleʳノ⌉⌈ˢぜᵖprt:sentence_final_particleʳゼ⌉⌈ˢわᵖprt:sentence_final_particleʳワ⌉⌈ˢ？ᵖauxs:periodᵇ?ᵈ?ʳ?⌉
どこで飛行機に乗ればいいですかぞ。	neutral	unpragmatic_formality	⌈ˢどこᵖpronʳドコ⌉⌈ˢでᵖprt:case_particleʳデ⌉⌈ˢ飛行機ᵖn:common_nounʳヒコウキ⌉⌈ˢにᵖprt:case_particleʳニ⌉⌈ˢ乗れᵖv:general:godan-ra:conditionalᵇ乗るᵈ乗るʳノレ⌉⌈ˢばᵖprt:conjunctive_particleʳバ⌉⌈ˢいいᵖadj:non_self_reliant:adjective:terminalʳイイ⌉⌈ˢですᵖauxv:auxv-desu:terminalʳデス⌉⌈ˢかᵖprt:sentence_final_particleʳカ⌉⌈ˢぞᵖprt:sentence_final_particleʳゾ⌉⌈ˢ。ᵖauxs:period⌉
どの規則にも例外があるます。	neutral	formal	⌈ˢどのᵖatʳドノ⌉⌈ˢ規則ᵖn:common_nounʳキソク⌉⌈ˢにᵖprt:case_particleʳニ⌉⌈ˢもᵖprt:binding_particleʳモ⌉⌈ˢ例外ᵖn:common_nounʳレイガイ⌉⌈ˢがᵖprt:case_particleʳガ⌉⌈ˢあるᵖv:non_self_reliant:godan-ra:terminalʳアル⌉⌈ˢますᵖauxv:auxv-masu:terminalʳマス⌉⌈ˢ。ᵖauxs:period⌉
どんなに頑張っても１キロも減らない。逆に体重が少し増えたり。それがダイエットの停滞期ですぞ。	neutral	unpragmatic_formality	⌈ˢどんなᵖshp:generalʳドンナ⌉⌈ˢにᵖauxv:auxv-da:conjunctive-niᵇだᵈだʳニ⌉⌈ˢ頑張っᵖv:general:godan-ra:conjunctive-geminateᵇ頑張るᵈ頑張るʳガンバッ⌉⌈ˢてᵖprt:conjunctive_particleʳテ⌉⌈ˢもᵖprt:binding_particleʳモ⌉⌈ˢ１ᵖn:numeralᵇ1ᵈ1ʳイチ⌉⌈ˢキロᵖn:common_noun:counter-possible⌉⌈ˢもᵖprt:binding_particleʳモ⌉⌈ˢ減らᵖv:general:godan-ra:imperfectiveᵇ減るᵈ減るʳヘラ⌉⌈ˢないᵖauxv:auxv-nai:terminalʳナイ⌉⌈ˢ。ᵖauxs:period⌉⌈ˢ逆ᵖn:common_noun:pos2-unk1ʳギャク⌉⌈ˢにᵖauxv:auxv-da:conjunctive-niᵇだᵈだʳニ⌉⌈ˢ体重ᵖn:common_nounʳタイジュウ⌉⌈ˢがᵖprt:case_particleʳガ⌉⌈ˢ少しᵖadvʳスコシ⌉⌈ˢ増えᵖv:general:e-ichidan-a:conjunctiveᵇ増えるᵈ増えるʳフエ⌉⌈ˢたりᵖprt:adverbial_particleʳタリ⌉⌈ˢ。ᵖauxs:period⌉⌈ˢそれᵖpronʳソレ⌉⌈ˢがᵖprt:case_particleʳガ⌉⌈ˢダイエットᵖn:common_noun:suru-possible⌉⌈ˢのᵖprt:case_particleʳノ⌉⌈ˢ停滞ᵖn:common_noun:suru-possibleʳテイタイ⌉⌈ˢ期ᵖn:common_noun:counter-possibleʳキ⌉⌈ˢですᵖauxv:auxv-desu:terminalʳデス⌉⌈ˢぞᵖprt:sentence_final_particleʳゾ⌉⌈ˢ。ᵖauxs:period⌉
どんなベッドでもないよりはよいぜわ。	unpragmatic_formality	casual	⌈ˢどんなᵖatʳドンナ⌉⌈ˢベッドᵖn:common_noun⌉⌈ˢでᵖprt:case_particleʳデ⌉⌈ˢもᵖprt:binding_particleʳモ⌉⌈ˢないᵖadj:non_self_reliant:adjective:attributiveʳナイ⌉⌈ˢよりᵖprt:case_particleʳヨリ⌉⌈ˢはᵖprt:binding_particleʳハ⌉⌈ˢよいᵖadj:non_self_reliant:adjective:terminalʳヨイ⌉⌈ˢぜᵖprt:sentence_final_particleʳゼ⌉⌈ˢわᵖprt:sentence_final_particleʳワ⌉⌈ˢ。ᵖauxs:period⌉
どんな種類の花がが好きですか。	neutral	formal	⌈ˢどんなᵖatʳドンナ⌉⌈ˢ種類ᵖn:common_nounʳシュルイ⌉⌈ˢのᵖprt:case_particleʳノ⌉⌈ˢ花ᵖn:common_nounʳハナ⌉⌈ˢがᵖprt:case_particleʳガ⌉⌈ˢがᵖprt:case_particleʳガ⌉⌈ˢ好きᵖshp:generalʳスキ⌉⌈ˢですᵖauxv:auxv-desu:terminalʳデス⌉⌈ˢかᵖprt:sentence_final_particleʳカ⌉⌈ˢ。ᵖauxs:period⌉
なぜそんなに大勢の人々がが京都を訪れるのですか。	neutral	formal	⌈ˢなぜᵖadvʳナゼ⌉⌈ˢそんなᵖshp:generalʳソンナ⌉⌈ˢにᵖauxv:auxv-da:conjunctive-niᵇだᵈだʳニ⌉⌈ˢ大勢ᵖn:common_nounʳオオゼイ⌉⌈ˢのᵖprt:case_particleʳノ⌉⌈ˢ人々ᵖn:common_nounʳヒトビト⌉⌈ˢがᵖprt:case_particleʳガ⌉⌈ˢがᵖprt:case_particleʳガ⌉⌈ˢ京都ᵖn:proper_noun:place-nameʳキョウト⌉⌈ˢをᵖprt:case_particleʳヲ⌉⌈ˢ訪れるᵖv:general:e-ichidan-ra:attributiveʳオトズレル⌉⌈ˢのᵖprt:pre_noun_particleʳノ⌉⌈ˢですᵖauxv:auxv-desu:terminalʳデス⌉⌈ˢかᵖprt:sentence_final_particleʳカ⌉⌈ˢ。ᵖauxs:period⌉
なぜ彼と踊らなかったのぜわ？	unpragmatic_formality	casual	⌈ˢなぜᵖadvʳナゼ⌉⌈ˢ彼ᵖpronʳカレ⌉⌈ˢとᵖprt:case_particleʳト⌉⌈ˢ踊らᵖv:general:godan-ra:imperfectiveᵇ踊るᵈ踊るʳオドラ⌉⌈ˢなかっᵖauxv:auxv-nai:conjunctive-geminateᵇないᵈないʳナカッ⌉⌈ˢたᵖauxv:auxv-ta:attributiveʳタ⌉⌈ˢのᵖprt:pre_noun_particleʳノ⌉⌈ˢぜᵖprt:sentence_final_particleʳゼ⌉⌈ˢわᵖprt:sentence_final_particleʳワ⌉⌈ˢ？ᵖauxs:periodᵇ?ᵈ?ʳ?⌉
なぜ彼の話し方がが嫌いなのですか。	neutral	formal	⌈ˢなぜᵖadvʳナゼ⌉⌈ˢ彼ᵖpronʳカレ⌉⌈ˢのᵖprt:case_particleʳノ⌉⌈ˢ話し方ᵖn:common_nounʳハナシカタ⌉⌈ˢがᵖprt:case_particleʳガ⌉⌈ˢがᵖprt:case_particleʳガ⌉⌈ˢ嫌いᵖn:common_noun:pos2-unk1ʳキライ⌉⌈ˢなᵖauxv:auxv-da:attributiveᵇだᵈだʳナ⌉⌈ˢのᵖprt:pre_noun_particleʳノ⌉⌈ˢですᵖauxv:auxv-desu:terminalʳデス⌉⌈ˢかᵖprt:sentence_final_particleʳカ⌉⌈ˢ。ᵖauxs:period⌉
ふとしましたことでその新しい島の発見となった。	neutral	formal	⌈ˢふとᵖadvʳフト⌉⌈ˢしᵖv:non_self_reliant:sa-irregular:conjunctiveᵇするᵈするʳシ⌉⌈ˢましᵖauxv:auxv-masu:conjunctiveᵇますᵈますʳマシ⌉⌈ˢたᵖauxv:auxv-ta:attributiveʳタ⌉⌈ˢことᵖn:common_nounʳコト⌉⌈ˢでᵖprt:case_particleʳデ⌉⌈ˢそのᵖatʳソノ⌉⌈ˢ新しいᵖadj:general:adjective:attributiveʳアタラシイ⌉⌈ˢ島ᵖn:common_nounʳシマ⌉⌈ˢのᵖprt:case_particleʳノ⌉⌈ˢ発見ᵖn:common_noun:suru-possibleʳハッケン⌉⌈ˢとᵖprt:case_particleʳト⌉⌈ˢなっᵖv:non_self_reliant:godan-ra:conjunctive-geminateᵇなるᵈなるʳナッ⌉⌈ˢたᵖauxv:auxv-ta:terminalʳタ⌉⌈ˢ。ᵖauxs:period⌉
まずその敷物をはたいてくださいぞわ。	neutral	formal	⌈ˢまずᵖadvʳマズ⌉⌈ˢそのᵖatʳソノ⌉⌈ˢ敷物ᵖn:common_nounʳシキモノ⌉⌈ˢをᵖprt:case_particleʳヲ⌉⌈ˢはたいᵖv:general:godan-ka:conjunctive-i-soundᵇはたくᵈはたくʳハタイ⌉⌈ˢてᵖprt:conjunctive_particleʳテ⌉⌈ˢくださいᵖv:non_self_reliant:godan-ra:imperativeᵇくださるᵈくださるʳクダサイ⌉⌈ˢぞわᵖadvʳゾワ⌉⌈ˢ。ᵖauxs:period⌉
まだ宝くじ買ってるの？	neutral	casual	⌈ˢまだᵖadvʳマダ⌉⌈ˢ宝くじᵖn:common_nounʳタカラクジ⌉⌈ˢ買っᵖv:general:godan-waa:conjunctive-geminateᵇ買うᵈ買うʳカッ⌉⌈ˢてるᵖauxv:e-ichidan-ta:attributiveʳテル⌉⌈ˢのᵖprt:sentence_final_particleʳノ⌉⌈ˢ？ᵖauxs:periodᵇ?ᵈ?ʳ?⌉
もうあなたとフランス語を話しませんぞ。	neutral	unpragmatic_formality	⌈ˢもうᵖadvʳモウ⌉⌈ˢあなたᵖpronʳアナタ⌉⌈ˢとᵖprt:case_particleʳト⌉⌈ˢフランス語ᵖn:common_nounʳフランスゴ⌉⌈ˢをᵖprt:case_particleʳヲ⌉⌈ˢ話しᵖv:general:godan-sa:conjunctiveᵇ話すᵈ話すʳハナシ⌉⌈ˢませᵖauxv:auxv-masu:imperfectiveᵇますᵈますʳマセ⌉⌈ˢんᵖauxv:auxv-nu:terminal-nasalᵇぬᵈぬʳン⌉⌈ˢぞᵖprt:sentence_final_particleʳゾ⌉⌈ˢ。ᵖauxs:period⌉
もうちょっと寝たいよ。	formal	casual	⌈ˢもうᵖadvʳモウ⌉⌈ˢちょっとᵖadvʳチョット⌉⌈ˢ寝ᵖv:general:e-ichidan-na:conjunctiveᵇ寝るᵈ寝るʳネ⌉⌈ˢたいᵖauxv:auxv-tai:terminalʳタイ⌉⌈ˢよᵖprt:sentence_final_particleʳヨ⌉⌈ˢ。ᵖauxs:period⌉
もう少しいい方法はないのですかと彼は尋ねた。	neutral	formal	⌈ˢもう少しᵖn:proper_nounʳモウスコシ⌉⌈ˢいいᵖadj:non_self_reliant:adjective:attributiveʳイイ⌉⌈ˢ方法ᵖn:common_nounʳホウホウ⌉⌈ˢはᵖprt:binding_particleʳハ⌉⌈ˢないᵖadj:non_self_reliant:adjective:attributiveʳナイ⌉⌈ˢのᵖprt:pre_noun_particleʳノ⌉⌈ˢですᵖauxv:auxv-desu:terminalʳデス⌉⌈ˢかᵖprt:sentence_final_particleʳカ⌉⌈ˢとᵖprt:case_particleʳト⌉⌈ˢ彼ᵖpronʳカレ⌉⌈ˢはᵖprt:binding_particleʳハ⌉⌈ˢ尋ねᵖv:general:e-ichidan-na:conjunctiveᵇ尋ねるᵈ尋ねるʳタズネ⌉⌈ˢたᵖauxv:auxv-ta:terminalʳタ⌉⌈ˢ。ᵖauxs:period⌉
もし私ががあなたなら、そんな事はしないでしょう。	neutral	formal	⌈ˢもしᵖadvʳモシ⌉⌈ˢ私ᵖpronʳワタクシ⌉⌈ˢがᵖprt:case_particleʳガ⌉⌈ˢがᵖprt:case_particleʳガ⌉⌈ˢあなたᵖpronʳアナタ⌉⌈ˢならᵖauxv:auxv-da:conditionalᵇだᵈだʳナラ⌉⌈ˢ、ᵖauxs:comma⌉⌈ˢそんなᵖatʳソンナ⌉⌈ˢ事ᵖn:common_nounʳコト⌉⌈ˢはᵖprt:binding_particleʳハ⌉⌈ˢしᵖv:non_self_reliant:sa-irregular:imperfectiveᵇするᵈするʳシ⌉⌈ˢないᵖauxv:auxv-nai:terminalʳナイ⌉⌈ˢでしょうᵖauxv:auxv-desu:volitional-presumptiveᵇですᵈですʳデショウ⌉⌈ˢ。ᵖauxs:period⌉
もし英語が得意なら、宿題を手伝ってください。	neutral	formal	⌈ˢもしᵖadvʳモシ⌉⌈ˢ英語ᵖn:common_nounʳエイゴ⌉⌈ˢがᵖprt:case_particleʳガ⌉⌈ˢ得意ᵖn:common_noun:pos2-unk1ʳトクイ⌉⌈ˢならᵖauxv:auxv-da:conditionalᵇだᵈだʳナラ⌉⌈ˢ、ᵖauxs:comma⌉⌈ˢ宿題ᵖn:common_nounʳシュクダイ⌉⌈ˢをᵖprt:case_particleʳヲ⌉⌈ˢ手伝っᵖv:general:godan-waa:conjunctive-geminateᵇ手伝うᵈ手伝うʳテツダッ⌉⌈ˢてᵖprt:conjunctive_particleʳテ⌉⌈ˢくださいᵖv:non_self_reliant:godan-ra:imperativeᵇくださるᵈくださるʳクダサイ⌉⌈ˢ。ᵖauxs:period⌉
もっと頑張って勉強したら、彼は試験に合格しただろうにぞわ。	neutral	casual	⌈ˢもっとᵖadvʳモット⌉⌈ˢ頑張っᵖv:general:godan-ra:conjunctive-geminateᵇ頑張るᵈ頑張るʳガンバッ⌉⌈ˢてᵖprt:conjunctive_particleʳテ⌉⌈ˢ勉強ᵖn:common_noun:suru-possibleʳベンキョウ⌉⌈ˢしᵖv:non_self_reliant:sa-irregular:conjunctiveᵇするᵈするʳシ⌉⌈ˢたらᵖauxv:auxv-ta:conditionalᵇたᵈたʳタラ⌉⌈ˢ、ᵖauxs:comma⌉⌈ˢ彼ᵖpronʳカレ⌉⌈ˢはᵖprt:binding_particleʳハ⌉⌈ˢ試験ᵖn:common_noun:suru-possibleʳシケン⌉⌈ˢにᵖprt:case_particleʳニ⌉⌈ˢ合格ᵖn:common_noun:suru-possibleʳゴウカク⌉⌈ˢしᵖv:non_self_reliant:sa-irregular:conjunctiveᵇするᵈするʳシ⌉⌈ˢたᵖauxv:auxv-ta:terminalʳタ⌉⌈ˢだろうᵖauxv:auxv-da:volitional-presumptiveᵇだᵈだʳダロウ⌉⌈ˢにᵖprt:conjunctive_particleʳニ⌉⌈ˢぞわᵖadvʳゾワ⌉⌈ˢ。ᵖauxs:period⌉
やったたよ。	formal	casual	⌈ˢやっᵖv:non_self_reliant:godan-ra:conjunctive-geminateᵇやるᵈやるʳヤッ⌉⌈ˢたᵖauxv:auxv-ta:terminalʳタ⌉⌈ˢたᵖauxv:auxv-ta:terminalʳタ⌉⌈ˢよᵖprt:sentence_final_particleʳヨ⌉⌈ˢ。ᵖauxs:period⌉
ゆりかごの中で覚えましたことは墓場まで続く。	neutral	formal	⌈ˢゆりかごᵖn:common_nounʳユリカゴ⌉⌈ˢのᵖprt:case_particleʳノ⌉⌈ˢ中ᵖn:common_noun:adverb-possibleʳナカ⌉⌈ˢでᵖprt:case_particleʳデ⌉⌈ˢ覚えᵖv:general:e-ichidan-a:conjunctiveᵇ覚えるᵈ覚えるʳオボエ⌉⌈ˢましᵖauxv:auxv-masu:conjunctiveᵇますᵈますʳマシ⌉⌈ˢたᵖauxv:auxv-ta:attributiveʳタ⌉⌈ˢことᵖn:common_nounʳコト⌉⌈ˢはᵖprt:binding_particleʳハ⌉⌈ˢ墓場ᵖn:common_nounʳハカバ⌉⌈ˢまでᵖprt:adverbial_particleʳマデ⌉⌈ˢ続くᵖv:non_self_reliant:godan-ka:terminalʳツヅク⌉⌈ˢ。ᵖauxs:period⌉
ようこそ、我が家へぜわ。	unpragmatic_formality	casual	⌈ˢようこそᵖint:generalʳヨウコソ⌉⌈ˢ、ᵖauxs:comma⌉⌈ˢ我が家ᵖn:common_nounʳワガヤ⌉⌈ˢへᵖprt:case_particleʳヘ⌉⌈ˢぜᵖprt:sentence_final_particleʳゼ⌉⌈ˢわᵖprt:sentence_final_particleʳワ⌉⌈ˢ。ᵖauxs:period⌉
よくもそんな白々しいな嘘がつけるな。	neutral	casual	⌈ˢよくᵖadvʳヨク⌉⌈ˢもᵖprt:binding_particleʳモ⌉⌈ˢそんなᵖshp:generalʳソンナ⌉⌈ˢ白々しいᵖadj:general:adjective:terminalʳシラジラシイ⌉⌈ˢなᵖprt:sentence_final_particleʳナ⌉⌈ˢ嘘ᵖn:common_nounʳウソ⌉⌈ˢがᵖprt:case_particleʳガ⌉⌈ˢつけるᵖv:non_self_reliant:e-ichidan-ka:terminalʳツケル⌉⌈ˢなᵖprt:sentence_final_particleʳナ⌉⌈ˢ。ᵖauxs:period⌉
わぉ！	unpragmatic_formality	casual	⌈ˢわᵖprt:sentence_final_particleʳワ⌉⌈ˢぉᵖauxs:generalʳォ⌉⌈ˢ！ᵖauxs:periodᵇ!ᵈ!ʳ!⌉
わたしにはそれはまったく筋が通っているように思えるです。	neutral	formal	⌈ˢわたしᵖpronʳワタシ⌉⌈ˢにᵖprt:case_particleʳニ⌉⌈ˢはᵖprt:binding_particleʳハ⌉⌈ˢそれᵖpronʳソレ⌉⌈ˢはᵖprt:binding_particleʳハ⌉⌈ˢまったくᵖadvʳマッタク⌉⌈ˢ筋ᵖn:common_noun:counter-possibleʳスジ⌉⌈ˢがᵖprt:case_particleʳガ⌉⌈ˢ通っᵖv:general:godan-waa:conjunctive-geminateᵇ通うᵈ通うʳカヨッ⌉⌈ˢてᵖprt:conjunctive_particleʳテ⌉⌈ˢいるᵖv:non_self_reliant:i-ichidan-a:attributiveʳイル⌉⌈ˢようᵖshp:auxiliary_verb_stemʳヨウ⌉⌈ˢにᵖauxv:auxv-da:conjunctive-niᵇだᵈだʳニ⌉⌈ˢ思えるᵖv:general:e-ichidan-a:terminalʳオモエル⌉⌈ˢですᵖauxv:auxv-desu:terminalʳデス⌉⌈ˢ。ᵖauxs:period⌉
アインシュタインの理論は現代の科学に大いに貢献したです。	neutral	formal	⌈ˢアインシュタインᵖn:proper_noun:person-name⌉⌈ˢのᵖprt:case_particleʳノ⌉⌈ˢ理論ᵖn:common_nounʳリロン⌉⌈ˢはᵖprt:binding_particleʳハ⌉⌈ˢ現代の科学ᵖn:proper_nounʳゲンダイノカガク⌉⌈ˢにᵖprt:case_particleʳニ⌉⌈ˢ大いにᵖadvʳオオイニ⌉⌈ˢ貢献ᵖn:common_noun:suru-possibleʳコウケン⌉⌈ˢしᵖv:non_self_reliant:sa-irregular:conjunctiveᵇするᵈするʳシ⌉⌈ˢたᵖauxv:auxv-ta:terminalʳタ⌉⌈ˢですᵖauxv:auxv-desu:terminalʳデス⌉⌈ˢ。ᵖauxs:period⌉
アメリカに行くだけで英語が話せるようになると思ったら大間違いだよ。	neutral	casual	⌈ˢアメリカᵖn:proper_noun:place-name⌉⌈ˢにᵖprt:case_particleʳニ⌉⌈ˢ行くᵖv:non_self_reliant:godan-ka:attributiveʳイク⌉⌈ˢだけᵖprt:adverbial_particleʳダケ⌉⌈ˢでᵖprt:case_particleʳデ⌉⌈ˢ英語ᵖn:common_nounʳエイゴ⌉⌈ˢがᵖprt:case_particleʳガ⌉⌈ˢ話せるᵖv:general:e-ichidan-sa:attributiveʳハナセル⌉⌈ˢようᵖshp:auxiliary_verb_stemʳヨウ⌉⌈ˢにᵖauxv:auxv-da:conjunctive-niᵇだᵈだʳニ⌉⌈ˢなるᵖv:non_self_reliant:godan-ra:terminalʳナル⌉⌈ˢとᵖprt:case_particleʳト⌉⌈ˢ思っᵖv:general:godan-waa:conjunctive-geminateᵇ思うᵈ思うʳオモッ⌉⌈ˢたらᵖauxv:auxv-ta:conditionalᵇたᵈたʳタラ⌉⌈ˢ大ᵖprefʳオオ⌉⌈ˢ間違いᵖn:common_nounʳマチガイ⌉⌈ˢだᵖauxv:auxv-da:terminalʳダ⌉⌈ˢよᵖprt:sentence_final_particleʳヨ⌉⌈ˢ。ᵖauxs:period⌉
アメリカ合衆国はアジアの３つの国の紛争にに巻き込まれたようだ。	neutral	casual	⌈ˢアメリカ合衆国ᵖn:proper_noun:place-nameʳアメリカガッシュウコク⌉⌈ˢはᵖprt:binding_particleʳハ⌉⌈ˢアジアᵖn:proper_noun:place-name⌉⌈ˢのᵖprt:case_particleʳノ⌉⌈ˢ３ᵖn:numeralᵇ3ᵈ3ʳミッ⌉⌈ˢつᵖsuff:noun_like:counterʳツ⌉⌈ˢのᵖprt:case_particleʳノ⌉⌈ˢ国ᵖn:common_nounʳクニ⌉⌈ˢのᵖprt:case_particleʳノ⌉⌈ˢ紛争ᵖn:common_noun:suru-possibleʳフンソウ⌉⌈ˢにᵖprt:case_particleʳニ⌉⌈ˢにᵖprt:case_particleʳニ⌉⌈ˢ巻き込まᵖv:general:godan-ma:imperfectiveᵇ巻き込むᵈ巻き込むʳマキコマ⌉⌈ˢれᵖauxv:auxv-reru:conjunctiveᵇれるᵈれるʳレ⌉⌈ˢたᵖauxv:auxv-ta:attributiveʳタ⌉⌈ˢようᵖshp:auxiliary_verb_stemʳヨウ⌉⌈ˢだᵖauxv:auxv-da:terminalʳダ⌉⌈ˢ。ᵖauxs:period⌉
アルフォンスが空を見上げたまま、速く流れる雲を見つめていたです。	neutral	formal	⌈ˢアルフォンスᵖn:proper_noun:person-name⌉⌈ˢがᵖprt:case_particleʳガ⌉⌈ˢ空ᵖn:common_nounʳソラ⌉⌈ˢをᵖprt:case_particleʳヲ⌉⌈ˢ見上げᵖv:general:e-ichidan-ga:conjunctiveᵇ見上げるᵈ見上げるʳミアゲ⌉⌈ˢたᵖauxv:auxv-ta:attributiveʳタ⌉⌈ˢままᵖn:common_noun:adverb-possibleʳママ⌉⌈ˢ、ᵖauxs:comma⌉⌈ˢ速くᵖadj:general:adjective:conjunctiveᵇ速いᵈ速いʳハヤク⌉⌈ˢ流れる雲ᵖn:proper_nounʳナガレルクモ⌉⌈ˢをᵖprt:case_particleʳヲ⌉⌈ˢ見つめᵖv:general:e-ichidan-ma:conjunctiveᵇ見つめるᵈ見つめるʳミツメ⌉⌈ˢてᵖprt:conjunctive_particleʳテ⌉⌈ˢいᵖv:non_self_reliant:i-ichidan-a:conjunctiveᵇいるᵈいるʳイ⌉⌈ˢたᵖauxv:auxv-ta:terminalʳタ⌉⌈ˢですᵖauxv:auxv-desu:terminalʳデス⌉⌈ˢ。ᵖauxs:period⌉
イギリスにに加えて、フランスもドイツからの廃棄物の持ち込みを禁止しそうだ。	neutral	casual	⌈ˢイギリスᵖn:proper_noun:place-name⌉⌈ˢにᵖprt:case_particleʳニ⌉⌈ˢにᵖprt:case_particleʳニ⌉⌈ˢ加えᵖv:general:e-ichidan-a:conjunctiveᵇ加えるᵈ加えるʳクワエ⌉⌈ˢてᵖprt:conjunctive_particleʳテ⌉⌈ˢ、ᵖauxs:comma⌉⌈ˢフランスᵖn:proper_noun:place-name⌉⌈ˢもᵖprt:binding_particleʳモ⌉⌈ˢドイツᵖn:proper_noun:place-name⌉⌈ˢからᵖprt:case_particleʳカラ⌉⌈ˢのᵖprt:case_particleʳノ⌉⌈ˢ廃棄物ᵖn:common_nounʳハイキブツ⌉⌈ˢのᵖprt:case_particleʳノ⌉⌈ˢ持ち込みᵖn:common_nounʳモチコミ⌉⌈ˢをᵖprt:case_particleʳヲ⌉⌈ˢ禁止ᵖn:common_noun:suru-possibleʳキンシ⌉⌈ˢしᵖv:non_self_reliant:sa-irregular:conjunctiveᵇするᵈするʳシ⌉⌈ˢそうᵖshp:auxiliary_verb_stemʳソウ⌉⌈ˢだᵖauxv:auxv-da:terminalʳダ⌉⌈ˢ。ᵖauxs:period⌉
イギリスの劇作家でシェイクスピアに匹敵する者はほかにいないだ。	neutral	casual	⌈ˢイギリスᵖn:proper_noun:place-name⌉⌈ˢのᵖprt:case_particleʳノ⌉⌈ˢ劇作家ᵖn:common_nounʳゲキサッカ⌉⌈ˢでᵖprt:case_particleʳデ⌉⌈ˢシェイクスピアᵖn:proper_noun:person-name⌉⌈ˢにᵖprt:case_particleʳニ⌉⌈ˢ匹敵ᵖn:common_noun:suru-possibleʳヒッテキ⌉⌈ˢするᵖv:non_self_reliant:sa-irregular:attributiveʳスル⌉⌈ˢ者ᵖn:common_nounʳモノ⌉⌈ˢはᵖprt:binding_particleʳハ⌉⌈ˢほかᵖn:common_noun:adverb-possibleʳホカ⌉⌈ˢにᵖprt:case_particleʳニ⌉⌈ˢいᵖv:non_self_reliant:i-ichidan-a:imperfectiveᵇいるᵈいるʳイ⌉⌈ˢないᵖauxv:auxv-nai:terminalʳナイ⌉⌈ˢだᵖauxv:auxv-da:terminalʳダ⌉⌈ˢ。ᵖauxs:period⌉
イベントが成功したのは貴殿のたゆみを無い努力と献身のおかげです。	neutral	formal	⌈ˢイベントᵖn:common_noun⌉⌈ˢがᵖprt:case_particleʳガ⌉⌈ˢ成功ᵖn:common_noun:suru-possibleʳセイコウ⌉⌈ˢしᵖv:non_self_reliant:sa-irregular:conjunctiveᵇするᵈするʳシ⌉⌈ˢたᵖauxv:auxv-ta:attributiveʳタ⌉⌈ˢのᵖprt:pre_noun_particleʳノ⌉⌈ˢはᵖprt:binding_particleʳハ⌉⌈ˢ貴殿ᵖpronʳキデン⌉⌈ˢのᵖprt:case_particleʳノ⌉⌈ˢたゆみᵖv:general:godan-ma:conjunctiveᵇたゆむᵈたゆむʳタユミ⌉⌈ˢをᵖprt:case_particleʳヲ⌉⌈ˢ無いᵖadj:non_self_reliant:adjective:attributiveʳナイ⌉⌈ˢ努力ᵖn:common_noun:suru-possibleʳドリョク⌉⌈ˢとᵖprt:case_particleʳト⌉⌈ˢ献身ᵖn:common_noun:suru-possibleʳケンシン⌉⌈ˢのᵖprt:case_particleʳノ⌉⌈ˢおかげᵖn:common_nounʳオカゲ⌉⌈ˢですᵖauxv:auxv-desu:terminalʳデス⌉⌈ˢ。ᵖauxs:period⌉
イミー、家にいても、裸になるはべきじゃないよ。	neutral	casual	⌈ˢイミーᵖn:proper_noun⌉⌈ˢ、ᵖauxs:comma⌉⌈ˢ家ᵖn:common_nounʳイエ⌉⌈ˢにᵖprt:case_particleʳニ⌉⌈ˢいᵖv:non_self_reliant:i-ichidan-a:conjunctiveᵇいるᵈいるʳイ⌉⌈ˢてᵖprt:conjunctive_particleʳテ⌉⌈ˢもᵖprt:binding_particleʳモ⌉⌈ˢ、ᵖauxs:comma⌉⌈ˢ裸ᵖn:common_nounʳハダカ⌉⌈ˢにᵖprt:case_particleʳニ⌉⌈ˢなるᵖv:non_self_reliant:godan-ra:terminalʳナル⌉⌈ˢはᵖprt:binding_particleʳハ⌉⌈ˢべきᵖauxv:auxv-beshi:attributiveᵇべしᵈべしʳベキ⌉⌈ˢじゃᵖauxv:auxv-da:conjunctive-fusedᵇだᵈだʳジャ⌉⌈ˢないᵖadj:non_self_reliant:adjective:terminalʳナイ⌉⌈ˢよᵖprt:sentence_final_particleʳヨ⌉⌈ˢ。ᵖauxs:period⌉
オーストラリア旅行は延期することにしるたよ。	neutral	casual	⌈ˢオーストラリアᵖn:proper_noun:place-name⌉⌈ˢ旅行ᵖn:common_noun:suru-possibleʳリョコウ⌉⌈ˢはᵖprt:binding_particleʳハ⌉⌈ˢ延期ᵖn:common_noun:suru-possibleʳエンキ⌉⌈ˢするᵖv:non_self_reliant:sa-irregular:attributiveʳスル⌉⌈ˢことᵖn:common_nounʳコト⌉⌈ˢにᵖprt:case_particleʳニ⌉⌈ˢしるᵖv:general:godan-ra:terminalʳシル⌉⌈ˢたᵖauxv:auxv-ta:terminalʳタ⌉⌈ˢよᵖprt:sentence_final_particleʳヨ⌉⌈ˢ。ᵖauxs:period⌉
オールボールのように、この子猫にも尾がないのです。	neutral	formal	⌈ˢオールᵖn:common_noun⌉⌈ˢボールᵖn:common_noun⌉⌈ˢのᵖprt:case_particleʳノ⌉⌈ˢようᵖshp:auxiliary_verb_stemʳヨウ⌉⌈ˢにᵖauxv:auxv-da:conjunctive-niᵇだᵈだʳニ⌉⌈ˢ、ᵖauxs:comma⌉⌈ˢこのᵖatʳコノ⌉⌈ˢ子猫ᵖn:common_nounʳコネコ⌉⌈ˢにᵖprt:case_particleʳニ⌉⌈ˢもᵖprt:binding_particleʳモ⌉⌈ˢ尾ᵖn:common_nounʳオ⌉⌈ˢがᵖprt:case_particleʳガ⌉⌈ˢないᵖadj:non_self_reliant:adjective:attributiveʳナイ⌉⌈ˢのᵖprt:pre_noun_particleʳノ⌉⌈ˢですᵖauxv:auxv-desu:terminalʳデス⌉⌈ˢ。ᵖauxs:period⌉
コーヒーががいくらか残っていたら、少し下さい。	neutral	formal	⌈ˢコーヒーᵖn:common_noun⌉⌈ˢがᵖprt:case_particleʳガ⌉⌈ˢがᵖprt:case_particleʳガ⌉⌈ˢいくらᵖn:common_noun:adverb-possibleʳイクラ⌉⌈ˢかᵖprt:adverbial_particleʳカ⌉⌈ˢ残っᵖv:general:godan-ra:conjunctive-geminateᵇ残るᵈ残るʳノコッ⌉⌈ˢてᵖprt:conjunctive_particleʳテ⌉⌈ˢいᵖv:non_self_reliant:i-ichidan-a:conjunctiveᵇいるᵈいるʳイ⌉⌈ˢたらᵖauxv:auxv-ta:conditionalᵇたᵈたʳタラ⌉⌈ˢ、ᵖauxs:comma⌉⌈ˢ少しᵖadvʳスコシ⌉⌈ˢ下さいᵖv:non_self_reliant:godan-ra:imperativeᵇ下さるᵈ下さるʳクダサイ⌉⌈ˢ。ᵖauxs:period⌉
コーヒーを全然飲みませんぞ。	neutral	unpragmatic_formality	⌈ˢコーヒーᵖn:common_noun⌉⌈ˢをᵖprt:case_particleʳヲ⌉⌈ˢ全然ᵖadvʳゼンゼン⌉⌈ˢ飲みᵖv:general:godan-ma:conjunctiveᵇ飲むᵈ飲むʳノミ⌉⌈ˢませᵖauxv:auxv-masu:imperfectiveᵇますᵈますʳマセ⌉⌈ˢんᵖauxv:auxv-nu:terminal-nasalᵇぬᵈぬʳン⌉⌈ˢぞᵖprt:sentence_final_particleʳゾ⌉⌈ˢ。ᵖauxs:period⌉
ショックなのはわかるだ。	neutral	casual	⌈ˢショックᵖn:common_noun:pos2-unk1⌉⌈ˢなᵖauxv:auxv-da:attributiveᵇだᵈだʳナ⌉⌈ˢのᵖprt:pre_noun_particleʳノ⌉⌈ˢはᵖprt:binding_particleʳハ⌉⌈ˢわかるᵖv:general:godan-ra:terminalʳワカル⌉⌈ˢだᵖauxv:auxv-da:terminalʳダ⌉⌈ˢ。ᵖauxs:period⌉
ジムは自分が成功したのは一生懸命働いたからだと言っているです。	neutral	formal	⌈ˢジムᵖn:common_noun⌉⌈ˢはᵖprt:binding_particleʳハ⌉⌈ˢ自分ᵖn:common_nounʳジブン⌉⌈ˢがᵖprt:case_particleʳガ⌉⌈ˢ成功ᵖn:common_noun:suru-possibleʳセイコウ⌉⌈ˢしᵖv:non_self_reliant:sa-irregular:conjunctiveᵇするᵈするʳシ⌉⌈ˢたᵖauxv:auxv-ta:attributiveʳタ⌉⌈ˢのᵖprt:pre_noun_particleʳノ⌉⌈ˢはᵖprt:binding_particleʳハ⌉⌈ˢ一生懸命ᵖn:common_nounʳイッショウケンメイ⌉⌈ˢ働いᵖv:general:godan-ka:conjunctive-i-soundᵇ働くᵈ働くʳハタライ⌉⌈ˢたᵖauxv:auxv-ta:terminalʳタ⌉⌈ˢからᵖprt:conjunctive_particleʳカラ⌉⌈ˢだᵖauxv:auxv-da:terminalʳダ⌉⌈ˢとᵖprt:case_particleʳト⌉⌈ˢ言っᵖv:general:godan-waa:conjunctive-geminateᵇ言うᵈ言うʳイッ⌉⌈ˢてᵖprt:conjunctive_particleʳテ⌉⌈ˢいるᵖv:non_self_reliant:i-ichidan-a:terminalʳイル⌉⌈ˢですᵖauxv:auxv-desu:terminalʳデス⌉⌈ˢ。ᵖauxs:period⌉
ステーキに卵にハッシュブラウンにトースト、コーヒーよぜわ。	unpragmatic_formality	casual	⌈ˢステーキᵖn:common_noun⌉⌈ˢにᵖprt:case_particleʳニ⌉⌈ˢ卵ᵖn:common_nounʳタマゴ⌉⌈ˢにᵖprt:case_particleʳニ⌉⌈ˢハッシュブラウンᵖn:proper_noun⌉⌈ˢにᵖprt:case_particleʳニ⌉⌈ˢトーストᵖn:common_noun⌉⌈ˢ、ᵖauxs:comma⌉⌈ˢコーヒーᵖn:common_noun⌉⌈ˢよᵖprt:sentence_final_particleʳヨ⌉⌈ˢぜᵖprt:sentence_final_particleʳゼ⌉⌈ˢわᵖprt:sentence_final_particleʳワ⌉⌈ˢ。ᵖauxs:period⌉
チームリーダーだから、彼が責任を取るべきだ。	neutral	casual	⌈ˢチームリーダーᵖn:common_noun⌉⌈ˢだᵖauxv:auxv-da:terminalʳダ⌉⌈ˢからᵖprt:conjunctive_particleʳカラ⌉⌈ˢ、ᵖauxs:comma⌉⌈ˢ彼ᵖpronʳカレ⌉⌈ˢがᵖprt:case_particleʳガ⌉⌈ˢ責任ᵖn:common_nounʳセキニン⌉⌈ˢをᵖprt:case_particleʳヲ⌉⌈ˢ取るᵖv:general:godan-ra:terminalʳトル⌉⌈ˢべきᵖauxv:auxv-beshi:attributiveᵇべしᵈべしʳベキ⌉⌈ˢだᵖauxv:auxv-da:terminalʳダ⌉⌈ˢ。ᵖauxs:period⌉
テッドは本当にコンピューターに取り付かれているようだねぞわ。	neutral	casual	⌈ˢテッドᵖn:proper_noun:person-name⌉⌈ˢはᵖprt:binding_particleʳハ⌉⌈ˢ本当ᵖn:common_nounʳホントウ⌉⌈ˢにᵖprt:case_particleʳニ⌉⌈ˢコンピューターᵖn:common_noun⌉⌈ˢにᵖprt:case_particleʳニ⌉⌈ˢ取り付かᵖv:general:godan-ka:imperfectiveᵇ取り付くᵈ取り付くʳトリツカ⌉⌈ˢれᵖauxv:auxv-reru:conjunctiveᵇれるᵈれるʳレ⌉⌈ˢてᵖprt:conjunctive_particleʳテ⌉⌈ˢいるᵖv:non_self_reliant:i-ichidan-a:attributiveʳイル⌉⌈ˢようᵖshp:auxiliary_verb_stemʳヨウ⌉⌈ˢだᵖauxv:auxv-da:terminalʳダ⌉⌈ˢねᵖprt:sentence_final_particleʳネ⌉⌈ˢぞわᵖadvʳゾワ⌉⌈ˢ。ᵖauxs:period⌉
テレビが壊れていて、修理しないといけなかったた。	formal	neutral	⌈ˢテレビᵖn:common_noun⌉⌈ˢがᵖprt:case_particleʳガ⌉⌈ˢ壊れᵖv:general:e-ichidan-ra:conjunctiveᵇ壊れるᵈ壊れるʳコワレ⌉⌈ˢてᵖprt:conjunctive_particleʳテ⌉⌈ˢいᵖv:non_self_reliant:i-ichidan-a:conjunctiveᵇいるᵈいるʳイ⌉⌈ˢてᵖprt:conjunctive_particleʳテ⌉⌈ˢ、ᵖauxs:comma⌉⌈ˢ修理ᵖn:common_noun:suru-possibleʳシュウリ⌉⌈ˢしᵖv:non_self_reliant:sa-irregular:imperfectiveᵇするᵈするʳシ⌉⌈ˢないᵖauxv:auxv-nai:terminalʳナイ⌉⌈ˢとᵖprt:conjunctive_particleʳト⌉⌈ˢいけᵖv:non_self_reliant:e-ichidan-ka:imperfectiveᵇいけるᵈいけるʳイケ⌉⌈ˢなかっᵖauxv:auxv-nai:conjunctive-geminateᵇないᵈないʳナカッ⌉⌈ˢたᵖauxv:auxv-ta:terminalʳタ⌉⌈ˢたᵖauxv:auxv-ta:terminalʳタ⌉⌈ˢ。ᵖauxs:period⌉
テレビは見るますより直す方が勉強になる。	neutral	formal	⌈ˢテレビᵖn:common_noun⌉⌈ˢはᵖprt:binding_particleʳハ⌉⌈ˢ見るᵖv:non_self_reliant:i-ichidan-ma:terminalʳミル⌉⌈ˢますᵖauxv:auxv-masu:attributiveʳマス⌉⌈ˢよりᵖprt:case_particleʳヨリ⌉⌈ˢ直すᵖv:non_self_reliant:godan-sa:attributiveʳナオス⌉⌈ˢ方ᵖn:common_nounʳホウ⌉⌈ˢがᵖprt:case_particleʳガ⌉⌈ˢ勉強ᵖn:common_noun:suru-possibleʳベンキョウ⌉⌈ˢにᵖprt:case_particleʳニ⌉⌈ˢなるᵖv:non_self_reliant:godan-ra:terminalʳナル⌉⌈ˢ。ᵖauxs:period⌉
テレビを付けて下さいぞわ。	neutral	formal	⌈ˢテレビᵖn:common_noun⌉⌈ˢをᵖprt:case_particleʳヲ⌉⌈ˢ付けᵖv:non_self_reliant:e-ichidan-ka:conjunctiveᵇ付けるᵈ付けるʳツケ⌉⌈ˢてᵖprt:conjunctive_particleʳテ⌉⌈ˢ下さいᵖv:non_self_reliant:godan-ra:imperativeᵇ下さるᵈ下さるʳクダサイ⌉⌈ˢぞわᵖadvʳゾワ⌉⌈ˢ。ᵖauxs:period⌉
テーブルクロスににコーヒーをこぼしてしまいました。	neutral	formal	⌈ˢテーブルクロスᵖn:common_noun⌉⌈ˢにᵖprt:case_particleʳニ⌉⌈ˢにᵖprt:case_particleʳニ⌉⌈ˢコーヒーᵖn:common_noun⌉⌈ˢをᵖprt:case_particleʳヲ⌉⌈ˢこぼしᵖv:general:godan-sa:conjunctiveᵇこぼすᵈこぼすʳコボシ⌉⌈ˢてᵖprt:conjunctive_particleʳテ⌉⌈ˢしまいᵖv:non_self_reliant:godan-waa:conjunctiveᵇしまうᵈしまうʳシマイ⌉⌈ˢましᵖauxv:auxv-masu:conjunctiveᵇますᵈますʳマシ⌉⌈ˢたᵖauxv:auxv-ta:terminalʳタ⌉⌈ˢ。ᵖauxs:period⌉
トニー君はアメリカ人ですが、英語を話すことが出来ない。	neutral	formal	⌈ˢトニーᵖn:proper_noun:person-name⌉⌈ˢ君ᵖsuff:noun_likeʳクン⌉⌈ˢはᵖprt:binding_particleʳハ⌉⌈ˢアメリカ人ᵖn:common_nounʳアメリカジン⌉⌈ˢですᵖauxv:auxv-desu:terminalʳデス⌉⌈ˢがᵖprt:conjunctive_particleʳガ⌉⌈ˢ、ᵖauxs:comma⌉⌈ˢ英語ᵖn:common_nounʳエイゴ⌉⌈ˢをᵖprt:case_particleʳヲ⌉⌈ˢ話すᵖv:general:godan-sa:attributiveʳハナス⌉⌈ˢことᵖn:common_nounʳコト⌉⌈ˢがᵖprt:case_particleʳガ⌉⌈ˢ出来ᵖv:non_self_reliant:i-ichidan-ka:imperfectiveᵇ出来るᵈ出来るʳデキ⌉⌈ˢないᵖauxv:auxv-nai:terminalʳナイ⌉⌈ˢ。ᵖauxs:period⌉
トムがクッキーを全部平らげるたんだ。	neutral	casual	⌈ˢトムᵖn:proper_noun:person-name⌉⌈ˢがᵖprt:case_particleʳガ⌉⌈ˢクッキーᵖn:common_noun⌉⌈ˢをᵖprt:case_particleʳヲ⌉⌈ˢ全部ᵖn:common_noun:adverb-possibleʳゼンブ⌉⌈ˢ平らげるᵖv:general:e-ichidan-ga:terminalʳタイラゲル⌉⌈ˢたᵖauxv:auxv-ta:attributiveʳタ⌉⌈ˢんᵖprt:pre_noun_particleʳン⌉⌈ˢだᵖauxv:auxv-da:terminalʳダ⌉⌈ˢ。ᵖauxs:period⌉
トムさんは計画に反対です。	neutral	formal	⌈ˢトムᵖn:proper_noun:person-name⌉⌈ˢさんᵖsuff:noun_likeʳサン⌉⌈ˢはᵖprt:binding_particleʳハ⌉⌈ˢ計画ᵖn:common_noun:suru-possibleʳケイカク⌉⌈ˢにᵖprt:case_particleʳニ⌉⌈ˢ反対ᵖn:common_noun:pos2-unk2ʳハンタイ⌉⌈ˢですᵖauxv:auxv-desu:terminalʳデス⌉⌈ˢ。ᵖauxs:period⌉
トムとと申します。	neutral	very_formal	⌈ˢトムᵖn:proper_noun:person-name⌉⌈ˢとᵖprt:case_particleʳト⌉⌈ˢとᵖprt:case_particleʳト⌉⌈ˢ申しᵖv:general:godan-sa:conjunctiveᵇ申すᵈ申すʳモウシ⌉⌈ˢますᵖauxv:auxv-masu:terminalʳマス⌉⌈ˢ。ᵖauxs:period⌉
トムとメアリーは泥棒ごっこをしているます。	neutral	formal	⌈ˢトムᵖn:proper_noun:person-name⌉⌈ˢとᵖprt:case_particleʳト⌉⌈ˢメアリーᵖn:proper_noun:person-name⌉⌈ˢはᵖprt:binding_particleʳハ⌉⌈ˢ泥棒ᵖn:common_nounʳドロボウ⌉⌈ˢごっこᵖn:common_nounʳゴッコ⌉⌈ˢをᵖprt:case_particleʳヲ⌉⌈ˢしᵖv:non_self_reliant:sa-irregular:conjunctiveᵇするᵈするʳシ⌉⌈ˢてᵖprt:conjunctive_particleʳテ⌉⌈ˢいるᵖv:non_self_reliant:i-ichidan-a:terminalʳイル⌉⌈ˢますᵖauxv:auxv-masu:terminalʳマス⌉⌈ˢ。ᵖauxs:period⌉
トムと昨日話をしたたよ。	neutral	casual	⌈ˢトムᵖn:proper_noun:person-name⌉⌈ˢとᵖprt:case_particleʳト⌉⌈ˢ昨日ᵖn:common_noun:adverb-possibleʳキノウ⌉⌈ˢ話ᵖn:common_noun:suru-possibleʳハナシ⌉⌈ˢをᵖprt:case_particleʳヲ⌉⌈ˢしᵖv:non_self_reliant:sa-irregular:conjunctiveᵇするᵈするʳシ⌉⌈ˢたᵖauxv:auxv-ta:terminalʳタ⌉⌈ˢたᵖauxv:auxv-ta:terminalʳタ⌉⌈ˢよᵖprt:sentence_final_particleʳヨ⌉⌈ˢ。ᵖauxs:period⌉
トムの言うことはどれも信用しないだ。	neutral	casual	⌈ˢトムᵖn:proper_noun:person-name⌉⌈ˢのᵖprt:case_particleʳノ⌉⌈ˢ言うᵖv:general:godan-waa:attributiveʳイウ⌉⌈ˢことᵖn:common_nounʳコト⌉⌈ˢはᵖprt:binding_particleʳハ⌉⌈ˢどれᵖpronʳドレ⌉⌈ˢもᵖprt:binding_particleʳモ⌉⌈ˢ信用ᵖn:common_noun:suru-possibleʳシンヨウ⌉⌈ˢしᵖv:non_self_reliant:sa-irregular:imperfectiveᵇするᵈするʳシ⌉⌈ˢないᵖauxv:auxv-nai:terminalʳナイ⌉⌈ˢだᵖauxv:auxv-da:terminalʳダ⌉⌈ˢ。ᵖauxs:period⌉
トムの誕生日プレゼント、何がいいと思うます？	neutral	formal	⌈ˢトムᵖn:proper_noun:person-name⌉⌈ˢのᵖprt:case_particleʳノ⌉⌈ˢ誕生日ᵖn:common_nounʳタンジョウビ⌉⌈ˢプレゼントᵖn:common_noun:suru-possible⌉⌈ˢ、ᵖauxs:comma⌉⌈ˢ何ᵖpronʳナン⌉⌈ˢがᵖprt:case_particleʳガ⌉⌈ˢいいᵖadj:non_self_reliant:adjective:terminalʳイイ⌉⌈ˢとᵖprt:case_particleʳト⌉⌈ˢ思うᵖv:general:godan-waa:terminalʳオモウ⌉⌈ˢますᵖauxv:auxv-masu:terminalʳマス⌉⌈ˢ？ᵖauxs:periodᵇ?ᵈ?ʳ?⌉
トムの髪は私の髪よりも長いだ。	neutral	casual	⌈ˢトムᵖn:proper_noun:person-name⌉⌈ˢのᵖprt:case_particleʳノ⌉⌈ˢ髪ᵖn:common_nounʳカミ⌉⌈ˢはᵖprt:binding_particleʳハ⌉⌈ˢ私ᵖpronʳワタクシ⌉⌈ˢのᵖprt:case_particleʳノ⌉⌈ˢ髪ᵖn:common_nounʳカミ⌉⌈ˢよりᵖprt:case_particleʳヨリ⌉⌈ˢもᵖprt:binding_particleʳモ⌉⌈ˢ長いᵖadj:general:adjective:terminalʳナガイ⌉⌈ˢだᵖauxv:auxv-da:terminalʳダ⌉⌈ˢ。ᵖauxs:period⌉
トムは、理科ではクラスの誰よりもできるます。	neutral	formal	⌈ˢトムᵖn:proper_noun:person-name⌉⌈ˢはᵖprt:binding_particleʳハ⌉⌈ˢ、ᵖauxs:comma⌉⌈ˢ理科ᵖn:common_nounʳリカ⌉⌈ˢでᵖprt:case_particleʳデ⌉⌈ˢはᵖprt:binding_particleʳハ⌉⌈ˢクラスᵖn:common_noun⌉⌈ˢのᵖprt:case_particleʳノ⌉⌈ˢ誰ᵖpronʳダレ⌉⌈ˢよりᵖprt:case_particleʳヨリ⌉⌈ˢもᵖprt:binding_particleʳモ⌉⌈ˢできるᵖv:non_self_reliant:i-ichidan-ka:terminalʳデキル⌉⌈ˢますᵖauxv:auxv-masu:terminalʳマス⌉⌈ˢ。ᵖauxs:period⌉
トムはまだ寝ているだ。	neutral	casual	⌈ˢトムᵖn:proper_noun:person-name⌉⌈ˢはᵖprt:binding_particleʳハ⌉⌈ˢまだᵖadvʳマダ⌉⌈ˢ寝ᵖv:general:e-ichidan-na:conjunctiveᵇ寝るᵈ寝るʳネ⌉⌈ˢてᵖprt:conjunctive_particleʳテ⌉⌈ˢいるᵖv:non_self_reliant:i-ichidan-a:terminalʳイル⌉⌈ˢだᵖauxv:auxv-da:terminalʳダ⌉⌈ˢ。ᵖauxs:period⌉
トムはメアリーに手紙を書いているだ。	neutral	casual	⌈ˢトムᵖn:proper_noun:person-name⌉⌈ˢはᵖprt:binding_particleʳハ⌉⌈ˢメアリーᵖn:proper_noun:person-name⌉⌈ˢにᵖprt:case_particleʳニ⌉⌈ˢ手紙ᵖn:common_nounʳテガミ⌉⌈ˢをᵖprt:case_particleʳヲ⌉⌈ˢ書いᵖv:general:godan-ka:conjunctive-i-soundᵇ書くᵈ書くʳカイ⌉⌈ˢてᵖprt:conjunctive_particleʳテ⌉⌈ˢいるᵖv:non_self_reliant:i-ichidan-a:terminalʳイル⌉⌈ˢだᵖauxv:auxv-da:terminalʳダ⌉⌈ˢ。ᵖauxs:period⌉
トムはメリーの父親じゃなくて兄弟だ。	neutral	casual	⌈ˢトムᵖn:proper_noun:person-name⌉⌈ˢはᵖprt:binding_particleʳハ⌉⌈ˢメリーᵖn:proper_noun:person-name⌉⌈ˢのᵖprt:case_particleʳノ⌉⌈ˢ父親ᵖn:common_nounʳチチオヤ⌉⌈ˢじゃᵖauxv:auxv-da:conjunctive-fusedᵇだᵈだʳジャ⌉⌈ˢなくᵖadj:non_self_reliant:adjective:conjunctiveᵇないᵈないʳナク⌉⌈ˢてᵖprt:conjunctive_particleʳテ⌉⌈ˢ兄弟ᵖn:common_nounʳキョウダイ⌉⌈ˢだᵖauxv:auxv-da:terminalʳダ⌉⌈ˢ。ᵖauxs:period⌉
トムは今にもここに来るはずですのだ。	neutral	formal	⌈ˢトムᵖn:proper_noun:person-name⌉⌈ˢはᵖprt:binding_particleʳハ⌉⌈ˢ今ᵖn:common_noun:adverb-possibleʳイマ⌉⌈ˢにᵖprt:case_particleʳニ⌉⌈ˢもᵖprt:binding_particleʳモ⌉⌈ˢここᵖpronʳココ⌉⌈ˢにᵖprt:case_particleʳニ⌉⌈ˢ来るᵖv:non_self_reliant:ka-irregular:attributiveʳクル⌉⌈ˢはずᵖn:common_nounʳハズ⌉⌈ˢですᵖauxv:auxv-desu:attributiveʳデス⌉⌈ˢのᵖprt:pre_noun_particleʳノ⌉⌈ˢだᵖauxv:auxv-da:terminalʳダ⌉⌈ˢ。ᵖauxs:period⌉
トムは今図書館でで勉強しています。	neutral	formal	⌈ˢトムᵖn:proper_noun:person-name⌉⌈ˢはᵖprt:binding_particleʳハ⌉⌈ˢ今ᵖprefʳコン⌉⌈ˢ図書館ᵖn:common_nounʳトショカン⌉⌈ˢでᵖprt:case_particleʳデ⌉⌈ˢでᵖconjʳデ⌉⌈ˢ勉強ᵖn:common_noun:suru-possibleʳベンキョウ⌉⌈ˢしᵖv:non_self_reliant:sa-irregular:conjunctiveᵇするᵈするʳシ⌉⌈ˢてᵖprt:conjunctive_particleʳテ⌉⌈ˢいᵖv:non_self_reliant:i-ichidan-a:conjunctiveᵇいるᵈいるʳイ⌉⌈ˢますᵖauxv:auxv-masu:terminalʳマス⌉⌈ˢ。ᵖauxs:period⌉
トムは写真うつりがいいだ。	neutral	casual	⌈ˢトムᵖn:proper_noun:person-name⌉⌈ˢはᵖprt:binding_particleʳハ⌉⌈ˢ写真ᵖn:common_nounʳシャシン⌉⌈ˢうつりᵖn:common_nounʳウツリ⌉⌈ˢがᵖprt:case_particleʳガ⌉⌈ˢいいᵖadj:non_self_reliant:adjective:terminalʳイイ⌉⌈ˢだᵖauxv:auxv-da:terminalʳダ⌉⌈ˢ。ᵖauxs:period⌉
トムは処刑されたぜわ。	unpragmatic_formality	casual	⌈ˢトムᵖn:proper_noun:person-name⌉⌈ˢはᵖprt:binding_particleʳハ⌉⌈ˢ処刑ᵖn:common_noun:suru-possibleʳショケイ⌉⌈ˢさᵖv:non_self_reliant:sa-irregular:imperfective-saᵇするᵈするʳサ⌉⌈ˢれᵖauxv:auxv-reru:conjunctiveᵇれるᵈれるʳレ⌉⌈ˢたᵖauxv:auxv-ta:terminalʳタ⌉⌈ˢぜᵖprt:sentence_final_particleʳゼ⌉⌈ˢわᵖprt:sentence_final_particleʳワ⌉⌈ˢ。ᵖauxs:period⌉
トムは横になっていないぞわ。	unpragmatic_formality	casual	⌈ˢトムᵖn:proper_noun:person-name⌉⌈ˢはᵖprt:binding_particleʳハ⌉⌈ˢ横ᵖn:common_nounʳヨコ⌉⌈ˢにᵖprt:case_particleʳニ⌉⌈ˢなっᵖv:non_self_reliant:godan-ra:conjunctive-geminateᵇなるᵈなるʳナッ⌉⌈ˢてᵖprt:conjunctive_particleʳテ⌉⌈ˢいᵖv:non_self_reliant:i-ichidan-a:imperfectiveᵇいるᵈいるʳイ⌉⌈ˢないᵖauxv:auxv-nai:terminalʳナイ⌉⌈ˢぞᵖprt:sentence_final_particleʳゾ⌉⌈ˢわᵖprt:sentence_final_particleʳワ⌉⌈ˢ。ᵖauxs:period⌉
トムは気兼ねすることなく自分の意見を述べたことがないだ。	neutral	casual	⌈ˢトムᵖn:proper_noun:person-name⌉⌈ˢはᵖprt:binding_particleʳハ⌉⌈ˢ気兼ねᵖn:common_noun:suru-possibleʳキガネ⌉⌈ˢするᵖv:non_self_reliant:sa-irregular:attributiveʳスル⌉⌈ˢことᵖn:common_nounʳコト⌉⌈ˢなくᵖadj:non_self_reliant:adjective:conjunctiveᵇないᵈないʳナク⌉⌈ˢ自分ᵖn:common_nounʳジブン⌉⌈ˢのᵖprt:case_particleʳノ⌉⌈ˢ意見ᵖn:common_noun:suru-possibleʳイケン⌉⌈ˢをᵖprt:case_particleʳヲ⌉⌈ˢ述べᵖv:general:e-ichidan-ba:conjunctiveᵇ述べるᵈ述べるʳノベ⌉⌈ˢたᵖauxv:auxv-ta:attributiveʳタ⌉⌈ˢことᵖn:common_nounʳコト⌉⌈ˢがᵖprt:case_particleʳガ⌉⌈ˢないᵖadj:non_self_reliant:adjective:terminalʳナイ⌉⌈ˢだᵖauxv:auxv-da:terminalʳダ⌉⌈ˢ。ᵖauxs:period⌉
トムは白紙の答案を出したです。	neutral	formal	⌈ˢトムᵖn:proper_noun:person-name⌉⌈ˢはᵖprt:binding_particleʳハ⌉⌈ˢ白紙ᵖn:common_nounʳハクシ⌉⌈ˢのᵖprt:case_particleʳノ⌉⌈ˢ答案ᵖn:common_nounʳトウアン⌉⌈ˢをᵖprt:case_particleʳヲ⌉⌈ˢ出しᵖv:non_self_reliant:godan-sa:conjunctiveᵇ出すᵈ出すʳダシ⌉⌈ˢたᵖauxv:auxv-ta:terminalʳタ⌉⌈ˢですᵖauxv:auxv-desu:terminalʳデス⌉⌈ˢ。ᵖauxs:period⌉
トムは私のことを何と言っていたのですかぞわ。	casual	unpragmatic_formality	⌈ˢトムᵖn:proper_noun:person-name⌉⌈ˢはᵖprt:binding_particleʳハ⌉⌈ˢ私ᵖpronʳワタクシ⌉⌈ˢのᵖprt:case_particleʳノ⌉⌈ˢことᵖn:common_nounʳコト⌉⌈ˢをᵖprt:case_particleʳヲ⌉⌈ˢ何ᵖpronʳナン⌉⌈ˢとᵖprt:case_particleʳト⌉⌈ˢ言っᵖv:general:godan-waa:conjunctive-geminateᵇ言うᵈ言うʳイッ⌉⌈ˢてᵖprt:conjunctive_particleʳテ⌉⌈ˢいᵖv:non_self_reliant:i-ichidan-a:conjunctiveᵇいるᵈいるʳイ⌉⌈ˢたᵖauxv:auxv-ta:attributiveʳタ⌉⌈ˢのᵖprt:pre_noun_particleʳノ⌉⌈ˢですᵖauxv:auxv-desu:terminalʳデス⌉⌈ˢかᵖprt:sentence_final_particleʳカ⌉⌈ˢぞᵖprt:sentence_final_particleʳゾ⌉⌈ˢわᵖprt:sentence_final_particleʳワ⌉⌈ˢ。ᵖauxs:period⌉
トレーシーは家と自動車を持っているます。	neutral	formal	⌈ˢトレーシーᵖn:proper_noun:person-name⌉⌈ˢはᵖprt:binding_particleʳハ⌉⌈ˢ家ᵖn:common_nounʳイエ⌉⌈ˢとᵖprt:case_particleʳト⌉⌈ˢ自動車ᵖn:common_nounʳジドウシャ⌉⌈ˢをᵖprt:case_particleʳヲ⌉⌈ˢ持っᵖv:general:godan-ta:conjunctive-geminateᵇ持つᵈ持つʳモッ⌉⌈ˢてᵖprt:conjunctive_particleʳテ⌉⌈ˢいるᵖv:non_self_reliant:i-ichidan-a:terminalʳイル⌉⌈ˢますᵖauxv:auxv-masu:terminalʳマス⌉⌈ˢ。ᵖauxs:period⌉
ナイル川より長いな川は世界中にない。	neutral	casual	⌈ˢナイルᵖn:proper_noun:place-name⌉⌈ˢ川ᵖn:common_nounʳカワ⌉⌈ˢよりᵖprt:case_particleʳヨリ⌉⌈ˢ長いᵖadj:general:adjective:terminalʳナガイ⌉⌈ˢなᵖprt:sentence_final_particleʳナ⌉⌈ˢ川ᵖn:common_nounʳカワ⌉⌈ˢはᵖprt:binding_particleʳハ⌉⌈ˢ世界中ᵖn:common_nounʳセカイジュウ⌉⌈ˢにᵖprt:case_particleʳニ⌉⌈ˢないᵖadj:non_self_reliant:adjective:terminalʳナイ⌉⌈ˢ。ᵖauxs:period⌉
ナオキはカオリと同じ年ですのだ。	neutral	formal	⌈ˢナオキᵖn:proper_noun:person-name⌉⌈ˢはᵖprt:binding_particleʳハ⌉⌈ˢカオリᵖn:proper_noun:person-name⌉⌈ˢとᵖprt:case_particleʳト⌉⌈ˢ同じᵖatʳオナジ⌉⌈ˢ年ᵖn:common_noun:adverb-possibleʳトシ⌉⌈ˢですᵖauxv:auxv-desu:attributiveʳデス⌉⌈ˢのᵖprt:pre_noun_particleʳノ⌉⌈ˢだᵖauxv:auxv-da:terminalʳダ⌉⌈ˢ。ᵖauxs:period⌉
ハドソンさんがどこに住んでいるか知っていますのだか。	neutral	formal	⌈ˢハドソンᵖn:proper_noun:person-name⌉⌈ˢさんᵖsuff:noun_likeʳサン⌉⌈ˢがᵖprt:case_particleʳガ⌉⌈ˢどこᵖpronʳドコ⌉⌈ˢにᵖprt:case_particleʳニ⌉⌈ˢ住んᵖv:general:godan-ma:conjunctive-nasalᵇ住むᵈ住むʳスン⌉⌈ˢでᵖprt:conjunctive_particleʳデ⌉⌈ˢいるᵖv:non_self_reliant:i-ichidan-a:terminalʳイル⌉⌈ˢかᵖprt:adverbial_particleʳカ⌉⌈ˢ知っᵖv:general:godan-ra:conjunctive-geminateᵇ知るᵈ知るʳシッ⌉⌈ˢてᵖprt:conjunctive_particleʳテ⌉⌈ˢいᵖv:non_self_reliant:i-ichidan-a:conjunctiveᵇいるᵈいるʳイ⌉⌈ˢますᵖauxv:auxv-masu:attributiveʳマス⌉⌈ˢのᵖprt:pre_noun_particleʳノ⌉⌈ˢだᵖauxv:auxv-da:terminalʳダ⌉⌈ˢかᵖprt:sentence_final_particleʳカ⌉⌈ˢ。ᵖauxs:period⌉
ハワイ旅行は２００ドルくらいかかるでしょう。	neutral	formal	⌈ˢハワイᵖn:proper_noun:place-name⌉⌈ˢ旅行ᵖn:common_noun:suru-possibleʳリョコウ⌉⌈ˢはᵖprt:binding_particleʳハ⌉⌈ˢ２００ᵖn:numeralᵇ200ᵈ200ʳニレイレイ⌉⌈ˢドルᵖn:common_noun:counter-possible⌉⌈ˢくらいᵖprt:adverbial_particleʳクライ⌉⌈ˢかかるᵖv:non_self_reliant:godan-ra:terminalʳカカル⌉⌈ˢでしょうᵖauxv:auxv-desu:volitional-presumptiveᵇですᵈですʳデショウ⌉⌈ˢ。ᵖauxs:period⌉
バスの中でリンチ氏に出くわしたぜわ。	unpragmatic_formality	casual	⌈ˢバスᵖn:common_noun⌉⌈ˢのᵖprt:case_particleʳノ⌉⌈ˢ中ᵖn:common_noun:adverb-possibleʳナカ⌉⌈ˢでᵖprt:case_particleʳデ⌉⌈ˢリンチᵖn:proper_noun⌉⌈ˢ氏ᵖsuff:noun_likeʳシ⌉⌈ˢにᵖprt:case_particleʳニ⌉⌈ˢ出くわしᵖv:general:godan-sa:conjunctiveᵇ出くわすᵈ出くわすʳデクワシ⌉⌈ˢたᵖauxv:auxv-ta:terminalʳタ⌉⌈ˢぜᵖprt:sentence_final_particleʳゼ⌉⌈ˢわᵖprt:sentence_final_particleʳワ⌉⌈ˢ。ᵖauxs:period⌉
パンあるいはご飯が食べたいですか？	neutral	formal	⌈ˢパンᵖn:common_noun⌉⌈ˢあるいはᵖconjʳアルイハ⌉⌈ˢご飯ᵖn:common_nounʳゴハン⌉⌈ˢがᵖprt:case_particleʳガ⌉⌈ˢ食べᵖv:general:e-ichidan-ba:conjunctiveᵇ食べるᵈ食べるʳタベ⌉⌈ˢたいᵖauxv:auxv-tai:terminalʳタイ⌉⌈ˢですᵖauxv:auxv-desu:terminalʳデス⌉⌈ˢかᵖprt:sentence_final_particleʳカ⌉⌈ˢ？ᵖauxs:periodᵇ?ᵈ?ʳ?⌉
ビリーはスポーツががうまいです。	neutral	formal	⌈ˢビリーᵖn:proper_noun:person-name⌉⌈ˢはᵖprt:binding_particleʳハ⌉⌈ˢスポーツᵖn:common_noun:suru-possible⌉⌈ˢがᵖprt:case_particleʳガ⌉⌈ˢがᵖprt:case_particleʳガ⌉⌈ˢうまいᵖadj:general:adjective:terminalʳウマイ⌉⌈ˢですᵖauxv:auxv-desu:terminalʳデス⌉⌈ˢ。ᵖauxs:period⌉
ビルは自転車に乗ることができるです。	neutral	formal	⌈ˢビルᵖn:common_noun⌉⌈ˢはᵖprt:binding_particleʳハ⌉⌈ˢ自転車ᵖn:common_nounʳジテンシャ⌉⌈ˢにᵖprt:case_particleʳニ⌉⌈ˢ乗るᵖv:general:godan-ra:attributiveʳノル⌉⌈ˢことᵖn:common_nounʳコト⌉⌈ˢがᵖprt:case_particleʳガ⌉⌈ˢできるᵖv:non_self_reliant:i-ichidan-ka:terminalʳデキル⌉⌈ˢですᵖauxv:auxv-desu:terminalʳデス⌉⌈ˢ。ᵖauxs:period⌉
フランスでではこの魚をどう料理しますか。	neutral	formal	⌈ˢフランスᵖn:proper_noun:place-name⌉⌈ˢでᵖprt:case_particleʳデ⌉⌈ˢでᵖauxv:auxv-da:conjunctiveᵇだᵈだʳデ⌉⌈ˢはᵖprt:binding_particleʳハ⌉⌈ˢこのᵖatʳコノ⌉⌈ˢ魚ᵖn:common_nounʳサカナ⌉⌈ˢをᵖprt:case_particleʳヲ⌉⌈ˢどうᵖadvʳドウ⌉⌈ˢ料理ᵖn:common_noun:suru-possibleʳリョウリ⌉⌈ˢしᵖv:non_self_reliant:sa-irregular:conjunctiveᵇするᵈするʳシ⌉⌈ˢますᵖauxv:auxv-masu:terminalʳマス⌉⌈ˢかᵖprt:sentence_final_particleʳカ⌉⌈ˢ。ᵖauxs:period⌉
フランス文化が好きですぞ。	neutral	unpragmatic_formality	⌈ˢフランスᵖn:proper_noun:place-name⌉⌈ˢ文化ᵖn:common_nounʳブンカ⌉⌈ˢがᵖprt:case_particleʳガ⌉⌈ˢ好きᵖshp:generalʳスキ⌉⌈ˢですᵖauxv:auxv-desu:terminalʳデス⌉⌈ˢぞᵖprt:sentence_final_particleʳゾ⌉⌈ˢ。ᵖauxs:period⌉
フレッドさんは月曜日ににエウロパに行きます。	neutral	formal	⌈ˢフレッドᵖn:proper_noun:person-name⌉⌈ˢさんᵖsuff:noun_likeʳサン⌉⌈ˢはᵖprt:binding_particleʳハ⌉⌈ˢ月曜日ᵖn:common_noun:adverb-possibleʳゲツヨウビ⌉⌈ˢにᵖprt:case_particleʳニ⌉⌈ˢにᵖprt:case_particleʳニ⌉⌈ˢエウロパᵖn:proper_noun:person-name⌉⌈ˢにᵖprt:case_particleʳニ⌉⌈ˢ行きᵖv:non_self_reliant:godan-ka:conjunctiveᵇ行くᵈ行くʳイキ⌉⌈ˢますᵖauxv:auxv-masu:terminalʳマス⌉⌈ˢ。ᵖauxs:period⌉
プロのアスリートは華やかである反面、途方もない規律と犠牲が必要だ。	neutral	casual	⌈ˢプロᵖn:common_noun⌉⌈ˢのᵖprt:case_particleʳノ⌉⌈ˢアスリートᵖn:common_noun⌉⌈ˢはᵖprt:binding_particleʳハ⌉⌈ˢ華やかᵖshp:generalʳハナヤカ⌉⌈ˢでᵖauxv:auxv-da:conjunctiveᵇだᵈだʳデ⌉⌈ˢあるᵖv:non_self_reliant:godan-ra:attributiveʳアル⌉⌈ˢ反面ᵖn:common_noun:adverb-possibleʳハンメン⌉⌈ˢ、ᵖauxs:comma⌉⌈ˢ途方ᵖn:common_nounʳトホウ⌉⌈ˢもᵖprt:binding_particleʳモ⌉⌈ˢないᵖadj:non_self_reliant:adjective:attributiveʳナイ⌉⌈ˢ規律ᵖn:common_noun:suru-possibleʳキリツ⌉⌈ˢとᵖprt:case_particleʳト⌉⌈ˢ犠牲ᵖn:common_nounʳギセイ⌉⌈ˢがᵖprt:case_particleʳガ⌉⌈ˢ必要ᵖn:common_noun:pos2-unk1ʳヒツヨウ⌉⌈ˢだᵖauxv:auxv-da:terminalʳダ⌉⌈ˢ。ᵖauxs:period⌉
ベイカー先生は教師というよりはむしろ学者だ。	neutral	casual	⌈ˢベイカーᵖn:proper_noun:person-name⌉⌈ˢ先生ᵖn:common_nounʳセンセイ⌉⌈ˢはᵖprt:binding_particleʳハ⌉⌈ˢ教師ᵖn:common_nounʳキョウシ⌉⌈ˢとᵖprt:case_particleʳト⌉⌈ˢいうᵖv:general:godan-waa:attributiveʳイウ⌉⌈ˢよりᵖprt:case_particleʳヨリ⌉⌈ˢはᵖprt:binding_particleʳハ⌉⌈ˢむしろᵖadvʳムシロ⌉⌈ˢ学者ᵖn:common_nounʳガクシャ⌉⌈ˢだᵖauxv:auxv-da:terminalʳダ⌉⌈ˢ。ᵖauxs:period⌉
ボートは岸へ打ち上げられたぞわ。	unpragmatic_formality	casual	⌈ˢボートᵖn:common_noun⌉⌈ˢはᵖprt:binding_particleʳハ⌉⌈ˢ岸ᵖn:common_nounʳキシ⌉⌈ˢへᵖprt:case_particleʳヘ⌉⌈ˢ打ち上げᵖv:general:e-ichidan-ga:imperfectiveᵇ打ち上げるᵈ打ち上げるʳウチアゲ⌉⌈ˢられᵖauxv:auxv-reru:conjunctiveᵇられるᵈられるʳラレ⌉⌈ˢたᵖauxv:auxv-ta:terminalʳタ⌉⌈ˢぞᵖprt:sentence_final_particleʳゾ⌉⌈ˢわᵖprt:sentence_final_particleʳワ⌉⌈ˢ。ᵖauxs:period⌉
マイクは笑った。	formal	neutral	⌈ˢマイクᵖn:common_noun⌉⌈ˢはᵖprt:binding_particleʳハ⌉⌈ˢ笑っᵖv:general:godan-waa:conjunctive-geminateᵇ笑うᵈ笑うʳワラッ⌉⌈ˢたᵖauxv:auxv-ta:terminalʳタ⌉⌈ˢ。ᵖauxs:period⌉
メールの文面をを見る限りでは、結構きちんとした人なんじゃないかな？	neutral	casual	⌈ˢメールᵖn:common_noun:suru-possible⌉⌈ˢのᵖprt:case_particleʳノ⌉⌈ˢ文面ᵖn:common_nounʳブンメン⌉⌈ˢをᵖprt:case_particleʳヲ⌉⌈ˢをᵖprt:case_particleʳヲ⌉⌈ˢ見るᵖv:non_self_reliant:i-ichidan-ma:attributiveʳミル⌉⌈ˢ限りᵖn:common_noun:adverb-possibleʳカギリ⌉⌈ˢでᵖprt:case_particleʳデ⌉⌈ˢはᵖprt:binding_particleʳハ⌉⌈ˢ、ᵖauxs:comma⌉⌈ˢ結構ᵖadvʳケッコウ⌉⌈ˢきちんとᵖadvʳキチント⌉⌈ˢしᵖv:non_self_reliant:sa-irregular:conjunctiveᵇするᵈするʳシ⌉⌈ˢたᵖauxv:auxv-ta:attributiveʳタ⌉⌈ˢ人ᵖn:common_nounʳヒト⌉⌈ˢなᵖauxv:auxv-da:attributiveᵇだᵈだʳナ⌉⌈ˢんᵖprt:pre_noun_particleʳン⌉⌈ˢじゃᵖauxv:auxv-da:conjunctive-fusedᵇだᵈだʳジャ⌉⌈ˢないᵖadj:non_self_reliant:adjective:terminalʳナイ⌉⌈ˢかᵖprt:sentence_final_particleʳカ⌉⌈ˢなᵖprt:sentence_final_particleʳナ⌉⌈ˢ？ᵖauxs:periodᵇ?ᵈ?ʳ?⌉
ラジオがが大きすぎるからもっとボリュームを下げなさい。	neutral	formal	⌈ˢラジオᵖn:common_noun⌉⌈ˢがᵖprt:case_particleʳガ⌉⌈ˢがᵖprt:case_particleʳガ⌉⌈ˢ大きᵖadj:general:adjective:stemᵇ大きいᵈ大きいʳオオキ⌉⌈ˢすぎるᵖv:non_self_reliant:i-ichidan-ga:terminalʳスギル⌉⌈ˢからᵖprt:conjunctive_particleʳカラ⌉⌈ˢもっとᵖadvʳモット⌉⌈ˢボリュームᵖn:common_noun⌉⌈ˢをᵖprt:case_particleʳヲ⌉⌈ˢ下げᵖv:general:e-ichidan-ga:conjunctiveᵇ下げるᵈ下げるʳサゲ⌉⌈ˢなさいᵖv:non_self_reliant:godan-ra:imperativeᵇなさるᵈなさるʳナサイ⌉⌈ˢ。ᵖauxs:period⌉
ラジオををつけてください。	neutral	formal	⌈ˢラジオᵖn:common_noun⌉⌈ˢをᵖprt:case_particleʳヲ⌉⌈ˢをᵖprt:case_particleʳヲ⌉⌈ˢつけᵖv:non_self_reliant:e-ichidan-ka:conjunctiveᵇつけるᵈつけるʳツケ⌉⌈ˢてᵖprt:conjunctive_particleʳテ⌉⌈ˢくださいᵖv:non_self_reliant:godan-ra:imperativeᵇくださるᵈくださるʳクダサイ⌉⌈ˢ。ᵖauxs:period⌉
レストランはいつ閉店しますのだか。	neutral	formal	⌈ˢレストランᵖn:common_noun⌉⌈ˢはᵖprt:binding_particleʳハ⌉⌈ˢいつᵖpronʳイツ⌉⌈ˢ閉店ᵖn:common_noun:suru-possibleʳヘイテン⌉⌈ˢしᵖv:non_self_reliant:sa-irregular:conjunctiveᵇするᵈするʳシ⌉⌈ˢますᵖauxv:auxv-masu:attributiveʳマス⌉⌈ˢのᵖprt:pre_noun_particleʳノ⌉⌈ˢだᵖauxv:auxv-da:terminalʳダ⌉⌈ˢかᵖprt:sentence_final_particleʳカ⌉⌈ˢ。ᵖauxs:period⌉
ワハハ！そんなのお前のさじ加減やろぜわ！	unpragmatic_formality	casual	⌈ˢワハハᵖint:general⌉⌈ˢ！ᵖauxs:periodᵇ!ᵈ!ʳ!⌉⌈ˢそんなᵖatʳソンナ⌉⌈ˢのᵖprt:case_particleʳノ⌉⌈ˢお前ᵖpronʳオマエ⌉⌈ˢのᵖprt:case_particleʳノ⌉⌈ˢさじ加減ᵖn:common_nounʳサジカゲン⌉⌈ˢやろᵖauxv:auxv-ya:volitional-presumptiveᵇやᵈやʳヤロ⌉⌈ˢぜᵖprt:sentence_final_particleʳゼ⌉⌈ˢわᵖprt:sentence_final_particleʳワ⌉⌈ˢ！ᵖauxs:periodᵇ!ᵈ!ʳ!⌉
一人で外出するのを許したぜわ。	unpragmatic_formality	casual	⌈ˢ一人ᵖn:common_noun:adverb-possibleʳヒトリ⌉⌈ˢでᵖprt:case_particleʳデ⌉⌈ˢ外出ᵖn:common_noun:suru-possibleʳガイシュツ⌉⌈ˢするᵖv:non_self_reliant:sa-irregular:attributiveʳスル⌉⌈ˢのᵖprt:pre_noun_particleʳノ⌉⌈ˢをᵖprt:case_particleʳヲ⌉⌈ˢ許しᵖv:general:godan-sa:conjunctiveᵇ許すᵈ許すʳユルシ⌉⌈ˢたᵖauxv:auxv-ta:terminalʳタ⌉⌈ˢぜᵖprt:sentence_final_particleʳゼ⌉⌈ˢわᵖprt:sentence_final_particleʳワ⌉⌈ˢ。ᵖauxs:period⌉
一番つらいのは、息子に会えないことですぜわ。	casual	unpragmatic_formality	⌈ˢ一番ᵖadvʳイチバン⌉⌈ˢつらいᵖadj:general:adjective:attributiveʳツライ⌉⌈ˢのᵖprt:pre_noun_particleʳノ⌉⌈ˢはᵖprt:binding_particleʳハ⌉⌈ˢ、ᵖauxs:comma⌉⌈ˢ息子ᵖn:common_nounʳムスコ⌉⌈ˢにᵖprt:case_particleʳニ⌉⌈ˢ会えᵖv:general:e-ichidan-a:imperfectiveᵇ会えるᵈ会えるʳアエ⌉⌈ˢないᵖauxv:auxv-nai:attributiveʳナイ⌉⌈ˢことᵖn:common_nounʳコト⌉⌈ˢですᵖauxv:auxv-desu:terminalʳデス⌉⌈ˢぜᵖprt:sentence_final_particleʳゼ⌉⌈ˢわᵖprt:sentence_final_particleʳワ⌉⌈ˢ。ᵖauxs:period⌉
下線を引いたた語を正しい形にしなさい。	neutral	formal	⌈ˢ下線ᵖn:common_nounʳカセン⌉⌈ˢをᵖprt:case_particleʳヲ⌉⌈ˢ引いᵖv:general:godan-ka:conjunctive-i-soundᵇ引くᵈ引くʳヒイ⌉⌈ˢたᵖauxv:auxv-ta:terminalʳタ⌉⌈ˢたᵖauxv:auxv-ta:attributiveʳタ⌉⌈ˢ語ᵖn:common_nounʳゴ⌉⌈ˢをᵖprt:case_particleʳヲ⌉⌈ˢ正しいᵖadj:general:adjective:attributiveʳタダシイ⌉⌈ˢ形ᵖn:common_nounʳカタチ⌉⌈ˢにᵖprt:case_particleʳニ⌉⌈ˢしᵖv:non_self_reliant:sa-irregular:conjunctiveᵇするᵈするʳシ⌉⌈ˢなさいᵖv:non_self_reliant:godan-ra:imperativeᵇなさるᵈなさるʳナサイ⌉⌈ˢ。ᵖauxs:period⌉
世界平和に役立つために何をすべきだと思いまするか。	neutral	formal	⌈ˢ世界平和ᵖn:common_nounʳセカイヘイワ⌉⌈ˢにᵖauxv:auxv-da:conjunctive-niᵇだᵈだʳニ⌉⌈ˢ役立つᵖv:general:godan-ta:attributiveʳヤクダツ⌉⌈ˢためᵖn:common_noun:adverb-possibleʳタメ⌉⌈ˢにᵖprt:case_particleʳニ⌉⌈ˢ何ᵖpronʳナン⌉⌈ˢをᵖprt:case_particleʳヲ⌉⌈ˢすᵖv:non_self_reliant:classical-sa-irregular:terminalʳス⌉⌈ˢべきᵖauxv:auxv-beshi:attributiveᵇべしᵈべしʳベキ⌉⌈ˢだᵖauxv:auxv-da:terminalʳダ⌉⌈ˢとᵖprt:case_particleʳト⌉⌈ˢ思いᵖv:general:godan-waa:conjunctiveᵇ思うᵈ思うʳオモイ⌉⌈ˢまするᵖauxv:auxv-masu:terminalʳマスル⌉⌈ˢかᵖprt:sentence_final_particleʳカ⌉⌈ˢ。ᵖauxs:period⌉
中古車にしてはこの値段はやや高いだ。	neutral	casual	⌈ˢ中古車ᵖn:common_nounʳチュウコシャ⌉⌈ˢにᵖprt:case_particleʳニ⌉⌈ˢしᵖv:non_self_reliant:sa-irregular:conjunctiveᵇするᵈするʳシ⌉⌈ˢてᵖprt:conjunctive_particleʳテ⌉⌈ˢはᵖprt:binding_particleʳハ⌉⌈ˢこのᵖatʳコノ⌉⌈ˢ値段ᵖn:common_nounʳネダン⌉⌈ˢはᵖprt:binding_particleʳハ⌉⌈ˢややᵖadvʳヤヤ⌉⌈ˢ高いᵖadj:general:adjective:terminalʳタカイ⌉⌈ˢだᵖauxv:auxv-da:terminalʳダ⌉⌈ˢ。ᵖauxs:period⌉
乳癌の検査ををしていただきたいのです。	neutral	very_formal	⌈ˢ乳癌ᵖn:common_nounʳニュウガン⌉⌈ˢのᵖprt:case_particleʳノ⌉⌈ˢ検査ᵖn:common_noun:suru-possibleʳケンサ⌉⌈ˢをᵖprt:case_particleʳヲ⌉⌈ˢをᵖprt:case_particleʳヲ⌉⌈ˢしᵖv:non_self_reliant:sa-irregular:conjunctiveᵇするᵈするʳシ⌉⌈ˢてᵖprt:conjunctive_particleʳテ⌉⌈ˢいただきᵖv:non_self_reliant:godan-ka:conjunctiveᵇいただくᵈいただくʳイタダキ⌉⌈ˢたいᵖauxv:auxv-tai:attributiveʳタイ⌉⌈ˢのᵖprt:pre_noun_particleʳノ⌉⌈ˢですᵖauxv:auxv-desu:terminalʳデス⌉⌈ˢ。ᵖauxs:period⌉
事故は我々が油断している時に起こるものだ。	neutral	casual	⌈ˢ事故ᵖn:common_nounʳジコ⌉⌈ˢはᵖprt:binding_particleʳハ⌉⌈ˢ我々ᵖpronʳワレワレ⌉⌈ˢがᵖprt:case_particleʳガ⌉⌈ˢ油断ᵖn:common_noun:suru-possibleʳユダン⌉⌈ˢしᵖv:non_self_reliant:sa-irregular:conjunctiveᵇするᵈするʳシ⌉⌈ˢてᵖprt:conjunctive_particleʳテ⌉⌈ˢいるᵖv:non_self_reliant:i-ichidan-a:attributiveʳイル⌉⌈ˢ時ᵖn:common_noun:adverb-possibleʳトキ⌉⌈ˢにᵖprt:case_particleʳニ⌉⌈ˢ起こるᵖv:general:godan-ra:attributiveʳオコル⌉⌈ˢものᵖn:common_noun:suru-possibleʳモノ⌉⌈ˢだᵖauxv:auxv-da:terminalʳダ⌉⌈ˢ。ᵖauxs:period⌉
二人の刑事が容疑者をつけたです。	neutral	formal	⌈ˢ二人ᵖn:common_noun:adverb-possibleʳフタリ⌉⌈ˢのᵖprt:case_particleʳノ⌉⌈ˢ刑事ᵖn:common_nounʳケイジ⌉⌈ˢがᵖprt:case_particleʳガ⌉⌈ˢ容疑者ᵖn:common_nounʳヨウギシャ⌉⌈ˢをᵖprt:case_particleʳヲ⌉⌈ˢつけᵖv:non_self_reliant:e-ichidan-ka:conjunctiveᵇつけるᵈつけるʳツケ⌉⌈ˢたᵖauxv:auxv-ta:attributiveʳタ⌉⌈ˢですᵖauxv:auxv-desu:terminalʳデス⌉⌈ˢ。ᵖauxs:period⌉
二度と彼女に会うことはないだろう。	neutral	casual	⌈ˢ二ᵖn:numeralʳニ⌉⌈ˢ度ᵖn:common_noun:counter-possibleʳド⌉⌈ˢとᵖprt:case_particleʳト⌉⌈ˢ彼女ᵖpronʳカノジョ⌉⌈ˢにᵖprt:case_particleʳニ⌉⌈ˢ会うᵖv:general:godan-waa:attributiveʳアウ⌉⌈ˢことᵖn:common_nounʳコト⌉⌈ˢはᵖprt:binding_particleʳハ⌉⌈ˢないᵖadj:non_self_reliant:adjective:terminalʳナイ⌉⌈ˢだろうᵖauxv:auxv-da:volitional-presumptiveᵇだᵈだʳダロウ⌉⌈ˢ。ᵖauxs:period⌉
五時までお待ち下さい。その頃にには彼も帰ります。	neutral	formal	⌈ˢ五ᵖn:numeralʳゴ⌉⌈ˢ時ᵖn:common_noun:counter-possibleʳジ⌉⌈ˢまでᵖprt:adverbial_particleʳマデ⌉⌈ˢおᵖprefʳオ⌉⌈ˢ待ちᵖv:general:godan-ta:conjunctiveᵇ待つᵈ待つʳマチ⌉⌈ˢ下さいᵖv:non_self_reliant:godan-ra:imperativeᵇ下さるᵈ下さるʳクダサイ⌉⌈ˢ。ᵖauxs:period⌉⌈ˢそのᵖatʳソノ⌉⌈ˢ頃ᵖn:common_noun:adverb-possibleʳコロ⌉⌈ˢにᵖprt:case_particleʳニ⌉⌈ˢにᵖprt:case_particleʳニ⌉⌈ˢはᵖprt:binding_particleʳハ⌉⌈ˢ彼ᵖpronʳカレ⌉⌈ˢもᵖprt:binding_particleʳモ⌉⌈ˢ帰りᵖv:general:godan-ra:conjunctiveᵇ帰るᵈ帰るʳカエリ⌉⌈ˢますᵖauxv:auxv-masu:terminalʳマス⌉⌈ˢ。ᵖauxs:period⌉
交通の激しい通りを横切る時には、注意しなければいけませんぜわ。	casual	unpragmatic_formality	⌈ˢ交通ᵖn:common_noun:suru-possibleʳコウツウ⌉⌈ˢのᵖprt:case_particleʳノ⌉⌈ˢ激しいᵖadj:general:adjective:attributiveʳハゲシイ⌉⌈ˢ通りᵖn:common_noun:counter-possibleʳトオリ⌉⌈ˢをᵖprt:case_particleʳヲ⌉⌈ˢ横切るᵖv:general:godan-ra:attributiveʳヨコギル⌉⌈ˢ時ᵖn:common_noun:adverb-possibleʳトキ⌉⌈ˢにᵖprt:case_particleʳニ⌉⌈ˢはᵖprt:binding_particleʳハ⌉⌈ˢ、ᵖauxs:comma⌉⌈ˢ注意ᵖn:common_noun:suru-possibleʳチュウイ⌉⌈ˢしᵖv:non_self_reliant:sa-irregular:imperfectiveᵇするᵈするʳシ⌉⌈ˢなけれᵖauxv:auxv-nai:conditionalᵇないᵈないʳナケレ⌉⌈ˢばᵖprt:conjunctive_particleʳバ⌉⌈ˢいけᵖv:non_self_reliant:e-ichidan-ka:conjunctiveᵇいけるᵈいけるʳイケ⌉⌈ˢませᵖauxv:auxv-masu:imperfectiveᵇますᵈますʳマセ⌉⌈ˢんᵖauxv:auxv-nu:terminal-nasalᵇぬᵈぬʳン⌉⌈ˢぜᵖprt:sentence_final_particleʳゼ⌉⌈ˢわᵖprt:sentence_final_particleʳワ⌉⌈ˢ。ᵖauxs:period⌉
人の物を預かっておいて、「無くしましたた、すみません」で済まそうという郵便局側の神経が理解できない。	neutral	formal	⌈ˢ人ᵖn:common_nounʳヒト⌉⌈ˢのᵖprt:case_particleʳノ⌉⌈ˢ物ᵖn:common_noun:suru-possibleʳモノ⌉⌈ˢをᵖprt:case_particleʳヲ⌉⌈ˢ預かっᵖv:general:godan-ra:conjunctive-geminateᵇ預かるᵈ預かるʳアズカッ⌉⌈ˢてᵖprt:conjunctive_particleʳテ⌉⌈ˢおいᵖv:non_self_reliant:godan-ka:conjunctive-i-soundᵇおくᵈおくʳオイ⌉⌈ˢてᵖprt:conjunctive_particleʳテ⌉⌈ˢ、ᵖauxs:comma⌉⌈ˢ「ᵖauxs:bracket_openʳキゴウ⌉⌈ˢ無くしᵖv:general:godan-sa:conjunctiveᵇ無くすᵈ無くすʳナクシ⌉⌈ˢましᵖauxv:auxv-masu:conjunctiveᵇますᵈますʳマシ⌉⌈ˢたᵖauxv:auxv-ta:terminalʳタ⌉⌈ˢたᵖauxv:auxv-ta:terminalʳタ⌉⌈ˢ、ᵖauxs:comma⌉⌈ˢすみᵖv:general:godan-ma:conjunctiveᵇすむᵈすむʳスミ⌉⌈ˢませᵖauxv:auxv-masu:imperfectiveᵇますᵈますʳマセ⌉⌈ˢんᵖauxv:auxv-nu:terminal-nasalᵇぬᵈぬʳン⌉⌈ˢ」ᵖauxs:bracket_closeʳキゴウ⌉⌈ˢでᵖprt:case_particleʳデ⌉⌈ˢ済まそうᵖv:general:godan-sa:volitional-presumptiveᵇ済ますᵈ済ますʳスマソウ⌉⌈ˢとᵖprt:case_particleʳト⌉⌈ˢいうᵖv:general:godan-waa:attributiveʳイウ⌉⌈ˢ郵便局ᵖn:common_nounʳユウビンキョク⌉⌈ˢ側ᵖn:common_nounʳガワ⌉⌈ˢのᵖprt:case_particleʳノ⌉⌈ˢ神経ᵖn:common_nounʳシンケイ⌉⌈ˢがᵖprt:case_particleʳガ⌉⌈ˢ理解ᵖn:common_noun:suru-possibleʳリカイ⌉⌈ˢできᵖv:non_self_reliant:i-ichidan-ka:imperfectiveᵇできるᵈできるʳデキ⌉⌈ˢないᵖauxv:auxv-nai:terminalʳナイ⌉⌈ˢ。ᵖauxs:period⌉
人生を退屈にするのは動機の欠如であるです。	neutral	formal	⌈ˢ人生ᵖn:common_nounʳジンセイ⌉⌈ˢをᵖprt:case_particleʳヲ⌉⌈ˢ退屈ᵖn:common_noun:pos2-unk2ʳタイクツ⌉⌈ˢにᵖprt:case_particleʳニ⌉⌈ˢするᵖv:non_self_reliant:sa-irregular:attributiveʳスル⌉⌈ˢのᵖprt:pre_noun_particleʳノ⌉⌈ˢはᵖprt:binding_particleʳハ⌉⌈ˢ動機ᵖn:common_nounʳドウキ⌉⌈ˢのᵖprt:case_particleʳノ⌉⌈ˢ欠如ᵖn:common_noun:suru-possibleʳケツジョ⌉⌈ˢでᵖauxv:auxv-da:conjunctiveᵇだᵈだʳデ⌉⌈ˢあるᵖv:non_self_reliant:godan-ra:terminalʳアル⌉⌈ˢですᵖauxv:auxv-desu:terminalʳデス⌉⌈ˢ。ᵖauxs:period⌉
今回のプロジェクトは予算の厳しさもさることながら、時間的制約もまた大きな課題だったのだ。	neutral	casual	⌈ˢ今回ᵖn:common_noun:adverb-possibleʳコンカイ⌉⌈ˢのᵖprt:case_particleʳノ⌉⌈ˢプロジェクトᵖn:common_noun⌉⌈ˢはᵖprt:binding_particleʳハ⌉⌈ˢ予算ᵖn:common_nounʳヨサン⌉⌈ˢのᵖprt:case_particleʳノ⌉⌈ˢ厳しさᵖn:common_nounʳキビシサ⌉⌈ˢもᵖprt:binding_particleʳモ⌉⌈ˢさるᵖatʳサル⌉⌈ˢことᵖn:common_nounʳコト⌉⌈ˢながらᵖprt:conjunctive_particleʳナガラ⌉⌈ˢ、ᵖauxs:comma⌉⌈ˢ時間的ᵖn:common_noun:pos2-unk1ʳジカンテキ⌉⌈ˢ制約ᵖn:common_noun:suru-possibleʳセイヤク⌉⌈ˢもᵖprt:binding_particleʳモ⌉⌈ˢまたᵖadvʳマタ⌉⌈ˢ大きなᵖatʳオオキナ⌉⌈ˢ課題ᵖn:common_nounʳカダイ⌉⌈ˢだっᵖauxv:auxv-da:conjunctive-geminateᵇだᵈだʳダッ⌉⌈ˢたᵖauxv:auxv-ta:attributiveʳタ⌉⌈ˢのᵖprt:pre_noun_particleʳノ⌉⌈ˢだᵖauxv:auxv-da:terminalʳダ⌉⌈ˢ。ᵖauxs:period⌉
今回はしくじれないぞぞわ。	neutral	casual	⌈ˢ今回ᵖn:common_noun:adverb-possibleʳコンカイ⌉⌈ˢはᵖprt:binding_particleʳハ⌉⌈ˢしくじれᵖv:general:godan-ra:imperativeᵇしくじるᵈしくじるʳシクジレ⌉⌈ˢないᵖauxv:auxv-nai:terminalʳナイ⌉⌈ˢぞᵖprt:sentence_final_particleʳゾ⌉⌈ˢぞわᵖadvʳゾワ⌉⌈ˢ。ᵖauxs:period⌉
今夜は家で晩ごはんを食べるつもりです。	neutral	formal	⌈ˢ今夜ᵖn:common_noun:adverb-possibleʳコンヤ⌉⌈ˢはᵖprt:binding_particleʳハ⌉⌈ˢ家ᵖn:common_nounʳイエ⌉⌈ˢでᵖprt:case_particleʳデ⌉⌈ˢ晩ごはんᵖn:common_nounʳバンゴハン⌉⌈ˢをᵖprt:case_particleʳヲ⌉⌈ˢ食べるᵖv:general:e-ichidan-ba:attributiveʳタベル⌉⌈ˢつもりᵖn:common_nounʳツモリ⌉⌈ˢですᵖauxv:auxv-desu:terminalʳデス⌉⌈ˢ。ᵖauxs:period⌉
今年の冬はほとんど雪が降らないぜわ。	unpragmatic_formality	casual	⌈ˢ今年ᵖn:common_noun:adverb-possibleʳコトシ⌉⌈ˢのᵖprt:case_particleʳノ⌉⌈ˢ冬ᵖn:common_noun:adverb-possibleʳフユ⌉⌈ˢはᵖprt:binding_particleʳハ⌉⌈ˢほとんどᵖn:common_noun:adverb-possibleʳホトンド⌉⌈ˢ雪ᵖn:common_nounʳユキ⌉⌈ˢがᵖprt:case_particleʳガ⌉⌈ˢ降らᵖv:general:godan-ra:imperfectiveᵇ降るᵈ降るʳフラ⌉⌈ˢないᵖauxv:auxv-nai:terminalʳナイ⌉⌈ˢぜᵖprt:sentence_final_particleʳゼ⌉⌈ˢわᵖprt:sentence_final_particleʳワ⌉⌈ˢ。ᵖauxs:period⌉
今年の夏は何をする予定なの？	neutral	casual	⌈ˢ今年ᵖn:common_noun:adverb-possibleʳコトシ⌉⌈ˢのᵖprt:case_particleʳノ⌉⌈ˢ夏ᵖn:common_noun:adverb-possibleʳナツ⌉⌈ˢはᵖprt:binding_particleʳハ⌉⌈ˢ何ᵖpronʳナン⌉⌈ˢをᵖprt:case_particleʳヲ⌉⌈ˢするᵖv:non_self_reliant:sa-irregular:attributiveʳスル⌉⌈ˢ予定ᵖn:common_noun:suru-possibleʳヨテイ⌉⌈ˢなᵖauxv:auxv-da:attributiveᵇだᵈだʳナ⌉⌈ˢのᵖprt:sentence_final_particleʳノ⌉⌈ˢ？ᵖauxs:periodᵇ?ᵈ?ʳ?⌉
今度書く小説でラブホテルが舞台になるんで、一度実際に見ておきるたかったんです。	neutral	formal	⌈ˢ今度ᵖn:common_noun:adverb-possibleʳコンド⌉⌈ˢ書くᵖv:general:godan-ka:attributiveʳカク⌉⌈ˢ小説ᵖn:common_nounʳショウセツ⌉⌈ˢでᵖprt:case_particleʳデ⌉⌈ˢラブホテルᵖn:proper_noun⌉⌈ˢがᵖprt:case_particleʳガ⌉⌈ˢ舞台ᵖn:common_nounʳブタイ⌉⌈ˢにᵖprt:case_particleʳニ⌉⌈ˢなるᵖv:non_self_reliant:godan-ra:attributiveʳナル⌉⌈ˢんᵖprt:pre_noun_particleʳン⌉⌈ˢでᵖauxv:auxv-da:conjunctiveᵇだᵈだʳデ⌉⌈ˢ、ᵖauxs:comma⌉⌈ˢ一度ᵖn:common_noun:adverb-possibleʳイチド⌉⌈ˢ実際ᵖn:common_noun:adverb-possibleʳジッサイ⌉⌈ˢにᵖprt:case_particleʳニ⌉⌈ˢ見ᵖv:non_self_reliant:i-ichidan-ma:conjunctiveᵇ見るᵈ見るʳミ⌉⌈ˢてᵖprt:conjunctive_particleʳテ⌉⌈ˢおきるᵖv:general:i-ichidan-ka:terminalʳオキル⌉⌈ˢたかっᵖauxv:auxv-tai:conjunctive-geminateᵇたいᵈたいʳタカッ⌉⌈ˢたᵖauxv:auxv-ta:attributiveʳタ⌉⌈ˢんᵖprt:pre_noun_particleʳン⌉⌈ˢですᵖauxv:auxv-desu:terminalʳデス⌉⌈ˢ。ᵖauxs:period⌉
今日では、アメリカで世界中のどこへ電報を打つますにも電話で通信文を告げるだけでよい。	neutral	formal	⌈ˢ今日ᵖn:common_noun:adverb-possibleʳキョウ⌉⌈ˢでᵖprt:case_particleʳデ⌉⌈ˢはᵖprt:binding_particleʳハ⌉⌈ˢ、ᵖauxs:comma⌉⌈ˢアメリカᵖn:proper_noun:place-name⌉⌈ˢでᵖprt:case_particleʳデ⌉⌈ˢ世界中ᵖn:common_nounʳセカイジュウ⌉⌈ˢのᵖprt:case_particleʳノ⌉⌈ˢどこᵖpronʳドコ⌉⌈ˢへᵖprt:case_particleʳヘ⌉⌈ˢ電報ᵖn:common_nounʳデンポウ⌉⌈ˢをᵖprt:case_particleʳヲ⌉⌈ˢ打つᵖv:general:godan-ta:terminalʳウツ⌉⌈ˢますᵖauxv:auxv-masu:terminalʳマス⌉⌈ˢにᵖprt:case_particleʳニ⌉⌈ˢもᵖprt:binding_particleʳモ⌉⌈ˢ電話ᵖn:common_noun:suru-possibleʳデンワ⌉⌈ˢでᵖprt:case_particleʳデ⌉⌈ˢ通信ᵖn:common_noun:suru-possibleʳツウシン⌉⌈ˢ文ᵖn:common_nounʳブン⌉⌈ˢをᵖprt:case_particleʳヲ⌉⌈ˢ告げるᵖv:general:e-ichidan-ga:attributiveʳツゲル⌉⌈ˢだけᵖprt:adverbial_particleʳダケ⌉⌈ˢでᵖprt:case_particleʳデ⌉⌈ˢよいᵖadj:non_self_reliant:adjective:terminalʳヨイ⌉⌈ˢ。ᵖauxs:period⌉
今日の若い世代はしらけているです。	neutral	formal	⌈ˢ今日ᵖn:common_noun:adverb-possibleʳキョウ⌉⌈ˢのᵖprt:case_particleʳノ⌉⌈ˢ若い世代ᵖn:proper_nounʳワカイセダイ⌉⌈ˢはᵖprt:binding_particleʳハ⌉⌈ˢしらけᵖv:general:e-ichidan-ka:conjunctiveᵇしらけるᵈしらけるʳシラケ⌉⌈ˢてᵖprt:conjunctive_particleʳテ⌉⌈ˢいるᵖv:non_self_reliant:i-ichidan-a:terminalʳイル⌉⌈ˢですᵖauxv:auxv-desu:terminalʳデス⌉⌈ˢ。ᵖauxs:period⌉
今日の話はもう十分ね。	neutral	casual	⌈ˢ今日ᵖn:common_noun:adverb-possibleʳキョウ⌉⌈ˢのᵖprt:case_particleʳノ⌉⌈ˢ話ᵖn:common_noun:suru-possibleʳハナシ⌉⌈ˢはᵖprt:binding_particleʳハ⌉⌈ˢもうᵖadvʳモウ⌉⌈ˢ十分ᵖshp:generalʳジュウブン⌉⌈ˢねᵖprt:sentence_final_particleʳネ⌉⌈ˢ。ᵖauxs:period⌉
今日はこれでおしまいにしてはどうでしょうぜわ。	casual	unpragmatic_formality	⌈ˢ今日ᵖn:common_noun:adverb-possibleʳキョウ⌉⌈ˢはᵖprt:binding_particleʳハ⌉⌈ˢこれᵖpronʳコレ⌉⌈ˢでᵖprt:case_particleʳデ⌉⌈ˢおᵖprefʳオ⌉⌈ˢしまいᵖn:common_nounʳシマイ⌉⌈ˢにᵖprt:case_particleʳニ⌉⌈ˢしᵖv:non_self_reliant:sa-irregular:conjunctiveᵇするᵈするʳシ⌉⌈ˢてᵖprt:conjunctive_particleʳテ⌉⌈ˢはᵖprt:binding_particleʳハ⌉⌈ˢどうᵖadvʳドウ⌉⌈ˢでしょうᵖauxv:auxv-desu:volitional-presumptiveᵇですᵈですʳデショウ⌉⌈ˢぜᵖprt:sentence_final_particleʳゼ⌉⌈ˢわᵖprt:sentence_final_particleʳワ⌉⌈ˢ。ᵖauxs:period⌉
今日はとても暑いね。	neutral	casual	⌈ˢ今日ᵖn:common_noun:adverb-possibleʳキョウ⌉⌈ˢはᵖprt:binding_particleʳハ⌉⌈ˢとてもᵖadvʳトテモ⌉⌈ˢ暑いᵖadj:general:adjective:terminalʳアツイ⌉⌈ˢねᵖprt:sentence_final_particleʳネ⌉⌈ˢ。ᵖauxs:period⌉
今日は何日ですか。	neutral	formal	⌈ˢ今日ᵖn:common_noun:adverb-possibleʳキョウ⌉⌈ˢはᵖprt:binding_particleʳハ⌉⌈ˢ何日ᵖn:common_nounʳナンニチ⌉⌈ˢですᵖauxv:auxv-desu:terminalʳデス⌉⌈ˢかᵖprt:sentence_final_particleʳカ⌉⌈ˢ。ᵖauxs:period⌉
今日は彼に会うつもりだ。	neutral	casual	⌈ˢ今日ᵖn:common_noun:adverb-possibleʳキョウ⌉⌈ˢはᵖprt:binding_particleʳハ⌉⌈ˢ彼ᵖpronʳカレ⌉⌈ˢにᵖprt:case_particleʳニ⌉⌈ˢ会うᵖv:general:godan-waa:attributiveʳアウ⌉⌈ˢつもりᵖn:common_nounʳツモリ⌉⌈ˢだᵖauxv:auxv-da:terminalʳダ⌉⌈ˢ。ᵖauxs:period⌉
今日散髪しなければならないぞわ。	unpragmatic_formality	casual	⌈ˢ今日ᵖn:common_noun:adverb-possibleʳキョウ⌉⌈ˢ散髪ᵖn:common_noun:suru-possibleʳサンパツ⌉⌈ˢしᵖv:non_self_reliant:sa-irregular:imperfectiveᵇするᵈするʳシ⌉⌈ˢなけれᵖauxv:auxv-nai:conditionalᵇないᵈないʳナケレ⌉⌈ˢばᵖprt:conjunctive_particleʳバ⌉⌈ˢならᵖv:non_self_reliant:godan-ra:imperfectiveᵇなるᵈなるʳナラ⌉⌈ˢないᵖauxv:auxv-nai:terminalʳナイ⌉⌈ˢぞᵖprt:sentence_final_particleʳゾ⌉⌈ˢわᵖprt:sentence_final_particleʳワ⌉⌈ˢ。ᵖauxs:period⌉
今日新しい葉が芽を出したです。	neutral	formal	⌈ˢ今日ᵖn:common_noun:adverb-possibleʳキョウ⌉⌈ˢ新しいᵖadj:general:adjective:attributiveʳアタラシイ⌉⌈ˢ葉ᵖn:common_nounʳハ⌉⌈ˢがᵖprt:case_particleʳガ⌉⌈ˢ芽ᵖn:common_nounʳメ⌉⌈ˢをᵖprt:case_particleʳヲ⌉⌈ˢ出しᵖv:non_self_reliant:godan-sa:conjunctiveᵇ出すᵈ出すʳダシ⌉⌈ˢたᵖauxv:auxv-ta:terminalʳタ⌉⌈ˢですᵖauxv:auxv-desu:terminalʳデス⌉⌈ˢ。ᵖauxs:period⌉
仕事はあとどれだけ残ていますか。	neutral	formal	⌈ˢ仕事ᵖn:common_noun:suru-possibleʳシゴト⌉⌈ˢはᵖprt:binding_particleʳハ⌉⌈ˢあとᵖn:common_noun:adverb-possibleʳアト⌉⌈ˢどれᵖpronʳドレ⌉⌈ˢだけᵖprt:adverbial_particleʳダケ⌉⌈ˢ残ᵖn:common_nounʳザン⌉⌈ˢてᵖprt:conjunctive_particleʳテ⌉⌈ˢいᵖv:non_self_reliant:i-ichidan-a:conjunctiveᵇいるᵈいるʳイ⌉⌈ˢますᵖauxv:auxv-masu:terminalʳマス⌉⌈ˢかᵖprt:sentence_final_particleʳカ⌉⌈ˢ。ᵖauxs:period⌉
仕事をきちんとやらないことは、仕事を全然やらないことよりも悪いことがあるだ。	neutral	casual	⌈ˢ仕事ᵖn:common_noun:suru-possibleʳシゴト⌉⌈ˢをᵖprt:case_particleʳヲ⌉⌈ˢきちんとᵖadvʳキチント⌉⌈ˢやらᵖv:non_self_reliant:godan-ra:imperfectiveᵇやるᵈやるʳヤラ⌉⌈ˢないᵖauxv:auxv-nai:attributiveʳナイ⌉⌈ˢことᵖn:common_nounʳコト⌉⌈ˢはᵖprt:binding_particleʳハ⌉⌈ˢ、ᵖauxs:comma⌉⌈ˢ仕事ᵖn:common_noun:suru-possibleʳシゴト⌉⌈ˢをᵖprt:case_particleʳヲ⌉⌈ˢ全然ᵖadvʳゼンゼン⌉⌈ˢやらᵖv:non_self_reliant:godan-ra:imperfectiveᵇやるᵈやるʳヤラ⌉⌈ˢないᵖauxv:auxv-nai:attributiveʳナイ⌉⌈ˢことᵖn:common_nounʳコト⌉⌈ˢよりᵖprt:case_particleʳヨリ⌉⌈ˢもᵖprt:binding_particleʳモ⌉⌈ˢ悪いことᵖn:proper_nounʳワルイコト⌉⌈ˢがᵖprt:case_particleʳガ⌉⌈ˢあるᵖv:non_self_reliant:godan-ra:terminalʳアル⌉⌈ˢだᵖauxv:auxv-da:terminalʳダ⌉⌈ˢ。ᵖauxs:period⌉
会社は今、苦労しながら成長しているます。	neutral	formal	⌈ˢ会社ᵖn:common_nounʳカイシャ⌉⌈ˢはᵖprt:binding_particleʳハ⌉⌈ˢ今ᵖn:common_noun:adverb-possibleʳイマ⌉⌈ˢ、ᵖauxs:comma⌉⌈ˢ苦労ᵖn:common_noun:pos2-unk2ʳクロウ⌉⌈ˢしᵖv:non_self_reliant:sa-irregular:conjunctiveᵇするᵈするʳシ⌉⌈ˢながらᵖprt:conjunctive_particleʳナガラ⌉⌈ˢ成長ᵖn:common_noun:suru-possibleʳセイチョウ⌉⌈ˢしᵖv:non_self_reliant:sa-irregular:conjunctiveᵇするᵈするʳシ⌉⌈ˢてᵖprt:conjunctive_particleʳテ⌉⌈ˢいるᵖv:non_self_reliant:i-ichidan-a:terminalʳイル⌉⌈ˢますᵖauxv:auxv-masu:terminalʳマス⌉⌈ˢ。ᵖauxs:period⌉
会議の参加者はそれぞれ意見を提出しました。	neutral	formal	⌈ˢ会議ᵖn:common_noun:suru-possibleʳカイギ⌉⌈ˢのᵖprt:case_particleʳノ⌉⌈ˢ参加者ᵖn:common_nounʳサンカシャ⌉⌈ˢはᵖprt:binding_particleʳハ⌉⌈ˢそれぞれᵖn:common_noun:adverb-possibleʳソレゾレ⌉⌈ˢ意見ᵖn:common_noun:suru-possibleʳイケン⌉⌈ˢをᵖprt:case_particleʳヲ⌉⌈ˢ提出ᵖn:common_noun:suru-possibleʳテイシュツ⌉⌈ˢしᵖv:non_self_reliant:sa-irregular:conjunctiveᵇするᵈするʳシ⌉⌈ˢましᵖauxv:auxv-masu:conjunctiveᵇますᵈますʳマシ⌉⌈ˢたᵖauxv:auxv-ta:terminalʳタ⌉⌈ˢ。ᵖauxs:period⌉
会議は２時間以内で終えにられるのでしょうか。	neutral	formal	⌈ˢ会議ᵖn:common_noun:suru-possibleʳカイギ⌉⌈ˢはᵖprt:binding_particleʳハ⌉⌈ˢ２ᵖn:numeralᵇ2ᵈ2ʳニ⌉⌈ˢ時間ᵖn:common_noun:counter-possibleʳジカン⌉⌈ˢ以内ᵖn:common_noun:adverb-possibleʳイナイ⌉⌈ˢでᵖprt:case_particleʳデ⌉⌈ˢ終えᵖv:non_self_reliant:e-ichidan-a:conjunctiveᵇ終えるᵈ終えるʳオエ⌉⌈ˢにᵖauxv:auxv-nu-classical:conjunctiveᵇぬᵈぬʳニ⌉⌈ˢられるᵖauxv:auxv-reru:attributiveʳラレル⌉⌈ˢのᵖprt:pre_noun_particleʳノ⌉⌈ˢでしょうᵖauxv:auxv-desu:volitional-presumptiveᵇですᵈですʳデショウ⌉⌈ˢかᵖprt:sentence_final_particleʳカ⌉⌈ˢ。ᵖauxs:period⌉
住民の７０パーセント以上がその計画に賛成しています。	neutral	formal	⌈ˢ住民ᵖn:common_nounʳジュウミン⌉⌈ˢのᵖprt:case_particleʳノ⌉⌈ˢ７０ᵖn:numeralᵇ70ᵈ70ʳナナレイ⌉⌈ˢパーセントᵖn:common_noun:counter-possible⌉⌈ˢ以上ᵖn:common_noun:adverb-possibleʳイジョウ⌉⌈ˢがᵖprt:case_particleʳガ⌉⌈ˢそのᵖatʳソノ⌉⌈ˢ計画ᵖn:common_noun:suru-possibleʳケイカク⌉⌈ˢにᵖprt:case_particleʳニ⌉⌈ˢ賛成ᵖn:common_noun:suru-possibleʳサンセイ⌉⌈ˢしᵖv:non_self_reliant:sa-irregular:conjunctiveᵇするᵈするʳシ⌉⌈ˢてᵖprt:conjunctive_particleʳテ⌉⌈ˢいᵖv:non_self_reliant:i-ichidan-a:conjunctiveᵇいるᵈいるʳイ⌉⌈ˢますᵖauxv:auxv-masu:terminalʳマス⌉⌈ˢ。ᵖauxs:period⌉
何かなくなったの？	neutral	casual	⌈ˢ何ᵖpronʳナン⌉⌈ˢかᵖprt:adverbial_particleʳカ⌉⌈ˢなくなっᵖv:general:godan-ra:conjunctive-geminateᵇなくなるᵈなくなるʳナクナッ⌉⌈ˢたᵖauxv:auxv-ta:attributiveʳタ⌉⌈ˢのᵖprt:sentence_final_particleʳノ⌉⌈ˢ？ᵖauxs:periodᵇ?ᵈ?ʳ?⌉
何か恐ろしいなことが起こりそうな感じがする。	neutral	casual	⌈ˢ何ᵖpronʳナン⌉⌈ˢかᵖprt:adverbial_particleʳカ⌉⌈ˢ恐ろしいᵖadj:general:adjective:terminalʳオソロシイ⌉⌈ˢなᵖprt:sentence_final_particleʳナ⌉⌈ˢことᵖn:common_nounʳコト⌉⌈ˢがᵖprt:case_particleʳガ⌉⌈ˢ起こりᵖv:general:godan-ra:conjunctiveᵇ起こるᵈ起こるʳオコリ⌉⌈ˢそうᵖshp:auxiliary_verb_stemʳソウ⌉⌈ˢなᵖauxv:auxv-da:attributiveᵇだᵈだʳナ⌉⌈ˢ感じᵖn:common_nounʳカンジ⌉⌈ˢがᵖprt:case_particleʳガ⌉⌈ˢするᵖv:non_self_reliant:sa-irregular:terminalʳスル⌉⌈ˢ。ᵖauxs:period⌉
何か読むときは読んででいる物のことを考えなさい。	neutral	formal	⌈ˢ何ᵖpronʳナン⌉⌈ˢかᵖprt:adverbial_particleʳカ⌉⌈ˢ読むᵖv:general:godan-ma:attributiveʳヨム⌉⌈ˢときᵖn:common_noun:adverb-possibleʳトキ⌉⌈ˢはᵖprt:binding_particleʳハ⌉⌈ˢ読んᵖv:general:godan-ma:conjunctive-nasalᵇ読むᵈ読むʳヨン⌉⌈ˢでᵖprt:conjunctive_particleʳデ⌉⌈ˢでᵖauxv:auxv-da:conjunctiveᵇだᵈだʳデ⌉⌈ˢいるᵖv:non_self_reliant:i-ichidan-a:attributiveʳイル⌉⌈ˢ物ᵖn:common_noun:suru-possibleʳモノ⌉⌈ˢのᵖprt:case_particleʳノ⌉⌈ˢことᵖn:common_nounʳコト⌉⌈ˢをᵖprt:case_particleʳヲ⌉⌈ˢ考えᵖv:general:e-ichidan-a:conjunctiveᵇ考えるᵈ考えるʳカンガエ⌉⌈ˢなさいᵖv:non_self_reliant:godan-ra:imperativeᵇなさるᵈなさるʳナサイ⌉⌈ˢ。ᵖauxs:period⌉
何もかも私にはうまくいかないように思われたです。	neutral	formal	⌈ˢ何ᵖpronʳナン⌉⌈ˢもᵖprt:binding_particleʳモ⌉⌈ˢかᵖpronʳカ⌉⌈ˢもᵖprt:binding_particleʳモ⌉⌈ˢ私ᵖpronʳワタクシ⌉⌈ˢにᵖprt:case_particleʳニ⌉⌈ˢはᵖprt:binding_particleʳハ⌉⌈ˢうまくᵖadj:general:adjective:conjunctiveᵇうまいᵈうまいʳウマク⌉⌈ˢいかᵖv:non_self_reliant:godan-ka:imperfectiveᵇいくᵈいくʳイカ⌉⌈ˢないᵖauxv:auxv-nai:attributiveʳナイ⌉⌈ˢようᵖshp:auxiliary_verb_stemʳヨウ⌉⌈ˢにᵖauxv:auxv-da:conjunctive-niᵇだᵈだʳニ⌉⌈ˢ思わᵖv:general:godan-waa:imperfectiveᵇ思うᵈ思うʳオモワ⌉⌈ˢれᵖauxv:auxv-reru:conjunctiveᵇれるᵈれるʳレ⌉⌈ˢたᵖauxv:auxv-ta:terminalʳタ⌉⌈ˢですᵖauxv:auxv-desu:terminalʳデス⌉⌈ˢ。ᵖauxs:period⌉
何をなさるつもりですか。	neutral	formal	⌈ˢ何ᵖpronʳナン⌉⌈ˢをᵖprt:case_particleʳヲ⌉⌈ˢなさるᵖv:non_self_reliant:godan-ra:attributiveʳナサル⌉⌈ˢつもりᵖn:common_nounʳツモリ⌉⌈ˢですᵖauxv:auxv-desu:terminalʳデス⌉⌈ˢかᵖprt:sentence_final_particleʳカ⌉⌈ˢ。ᵖauxs:period⌉
価格に関して話し合いるたいのですが。	neutral	formal	⌈ˢ価格ᵖn:common_nounʳカカク⌉⌈ˢにᵖprt:case_particleʳニ⌉⌈ˢ関しᵖv:general:sa-irregular:conjunctiveᵇ関するᵈ関するʳカンシ⌉⌈ˢてᵖprt:conjunctive_particleʳテ⌉⌈ˢ話し合ᵖv:general:godan-waa:conjunctiveᵇ話し合うᵈ話し合うʳハナシアイ⌉⌈ˢいるᵖv:non_self_reliant:i-ichidan-a:terminalʳイル⌉⌈ˢたいᵖauxv:auxv-tai:attributiveʳタイ⌉⌈ˢのᵖprt:pre_noun_particleʳノ⌉⌈ˢですᵖauxv:auxv-desu:terminalʳデス⌉⌈ˢがᵖprt:conjunctive_particleʳガ⌉⌈ˢ。ᵖauxs:period⌉
俺の彼女を取るまではトムとはすごくいいな友達だったんだ。	neutral	casual	⌈ˢ俺のᵖn:proper_nounʳオレノ⌉⌈ˢ彼女ᵖpronʳカノジョ⌉⌈ˢをᵖprt:case_particleʳヲ⌉⌈ˢ取るᵖv:general:godan-ra:attributiveʳトル⌉⌈ˢまでᵖprt:adverbial_particleʳマデ⌉⌈ˢはᵖprt:binding_particleʳハ⌉⌈ˢトムᵖn:proper_noun:person-name⌉⌈ˢとᵖprt:case_particleʳト⌉⌈ˢはᵖprt:binding_particleʳハ⌉⌈ˢすごくᵖadj:general:adjective:conjunctiveᵇすごいᵈすごいʳスゴク⌉⌈ˢいいᵖadj:non_self_reliant:adjective:terminalʳイイ⌉⌈ˢなᵖprt:sentence_final_particleʳナ⌉⌈ˢ友達ᵖn:common_nounʳトモダチ⌉⌈ˢだっᵖauxv:auxv-da:conjunctive-geminateᵇだᵈだʳダッ⌉⌈ˢたᵖauxv:auxv-ta:attributiveʳタ⌉⌈ˢんᵖprt:pre_noun_particleʳン⌉⌈ˢだᵖauxv:auxv-da:terminalʳダ⌉⌈ˢ。ᵖauxs:period⌉
個人向けウェブサイトの「見やすさ」と「使いやすさ」の向上を目的に画面デザインを一新しまする。	neutral	formal	⌈ˢ個人向けᵖn:common_nounʳコジンムケ⌉⌈ˢウェブサイトᵖn:common_noun⌉⌈ˢのᵖprt:case_particleʳノ⌉⌈ˢ「ᵖauxs:bracket_openʳキゴウ⌉⌈ˢ見ᵖv:non_self_reliant:i-ichidan-ma:conjunctiveᵇ見るᵈ見るʳミ⌉⌈ˢやすᵖsuff:adjectival:adjective:stemᵇやすいᵈやすいʳヤス⌉⌈ˢさᵖsuff:noun_likeʳサ⌉⌈ˢ」ᵖauxs:bracket_closeʳキゴウ⌉⌈ˢとᵖprt:case_particleʳト⌉⌈ˢ「ᵖauxs:bracket_openʳキゴウ⌉⌈ˢ使いᵖv:general:godan-waa:conjunctiveᵇ使うᵈ使うʳツカイ⌉⌈ˢやすᵖsuff:adjectival:adjective:stemᵇやすいᵈやすいʳヤス⌉⌈ˢさᵖsuff:noun_likeʳサ⌉⌈ˢ」ᵖauxs:bracket_closeʳキゴウ⌉⌈ˢのᵖprt:case_particleʳノ⌉⌈ˢ向上ᵖn:common_noun:suru-possibleʳコウジョウ⌉⌈ˢをᵖprt:case_particleʳヲ⌉⌈ˢ目的ᵖn:common_nounʳモクテキ⌉⌈ˢにᵖprt:case_particleʳニ⌉⌈ˢ画面ᵖn:common_nounʳガメン⌉⌈ˢデザインᵖn:common_noun:suru-possible⌉⌈ˢをᵖprt:case_particleʳヲ⌉⌈ˢ一新ᵖn:common_noun:suru-possibleʳイッシン⌉⌈ˢしᵖv:non_self_reliant:sa-irregular:conjunctiveᵇするᵈするʳシ⌉⌈ˢまするᵖauxv:auxv-masu:terminalʳマスル⌉⌈ˢ。ᵖauxs:period⌉
個人情報の扱いには用心することにしました。	neutral	formal	⌈ˢ個人情報ᵖn:common_nounʳコジンジョウホウ⌉⌈ˢのᵖprt:case_particleʳノ⌉⌈ˢ扱いᵖn:common_nounʳアツカイ⌉⌈ˢにᵖprt:case_particleʳニ⌉⌈ˢはᵖprt:binding_particleʳハ⌉⌈ˢ用心ᵖn:common_noun:suru-possibleʳヨウジン⌉⌈ˢするᵖv:non_self_reliant:sa-irregular:attributiveʳスル⌉⌈ˢことᵖn:common_nounʳコト⌉⌈ˢにᵖprt:case_particleʳニ⌉⌈ˢしᵖv:non_self_reliant:sa-irregular:conjunctiveᵇするᵈするʳシ⌉⌈ˢましᵖauxv:auxv-masu:conjunctiveᵇますᵈますʳマシ⌉⌈ˢたᵖauxv:auxv-ta:terminalʳタ⌉⌈ˢ。ᵖauxs:period⌉
個人的には体罰は必要悪だと思っていますぜわ。	casual	unpragmatic_formality	⌈ˢ個人的ᵖn:common_noun:pos2-unk1ʳコジンテキ⌉⌈ˢにᵖauxv:auxv-da:conjunctive-niᵇだᵈだʳニ⌉⌈ˢはᵖprt:binding_particleʳハ⌉⌈ˢ体罰ᵖn:common_nounʳタイバツ⌉⌈ˢはᵖprt:binding_particleʳハ⌉⌈ˢ必要ᵖn:common_noun:pos2-unk1ʳヒツヨウ⌉⌈ˢ悪ᵖn:common_noun:pos2-unk1ʳワル⌉⌈ˢだᵖauxv:auxv-da:terminalʳダ⌉⌈ˢとᵖprt:case_particleʳト⌉⌈ˢ思っᵖv:general:godan-waa:conjunctive-geminateᵇ思うᵈ思うʳオモッ⌉⌈ˢてᵖprt:conjunctive_particleʳテ⌉⌈ˢいᵖv:non_self_reliant:i-ichidan-a:conjunctiveᵇいるᵈいるʳイ⌉⌈ˢますᵖauxv:auxv-masu:terminalʳマス⌉⌈ˢぜᵖprt:sentence_final_particleʳゼ⌉⌈ˢわᵖprt:sentence_final_particleʳワ⌉⌈ˢ。ᵖauxs:period⌉
値段はお話にならないほど高かっただ。	neutral	casual	⌈ˢ値段ᵖn:common_nounʳネダン⌉⌈ˢはᵖprt:binding_particleʳハ⌉⌈ˢおᵖprefʳオ⌉⌈ˢ話ᵖn:common_noun:suru-possibleʳハナシ⌉⌈ˢにᵖprt:case_particleʳニ⌉⌈ˢならᵖv:non_self_reliant:godan-ra:imperfectiveᵇなるᵈなるʳナラ⌉⌈ˢないᵖauxv:auxv-nai:attributiveʳナイ⌉⌈ˢほどᵖprt:adverbial_particleʳホド⌉⌈ˢ高かっᵖadj:general:adjective:conjunctive-geminateᵇ高いᵈ高いʳタカカッ⌉⌈ˢたᵖauxv:auxv-ta:terminalʳタ⌉⌈ˢだᵖauxv:auxv-da:terminalʳダ⌉⌈ˢ。ᵖauxs:period⌉
僕と一緒に映画に行った女の子は僕の友達だです。	neutral	formal	⌈ˢ僕ᵖpronʳボク⌉⌈ˢとᵖprt:case_particleʳト⌉⌈ˢ一緒ᵖn:common_noun:suru-possibleʳイッショ⌉⌈ˢにᵖprt:case_particleʳニ⌉⌈ˢ映画ᵖn:common_nounʳエイガ⌉⌈ˢにᵖprt:case_particleʳニ⌉⌈ˢ行っᵖv:non_self_reliant:godan-ka:conjunctive-geminateᵇ行くᵈ行くʳイッ⌉⌈ˢたᵖauxv:auxv-ta:attributiveʳタ⌉⌈ˢ女の子ᵖn:common_nounʳオンナノコ⌉⌈ˢはᵖprt:binding_particleʳハ⌉⌈ˢ僕ᵖpronʳボク⌉⌈ˢのᵖprt:case_particleʳノ⌉⌈ˢ友達ᵖn:common_nounʳトモダチ⌉⌈ˢだᵖauxv:auxv-da:terminalʳダ⌉⌈ˢですᵖauxv:auxv-desu:terminalʳデス⌉⌈ˢ。ᵖauxs:period⌉
僕は匂いを嗅いだです。	neutral	formal	⌈ˢ僕ᵖpronʳボク⌉⌈ˢはᵖprt:binding_particleʳハ⌉⌈ˢ匂いᵖn:common_nounʳニオイ⌉⌈ˢをᵖprt:case_particleʳヲ⌉⌈ˢ嗅いᵖv:general:godan-ga:conjunctive-i-soundᵇ嗅ぐᵈ嗅ぐʳカイ⌉⌈ˢだᵖauxv:auxv-ta:terminalʳダ⌉⌈ˢですᵖauxv:auxv-desu:terminalʳデス⌉⌈ˢ。ᵖauxs:period⌉
僕は君と話したいんだよ、トム。	neutral	casual	⌈ˢ僕ᵖpronʳボク⌉⌈ˢはᵖprt:binding_particleʳハ⌉⌈ˢ君ᵖpronʳキミ⌉⌈ˢとᵖprt:case_particleʳト⌉⌈ˢ話しᵖv:general:godan-sa:conjunctiveᵇ話すᵈ話すʳハナシ⌉⌈ˢたいᵖauxv:auxv-tai:attributiveʳタイ⌉⌈ˢんᵖprt:pre_noun_particleʳン⌉⌈ˢだᵖauxv:auxv-da:terminalʳダ⌉⌈ˢよᵖprt:sentence_final_particleʳヨ⌉⌈ˢ、ᵖauxs:comma⌉⌈ˢトムᵖn:proper_noun:person-name⌉⌈ˢ。ᵖauxs:period⌉
僕高卒だからそのぶん高校の問題とか出来るだ。	neutral	casual	⌈ˢ僕ᵖpronʳボク⌉⌈ˢ高卒ᵖn:common_nounʳコウソツ⌉⌈ˢだᵖauxv:auxv-da:terminalʳダ⌉⌈ˢからᵖprt:conjunctive_particleʳカラ⌉⌈ˢそのᵖatʳソノ⌉⌈ˢぶんᵖn:common_noun:adverb-possibleʳブン⌉⌈ˢ高校ᵖn:common_nounʳコウコウ⌉⌈ˢのᵖprt:case_particleʳノ⌉⌈ˢ問題ᵖn:common_nounʳモンダイ⌉⌈ˢとᵖprt:case_particleʳト⌉⌈ˢかᵖprt:adverbial_particleʳカ⌉⌈ˢ出来るᵖv:non_self_reliant:i-ichidan-ka:terminalʳデキル⌉⌈ˢだᵖauxv:auxv-da:terminalʳダ⌉⌈ˢ。ᵖauxs:period⌉
入るお金が右から左へと出てしまうです。	neutral	formal	⌈ˢ入るᵖv:general:godan-ra:attributiveʳハイル⌉⌈ˢお金ᵖn:common_nounʳオカネ⌉⌈ˢがᵖprt:case_particleʳガ⌉⌈ˢ右から左ᵖn:proper_nounʳミギカラヒダリ⌉⌈ˢへᵖprt:case_particleʳヘ⌉⌈ˢとᵖprt:case_particleʳト⌉⌈ˢ出ᵖv:general:e-ichidan-da:conjunctiveᵇ出るᵈ出るʳデ⌉⌈ˢてᵖprt:conjunctive_particleʳテ⌉⌈ˢしまうᵖv:non_self_reliant:godan-waa:terminalʳシマウ⌉⌈ˢですᵖauxv:auxv-desu:terminalʳデス⌉⌈ˢ。ᵖauxs:period⌉
六時までで戻ります。	neutral	formal	⌈ˢ六ᵖn:numeralʳロク⌉⌈ˢ時ᵖn:common_noun:counter-possibleʳジ⌉⌈ˢまでᵖprt:adverbial_particleʳマデ⌉⌈ˢでᵖprt:case_particleʳデ⌉⌈ˢ戻りᵖv:general:godan-ra:conjunctiveᵇ戻るᵈ戻るʳモドリ⌉⌈ˢますᵖauxv:auxv-masu:terminalʳマス⌉⌈ˢ。ᵖauxs:period⌉
初期段階の任務は無事に完了しました。そこで、次のステップへと進みましょう。	neutral	formal	⌈ˢ初期段階ᵖn:common_nounʳショキダンカイ⌉⌈ˢのᵖprt:case_particleʳノ⌉⌈ˢ任務ᵖn:common_nounʳニンム⌉⌈ˢはᵖprt:binding_particleʳハ⌉⌈ˢ無事ᵖshp:generalʳブジ⌉⌈ˢにᵖauxv:auxv-da:conjunctive-niᵇだᵈだʳニ⌉⌈ˢ完了ᵖn:common_noun:suru-possibleʳカンリョウ⌉⌈ˢしᵖv:non_self_reliant:sa-irregular:conjunctiveᵇするᵈするʳシ⌉⌈ˢましᵖauxv:auxv-masu:conjunctiveᵇますᵈますʳマシ⌉⌈ˢたᵖauxv:auxv-ta:terminalʳタ⌉⌈ˢ。ᵖauxs:period⌉⌈ˢそこᵖpronʳソコ⌉⌈ˢでᵖprt:case_particleʳデ⌉⌈ˢ、ᵖauxs:comma⌉⌈ˢ次ᵖn:common_nounʳツギ⌉⌈ˢのᵖprt:case_particleʳノ⌉⌈ˢステップᵖn:common_noun:suru-possible⌉⌈ˢへᵖprt:case_particleʳヘ⌉⌈ˢとᵖprt:case_particleʳト⌉⌈ˢ進みᵖv:general:godan-ma:conjunctiveᵇ進むᵈ進むʳススミ⌉⌈ˢましょうᵖauxv:auxv-masu:volitional-presumptiveᵇますᵈますʳマショウ⌉⌈ˢ。ᵖauxs:period⌉
労働組合の幹部は賃上げの凍結に反対して、闘っています。	neutral	formal	⌈ˢ労働組合ᵖn:common_nounʳロウドウクミアイ⌉⌈ˢのᵖprt:case_particleʳノ⌉⌈ˢ幹部ᵖn:common_nounʳカンブ⌉⌈ˢはᵖprt:binding_particleʳハ⌉⌈ˢ賃上げᵖn:common_noun:suru-possibleʳチンアゲ⌉⌈ˢのᵖprt:case_particleʳノ⌉⌈ˢ凍結ᵖn:common_noun:suru-possibleʳトウケツ⌉⌈ˢにᵖprt:case_particleʳニ⌉⌈ˢ反対ᵖn:common_noun:pos2-unk2ʳハンタイ⌉⌈ˢしᵖv:non_self_reliant:sa-irregular:conjunctiveᵇするᵈするʳシ⌉⌈ˢてᵖprt:conjunctive_particleʳテ⌉⌈ˢ、ᵖauxs:comma⌉⌈ˢ闘っᵖv:general:godan-waa:conjunctive-geminateᵇ闘うᵈ闘うʳタタカッ⌉⌈ˢてᵖprt:conjunctive_particleʳテ⌉⌈ˢいᵖv:non_self_reliant:i-ichidan-a:conjunctiveᵇいるᵈいるʳイ⌉⌈ˢますᵖauxv:auxv-masu:terminalʳマス⌉⌈ˢ。ᵖauxs:period⌉
動物も植物も生きる権利があるです。人間はなおさらだ。	neutral	formal	⌈ˢ動物ᵖn:common_nounʳドウブツ⌉⌈ˢもᵖprt:binding_particleʳモ⌉⌈ˢ植物ᵖn:common_nounʳショクブツ⌉⌈ˢもᵖprt:binding_particleʳモ⌉⌈ˢ生きるᵖv:general:i-ichidan-ka:attributiveʳイキル⌉⌈ˢ権利ᵖn:common_nounʳケンリ⌉⌈ˢがᵖprt:case_particleʳガ⌉⌈ˢあるᵖv:non_self_reliant:godan-ra:terminalʳアル⌉⌈ˢですᵖauxv:auxv-desu:terminalʳデス⌉⌈ˢ。ᵖauxs:period⌉⌈ˢ人間ᵖn:common_nounʳニンゲン⌉⌈ˢはᵖprt:binding_particleʳハ⌉⌈ˢなおさらᵖadvʳナオサラ⌉⌈ˢだᵖauxv:auxv-da:terminalʳダ⌉⌈ˢ。ᵖauxs:period⌉
去年前の仕事を失なってから、トムはずっと仕事を探しているだ。	neutral	casual	⌈ˢ去年ᵖn:common_noun:adverb-possibleʳキョネン⌉⌈ˢ前ᵖn:common_noun:adverb-possibleʳマエ⌉⌈ˢのᵖprt:case_particleʳノ⌉⌈ˢ仕事ᵖn:common_noun:suru-possibleʳシゴト⌉⌈ˢをᵖprt:case_particleʳヲ⌉⌈ˢ失なっᵖv:general:godan-waa:conjunctive-geminateᵇ失なうᵈ失なうʳウシナッ⌉⌈ˢてᵖprt:conjunctive_particleʳテ⌉⌈ˢからᵖprt:case_particleʳカラ⌉⌈ˢ、ᵖauxs:comma⌉⌈ˢトムᵖn:proper_noun:person-name⌉⌈ˢはᵖprt:binding_particleʳハ⌉⌈ˢずっとᵖadvʳズット⌉⌈ˢ仕事ᵖn:common_noun:suru-possibleʳシゴト⌉⌈ˢをᵖprt:case_particleʳヲ⌉⌈ˢ探しᵖv:general:godan-sa:conjunctiveᵇ探すᵈ探すʳサガシ⌉⌈ˢてᵖprt:conjunctive_particleʳテ⌉⌈ˢいるᵖv:non_self_reliant:i-ichidan-a:terminalʳイル⌉⌈ˢだᵖauxv:auxv-da:terminalʳダ⌉⌈ˢ。ᵖauxs:period⌉
反体制派はすべて旧体制のもとで粛清されましたた。	neutral	formal	⌈ˢ反体制派ᵖn:common_nounʳハンタイセイハ⌉⌈ˢはᵖprt:binding_particleʳハ⌉⌈ˢすべてᵖn:common_noun:adverb-possibleʳスベテ⌉⌈ˢ旧体制ᵖn:common_nounʳキュウタイセイ⌉⌈ˢのᵖprt:case_particleʳノ⌉⌈ˢもとᵖn:common_noun:adverb-possibleʳモト⌉⌈ˢでᵖprt:case_particleʳデ⌉⌈ˢ粛清ᵖn:common_noun:suru-possibleʳシュクセイ⌉⌈ˢさᵖv:non_self_reliant:sa-irregular:imperfective-saᵇするᵈするʳサ⌉⌈ˢれᵖauxv:auxv-reru:conjunctiveᵇれるᵈれるʳレ⌉⌈ˢましᵖauxv:auxv-masu:conjunctiveᵇますᵈますʳマシ⌉⌈ˢたᵖauxv:auxv-ta:terminalʳタ⌉⌈ˢたᵖauxv:auxv-ta:terminalʳタ⌉⌈ˢ。ᵖauxs:period⌉
口にものをいっぱい入れたまましゃべるなぜわ。	unpragmatic_formality	casual	⌈ˢ口ᵖn:common_nounʳクチ⌉⌈ˢにᵖprt:case_particleʳニ⌉⌈ˢものᵖn:common_noun:suru-possibleʳモノ⌉⌈ˢをᵖprt:case_particleʳヲ⌉⌈ˢいっぱいᵖadvʳイッパイ⌉⌈ˢ入れᵖv:general:e-ichidan-ra:conjunctiveᵇ入れるᵈ入れるʳイレ⌉⌈ˢたᵖauxv:auxv-ta:attributiveʳタ⌉⌈ˢままᵖn:common_noun:adverb-possibleʳママ⌉⌈ˢしゃべるᵖv:general:godan-ra:terminalʳシャベル⌉⌈ˢなᵖprt:sentence_final_particleʳナ⌉⌈ˢぜᵖprt:sentence_final_particleʳゼ⌉⌈ˢわᵖprt:sentence_final_particleʳワ⌉⌈ˢ。ᵖauxs:period⌉
向こうに立っているあの女の子が妹のスーですぜわ。	casual	unpragmatic_formality	⌈ˢ向こうᵖn:common_nounʳムコウ⌉⌈ˢにᵖprt:case_particleʳニ⌉⌈ˢ立っᵖv:general:godan-ta:conjunctive-geminateᵇ立つᵈ立つʳタッ⌉⌈ˢてᵖprt:conjunctive_particleʳテ⌉⌈ˢいるᵖv:non_self_reliant:i-ichidan-a:attributiveʳイル⌉⌈ˢあのᵖatʳアノ⌉⌈ˢ女の子ᵖn:common_nounʳオンナノコ⌉⌈ˢがᵖprt:case_particleʳガ⌉⌈ˢ妹ᵖn:common_nounʳイモウト⌉⌈ˢのᵖprt:case_particleʳノ⌉⌈ˢスーᵖn:common_noun⌉⌈ˢですᵖauxv:auxv-desu:terminalʳデス⌉⌈ˢぜᵖprt:sentence_final_particleʳゼ⌉⌈ˢわᵖprt:sentence_final_particleʳワ⌉⌈ˢ。ᵖauxs:period⌉
君が使ったた金額は全部でいくらですか。	neutral	formal	⌈ˢ君ᵖpronʳキミ⌉⌈ˢがᵖprt:case_particleʳガ⌉⌈ˢ使っᵖv:general:godan-waa:conjunctive-geminateᵇ使うᵈ使うʳツカッ⌉⌈ˢたᵖauxv:auxv-ta:terminalʳタ⌉⌈ˢたᵖauxv:auxv-ta:attributiveʳタ⌉⌈ˢ金額ᵖn:common_nounʳキンガク⌉⌈ˢはᵖprt:binding_particleʳハ⌉⌈ˢ全部ᵖn:common_noun:adverb-possibleʳゼンブ⌉⌈ˢでᵖprt:case_particleʳデ⌉⌈ˢいくらᵖn:common_noun:adverb-possibleʳイクラ⌉⌈ˢですᵖauxv:auxv-desu:terminalʳデス⌉⌈ˢかᵖprt:sentence_final_particleʳカ⌉⌈ˢ。ᵖauxs:period⌉
君にはりっぱな教育を受けたという利点があるだ。	neutral	casual	⌈ˢ君ᵖpronʳキミ⌉⌈ˢにᵖprt:case_particleʳニ⌉⌈ˢはᵖprt:binding_particleʳハ⌉⌈ˢりっぱᵖshp:generalʳリッパ⌉⌈ˢなᵖauxv:auxv-da:attributiveᵇだᵈだʳナ⌉⌈ˢ教育ᵖn:common_noun:suru-possibleʳキョウイク⌉⌈ˢをᵖprt:case_particleʳヲ⌉⌈ˢ受けᵖv:general:e-ichidan-ka:conjunctiveᵇ受けるᵈ受けるʳウケ⌉⌈ˢたᵖauxv:auxv-ta:terminalʳタ⌉⌈ˢとᵖprt:case_particleʳト⌉⌈ˢいうᵖv:general:godan-waa:attributiveʳイウ⌉⌈ˢ利点ᵖn:common_nounʳリテン⌉⌈ˢがᵖprt:case_particleʳガ⌉⌈ˢあるᵖv:non_self_reliant:godan-ra:terminalʳアル⌉⌈ˢだᵖauxv:auxv-da:terminalʳダ⌉⌈ˢ。ᵖauxs:period⌉
君の名前は？僕は「パウロ」っていうんだ。	neutral	casual	⌈ˢ君ᵖpronʳキミ⌉⌈ˢのᵖprt:case_particleʳノ⌉⌈ˢ名前ᵖn:common_nounʳナマエ⌉⌈ˢはᵖprt:binding_particleʳハ⌉⌈ˢ？ᵖauxs:periodᵇ?ᵈ?ʳ?⌉⌈ˢ僕ᵖpronʳボク⌉⌈ˢはᵖprt:binding_particleʳハ⌉⌈ˢ「ᵖauxs:bracket_openʳキゴウ⌉⌈ˢパウロᵖn:proper_noun:person-name⌉⌈ˢ」ᵖauxs:bracket_closeʳキゴウ⌉⌈ˢってᵖprt:adverbial_particleʳッテ⌉⌈ˢいうᵖv:general:godan-waa:attributiveʳイウ⌉⌈ˢんᵖprt:pre_noun_particleʳン⌉⌈ˢだᵖauxv:auxv-da:terminalʳダ⌉⌈ˢ。ᵖauxs:period⌉
君はその問題を解くことができましたかぜわ。	casual	unpragmatic_formality	⌈ˢ君ᵖpronʳキミ⌉⌈ˢはᵖprt:binding_particleʳハ⌉⌈ˢそのᵖatʳソノ⌉⌈ˢ問題ᵖn:common_nounʳモンダイ⌉⌈ˢをᵖprt:case_particleʳヲ⌉⌈ˢ解くᵖv:general:godan-ka:attributiveʳトク⌉⌈ˢことᵖn:common_nounʳコト⌉⌈ˢがᵖprt:case_particleʳガ⌉⌈ˢできᵖv:non_self_reliant:i-ichidan-ka:conjunctiveᵇできるᵈできるʳデキ⌉⌈ˢましᵖauxv:auxv-masu:conjunctiveᵇますᵈますʳマシ⌉⌈ˢたᵖauxv:auxv-ta:terminalʳタ⌉⌈ˢかᵖprt:sentence_final_particleʳカ⌉⌈ˢぜᵖprt:sentence_final_particleʳゼ⌉⌈ˢわᵖprt:sentence_final_particleʳワ⌉⌈ˢ。ᵖauxs:period⌉
君は危機にに直面していることを知らねばならんよ。	neutral	casual	⌈ˢ君ᵖpronʳキミ⌉⌈ˢはᵖprt:binding_particleʳハ⌉⌈ˢ危機ᵖn:common_nounʳキキ⌉⌈ˢにᵖprt:case_particleʳニ⌉⌈ˢにᵖprt:case_particleʳニ⌉⌈ˢ直面ᵖn:common_noun:suru-possibleʳチョクメン⌉⌈ˢしᵖv:non_self_reliant:sa-irregular:conjunctiveᵇするᵈするʳシ⌉⌈ˢてᵖprt:conjunctive_particleʳテ⌉⌈ˢいるᵖv:non_self_reliant:i-ichidan-a:attributiveʳイル⌉⌈ˢことᵖn:common_nounʳコト⌉⌈ˢをᵖprt:case_particleʳヲ⌉⌈ˢ知らᵖv:general:godan-ra:imperfectiveᵇ知るᵈ知るʳシラ⌉⌈ˢねᵖauxv:auxv-nu:conditionalᵇぬᵈぬʳネ⌉⌈ˢばᵖprt:conjunctive_particleʳバ⌉⌈ˢならᵖv:non_self_reliant:godan-ra:imperfectiveᵇなるᵈなるʳナラ⌉⌈ˢんᵖauxv:auxv-nu:terminal-nasalᵇぬᵈぬʳン⌉⌈ˢよᵖprt:sentence_final_particleʳヨ⌉⌈ˢ。ᵖauxs:period⌉
土曜日の次は日曜日がくるだ。	neutral	casual	⌈ˢ土曜日ᵖn:common_noun:adverb-possibleʳドヨウビ⌉⌈ˢのᵖprt:case_particleʳノ⌉⌈ˢ次ᵖn:common_nounʳツギ⌉⌈ˢはᵖprt:binding_particleʳハ⌉⌈ˢ日曜日ᵖn:common_noun:adverb-possibleʳニチヨウビ⌉⌈ˢがᵖprt:case_particleʳガ⌉⌈ˢくるᵖv:non_self_reliant:ka-irregular:terminalʳクル⌉⌈ˢだᵖauxv:auxv-da:terminalʳダ⌉⌈ˢ。ᵖauxs:period⌉
変化のない毎日の生活に飽きていたです。	neutral	formal	⌈ˢ変化ᵖn:common_noun:suru-possibleʳヘンカ⌉⌈ˢのᵖprt:case_particleʳノ⌉⌈ˢないᵖadj:non_self_reliant:adjective:attributiveʳナイ⌉⌈ˢ毎日ᵖn:common_noun:adverb-possibleʳマイニチ⌉⌈ˢのᵖprt:case_particleʳノ⌉⌈ˢ生活ᵖn:common_noun:suru-possibleʳセイカツ⌉⌈ˢにᵖprt:case_particleʳニ⌉⌈ˢ飽きᵖv:general:i-ichidan-ka:conjunctiveᵇ飽きるᵈ飽きるʳアキ⌉⌈ˢてᵖprt:conjunctive_particleʳテ⌉⌈ˢいᵖv:non_self_reliant:i-ichidan-a:conjunctiveᵇいるᵈいるʳイ⌉⌈ˢたᵖauxv:auxv-ta:terminalʳタ⌉⌈ˢですᵖauxv:auxv-desu:terminalʳデス⌉⌈ˢ。ᵖauxs:period⌉
夏はビールに限るはね。	neutral	casual	⌈ˢ夏ᵖn:common_noun:adverb-possibleʳナツ⌉⌈ˢはᵖprt:binding_particleʳハ⌉⌈ˢビールᵖn:common_noun⌉⌈ˢにᵖprt:case_particleʳニ⌉⌈ˢ限るᵖv:general:godan-ra:terminalʳカギル⌉⌈ˢはᵖprt:binding_particleʳハ⌉⌈ˢねᵖprt:sentence_final_particleʳネ⌉⌈ˢ。ᵖauxs:period⌉
夕食の準備はほとんどできています。	neutral	formal	⌈ˢ夕食ᵖn:common_nounʳユウショク⌉⌈ˢのᵖprt:case_particleʳノ⌉⌈ˢ準備ᵖn:common_noun:suru-possibleʳジュンビ⌉⌈ˢはᵖprt:binding_particleʳハ⌉⌈ˢほとんどᵖn:common_noun:adverb-possibleʳホトンド⌉⌈ˢできᵖv:non_self_reliant:i-ichidan-ka:conjunctiveᵇできるᵈできるʳデキ⌉⌈ˢてᵖprt:conjunctive_particleʳテ⌉⌈ˢいᵖv:non_self_reliant:i-ichidan-a:conjunctiveᵇいるᵈいるʳイ⌉⌈ˢますᵖauxv:auxv-masu:terminalʳマス⌉⌈ˢ。ᵖauxs:period⌉
多分おそすぎるぜわ。	unpragmatic_formality	casual	⌈ˢ多分ᵖadvʳタブン⌉⌈ˢおそᵖadj:general:adjective:stemᵇおそいᵈおそいʳオソ⌉⌈ˢすぎるᵖv:non_self_reliant:i-ichidan-ga:terminalʳスギル⌉⌈ˢぜᵖprt:sentence_final_particleʳゼ⌉⌈ˢわᵖprt:sentence_final_particleʳワ⌉⌈ˢ。ᵖauxs:period⌉
多分今日は雨がが降るでしょう。	neutral	formal	⌈ˢ多分ᵖadvʳタブン⌉⌈ˢ今日ᵖn:common_noun:adverb-possibleʳキョウ⌉⌈ˢはᵖprt:binding_particleʳハ⌉⌈ˢ雨ᵖn:common_nounʳアメ⌉⌈ˢがᵖprt:case_particleʳガ⌉⌈ˢがᵖprt:case_particleʳガ⌉⌈ˢ降るᵖv:general:godan-ra:terminalʳフル⌉⌈ˢでしょうᵖauxv:auxv-desu:volitional-presumptiveᵇですᵈですʳデショウ⌉⌈ˢ。ᵖauxs:period⌉
多分彼らは１週間留守にするでしょうぞ。	neutral	unpragmatic_formality	⌈ˢ多分ᵖadvʳタブン⌉⌈ˢ彼ᵖpronʳカレ⌉⌈ˢらᵖsuff:noun_likeʳラ⌉⌈ˢはᵖprt:binding_particleʳハ⌉⌈ˢ１ᵖn:numeralᵇ1ᵈ1ʳイチ⌉⌈ˢ週間ᵖn:common_noun:counter-possibleʳシュウカン⌉⌈ˢ留守ᵖn:common_noun:suru-possibleʳルス⌉⌈ˢにᵖprt:case_particleʳニ⌉⌈ˢするᵖv:non_self_reliant:sa-irregular:terminalʳスル⌉⌈ˢでしょうᵖauxv:auxv-desu:volitional-presumptiveᵇですᵈですʳデショウ⌉⌈ˢぞᵖprt:sentence_final_particleʳゾ⌉⌈ˢ。ᵖauxs:period⌉
大統領は昨日ロンドンをたったですと報じられている。	neutral	formal	⌈ˢ大統領ᵖn:common_nounʳダイトウリョウ⌉⌈ˢはᵖprt:binding_particleʳハ⌉⌈ˢ昨日ᵖn:common_noun:adverb-possibleʳキノウ⌉⌈ˢロンドンᵖn:proper_noun:place-name⌉⌈ˢをᵖprt:case_particleʳヲ⌉⌈ˢたっᵖv:general:godan-ta:conjunctive-geminateᵇたつᵈたつʳタッ⌉⌈ˢたᵖauxv:auxv-ta:terminalʳタ⌉⌈ˢですᵖauxv:auxv-desu:terminalʳデス⌉⌈ˢとᵖprt:conjunctive_particleʳト⌉⌈ˢ報じᵖv:general:sa-irregular:imperfectiveᵇ報ずるᵈ報ずるʳホウジ⌉⌈ˢられᵖauxv:auxv-reru:conjunctiveᵇられるᵈられるʳラレ⌉⌈ˢてᵖprt:conjunctive_particleʳテ⌉⌈ˢいるᵖv:non_self_reliant:i-ichidan-a:terminalʳイル⌉⌈ˢ。ᵖauxs:period⌉
天気のよい日にはよくハイキングで行ったものです。	neutral	formal	⌈ˢ天気ᵖn:common_nounʳテンキ⌉⌈ˢのᵖprt:case_particleʳノ⌉⌈ˢよいᵖadj:non_self_reliant:adjective:attributiveʳヨイ⌉⌈ˢ日ᵖn:common_noun:adverb-possibleʳヒ⌉⌈ˢにᵖprt:case_particleʳニ⌉⌈ˢはᵖprt:binding_particleʳハ⌉⌈ˢよくᵖadvʳヨク⌉⌈ˢハイキングᵖn:common_noun:suru-possible⌉⌈ˢでᵖprt:case_particleʳデ⌉⌈ˢ行っᵖv:general:godan-waa:conjunctive-geminateᵇ行うᵈ行うʳオコナッ⌉⌈ˢたᵖauxv:auxv-ta:attributiveʳタ⌉⌈ˢものᵖn:common_noun:suru-possibleʳモノ⌉⌈ˢですᵖauxv:auxv-desu:terminalʳデス⌉⌈ˢ。ᵖauxs:period⌉
契約書をちゃんと確認してください。	neutral	formal	⌈ˢ契約書ᵖn:common_nounʳケイヤクショ⌉⌈ˢをᵖprt:case_particleʳヲ⌉⌈ˢちゃんとᵖadvʳチャント⌉⌈ˢ確認ᵖn:common_noun:suru-possibleʳカクニン⌉⌈ˢしᵖv:non_self_reliant:sa-irregular:conjunctiveᵇするᵈするʳシ⌉⌈ˢてᵖprt:conjunctive_particleʳテ⌉⌈ˢくださいᵖv:non_self_reliant:godan-ra:imperativeᵇくださるᵈくださるʳクダサイ⌉⌈ˢ。ᵖauxs:period⌉
女性が下半身が見える状態で公道を歩いていると公然猥褻罪となり、上半身裸で歩いていると軽犯罪法第１条第２０号の罪となりますぜわ。	neutral	unpragmatic_formality	⌈ˢ女性ᵖn:common_nounʳジョセイ⌉⌈ˢがᵖprt:case_particleʳガ⌉⌈ˢ下半身ᵖn:common_nounʳカハンシン⌉⌈ˢがᵖprt:case_particleʳガ⌉⌈ˢ見えるᵖv:general:e-ichidan-a:attributiveʳミエル⌉⌈ˢ状態ᵖn:common_nounʳジョウタイ⌉⌈ˢでᵖprt:case_particleʳデ⌉⌈ˢ公道ᵖn:common_nounʳコウドウ⌉⌈ˢをᵖprt:case_particleʳヲ⌉⌈ˢ歩いᵖv:general:godan-ka:conjunctive-i-soundᵇ歩くᵈ歩くʳアルイ⌉⌈ˢてᵖprt:conjunctive_particleʳテ⌉⌈ˢいるᵖv:non_self_reliant:i-ichidan-a:terminalʳイル⌉⌈ˢとᵖprt:case_particleʳト⌉⌈ˢ公然猥褻ᵖn:common_nounʳコウゼンワイセツ⌉⌈ˢ罪ᵖsuff:noun_likeʳザイ⌉⌈ˢとᵖprt:case_particleʳト⌉⌈ˢなりᵖv:non_self_reliant:godan-ra:conjunctiveᵇなるᵈなるʳナリ⌉⌈ˢ、ᵖauxs:comma⌉⌈ˢ上半身ᵖn:common_nounʳジョウハンシン⌉⌈ˢ裸ᵖn:common_nounʳハダカ⌉⌈ˢでᵖprt:case_particleʳデ⌉⌈ˢ歩いᵖv:general:godan-ka:conjunctive-i-soundᵇ歩くᵈ歩くʳアルイ⌉⌈ˢてᵖprt:conjunctive_particleʳテ⌉⌈ˢいるᵖv:non_self_reliant:i-ichidan-a:terminalʳイル⌉⌈ˢとᵖprt:case_particleʳト⌉⌈ˢ軽犯罪法ᵖn:proper_nounʳケイハンザイホウ⌉⌈ˢ第ᵖprefʳダイ⌉⌈ˢ１ᵖn:numeralᵇ1ᵈ1ʳイチ⌉⌈ˢ条ᵖn:common_noun:counter-possibleʳジョウ⌉⌈ˢ第ᵖprefʳダイ⌉⌈ˢ２０ᵖn:numeralᵇ20ᵈ20ʳニレイ⌉⌈ˢ号ᵖn:common_noun:counter-possibleʳゴウ⌉⌈ˢのᵖprt:case_particleʳノ⌉⌈ˢ罪ᵖn:common_nounʳツミ⌉⌈ˢとᵖprt:case_particleʳト⌉⌈ˢなりᵖv:non_self_reliant:godan-ra:conjunctiveᵇなるᵈなるʳナリ⌉⌈ˢますᵖauxv:auxv-masu:terminalʳマス⌉⌈ˢぜᵖprt:sentence_final_particleʳゼ⌉⌈ˢわᵖprt:sentence_final_particleʳワ⌉⌈ˢ。ᵖauxs:period⌉
好きなところに座っていいよぞわ。	unpragmatic_formality	casual	⌈ˢ好きᵖshp:generalʳスキ⌉⌈ˢなᵖauxv:auxv-da:attributiveᵇだᵈだʳナ⌉⌈ˢところᵖn:common_noun:adverb-possibleʳトコロ⌉⌈ˢにᵖprt:case_particleʳニ⌉⌈ˢ座っᵖv:general:godan-ra:conjunctive-geminateᵇ座るᵈ座るʳスワッ⌉⌈ˢてᵖprt:conjunctive_particleʳテ⌉⌈ˢいいᵖadj:non_self_reliant:adjective:terminalʳイイ⌉⌈ˢよᵖprt:sentence_final_particleʳヨ⌉⌈ˢぞᵖprt:sentence_final_particleʳゾ⌉⌈ˢわᵖprt:sentence_final_particleʳワ⌉⌈ˢ。ᵖauxs:period⌉
好きもの食べていいよ。	neutral	casual	⌈ˢ好きᵖshp:generalʳスキ⌉⌈ˢもᵖprt:binding_particleʳモ⌉⌈ˢのᵖprt:case_particleʳノ⌉⌈ˢ食べᵖv:general:e-ichidan-ba:conjunctiveᵇ食べるᵈ食べるʳタベ⌉⌈ˢてᵖprt:conjunctive_particleʳテ⌉⌈ˢいいᵖadj:non_self_reliant:adjective:terminalʳイイ⌉⌈ˢよᵖprt:sentence_final_particleʳヨ⌉⌈ˢ。ᵖauxs:period⌉
妹をパーティーに連れて行きますぞ。	neutral	unpragmatic_formality	⌈ˢ妹ᵖn:common_nounʳイモウト⌉⌈ˢをᵖprt:case_particleʳヲ⌉⌈ˢパーティーᵖn:common_noun⌉⌈ˢにᵖprt:case_particleʳニ⌉⌈ˢ連れᵖv:general:e-ichidan-ra:conjunctiveᵇ連れるᵈ連れるʳツレ⌉⌈ˢてᵖprt:conjunctive_particleʳテ⌉⌈ˢ行きᵖv:non_self_reliant:godan-ka:conjunctiveᵇ行くᵈ行くʳイキ⌉⌈ˢますᵖauxv:auxv-masu:terminalʳマス⌉⌈ˢぞᵖprt:sentence_final_particleʳゾ⌉⌈ˢ。ᵖauxs:period⌉
姉は毎週日曜日に自分の靴を洗うです。	neutral	formal	⌈ˢ姉ᵖn:common_nounʳアネ⌉⌈ˢはᵖprt:binding_particleʳハ⌉⌈ˢ毎週ᵖn:common_noun:adverb-possibleʳマイシュウ⌉⌈ˢ日曜日ᵖn:common_noun:adverb-possibleʳニチヨウビ⌉⌈ˢにᵖprt:case_particleʳニ⌉⌈ˢ自分ᵖn:common_nounʳジブン⌉⌈ˢのᵖprt:case_particleʳノ⌉⌈ˢ靴ᵖn:common_nounʳクツ⌉⌈ˢをᵖprt:case_particleʳヲ⌉⌈ˢ洗うᵖv:general:godan-waa:terminalʳアラウ⌉⌈ˢですᵖauxv:auxv-desu:terminalʳデス⌉⌈ˢ。ᵖauxs:period⌉
始発は何時にに出ますか。	neutral	formal	⌈ˢ始発ᵖn:common_nounʳシハツ⌉⌈ˢはᵖprt:binding_particleʳハ⌉⌈ˢ何時ᵖpronʳイツ⌉⌈ˢにᵖprt:case_particleʳニ⌉⌈ˢにᵖprt:case_particleʳニ⌉⌈ˢ出ᵖv:general:e-ichidan-da:conjunctiveᵇ出るᵈ出るʳデ⌉⌈ˢますᵖauxv:auxv-masu:terminalʳマス⌉⌈ˢかᵖprt:sentence_final_particleʳカ⌉⌈ˢ。ᵖauxs:period⌉
子供たちが迷惑をかけるのは当たり前だ。	neutral	casual	⌈ˢ子供たちᵖn:common_nounʳコドモタチ⌉⌈ˢがᵖprt:case_particleʳガ⌉⌈ˢ迷惑ᵖn:common_noun:pos2-unk2ʳメイワク⌉⌈ˢをᵖprt:case_particleʳヲ⌉⌈ˢかけるᵖv:non_self_reliant:e-ichidan-ka:attributiveʳカケル⌉⌈ˢのᵖprt:pre_noun_particleʳノ⌉⌈ˢはᵖprt:binding_particleʳハ⌉⌈ˢ当たり前ᵖshp:generalʳアタリマエ⌉⌈ˢだᵖauxv:auxv-da:terminalʳダ⌉⌈ˢ。ᵖauxs:period⌉
子供達は彼女の手に負えなかったです。	neutral	formal	⌈ˢ子供達ᵖn:common_nounʳコドモタチ⌉⌈ˢはᵖprt:binding_particleʳハ⌉⌈ˢ彼女ᵖpronʳカノジョ⌉⌈ˢのᵖprt:case_particleʳノ⌉⌈ˢ手ᵖn:common_noun:counter-possibleʳテ⌉⌈ˢにᵖprt:case_particleʳニ⌉⌈ˢ負えᵖv:general:e-ichidan-a:imperfectiveᵇ負えるᵈ負えるʳオエ⌉⌈ˢなかっᵖauxv:auxv-nai:conjunctive-geminateᵇないᵈないʳナカッ⌉⌈ˢたᵖauxv:auxv-ta:terminalʳタ⌉⌈ˢですᵖauxv:auxv-desu:terminalʳデス⌉⌈ˢ。ᵖauxs:period⌉
実をいうと、私はもうその映画をみましたぜ。	casual	unpragmatic_formality	⌈ˢ実ᵖn:common_nounʳジツ⌉⌈ˢをᵖprt:case_particleʳヲ⌉⌈ˢいうᵖv:general:godan-waa:terminalʳイウ⌉⌈ˢとᵖprt:conjunctive_particleʳト⌉⌈ˢ、ᵖauxs:comma⌉⌈ˢ私ᵖpronʳワタクシ⌉⌈ˢはᵖprt:binding_particleʳハ⌉⌈ˢもうᵖadvʳモウ⌉⌈ˢそのᵖatʳソノ⌉⌈ˢ映画ᵖn:common_nounʳエイガ⌉⌈ˢをᵖprt:case_particleʳヲ⌉⌈ˢみᵖv:non_self_reliant:i-ichidan-ma:conjunctiveᵇみるᵈみるʳミ⌉⌈ˢましᵖauxv:auxv-masu:conjunctiveᵇますᵈますʳマシ⌉⌈ˢたᵖauxv:auxv-ta:terminalʳタ⌉⌈ˢぜᵖprt:sentence_final_particleʳゼ⌉⌈ˢ。ᵖauxs:period⌉
実を言うますと、二人は夫婦でないのです。	neutral	formal	⌈ˢ実ᵖn:common_nounʳジツ⌉⌈ˢをᵖprt:case_particleʳヲ⌉⌈ˢ言うᵖv:general:godan-waa:terminalʳユウ⌉⌈ˢますᵖauxv:auxv-masu:terminalʳマス⌉⌈ˢとᵖprt:conjunctive_particleʳト⌉⌈ˢ、ᵖauxs:comma⌉⌈ˢ二人ᵖn:common_noun:adverb-possibleʳフタリ⌉⌈ˢはᵖprt:binding_particleʳハ⌉⌈ˢ夫婦ᵖn:common_nounʳフウフ⌉⌈ˢでᵖauxv:auxv-da:conjunctiveᵇだᵈだʳデ⌉⌈ˢないᵖadj:non_self_reliant:adjective:attributiveʳナイ⌉⌈ˢのᵖprt:pre_noun_particleʳノ⌉⌈ˢですᵖauxv:auxv-desu:terminalʳデス⌉⌈ˢ。ᵖauxs:period⌉
実を言えば彼女は僕のいとこなのです。	neutral	formal	⌈ˢ実ᵖn:common_nounʳジツ⌉⌈ˢをᵖprt:case_particleʳヲ⌉⌈ˢ言えᵖv:general:godan-waa:conditionalᵇ言うᵈ言うʳイエ⌉⌈ˢばᵖprt:conjunctive_particleʳバ⌉⌈ˢ彼女ᵖpronʳカノジョ⌉⌈ˢはᵖprt:binding_particleʳハ⌉⌈ˢ僕ᵖpronʳボク⌉⌈ˢのᵖprt:case_particleʳノ⌉⌈ˢいとこᵖn:common_nounʳイトコ⌉⌈ˢなᵖauxv:auxv-da:attributiveᵇだᵈだʳナ⌉⌈ˢのᵖprt:pre_noun_particleʳノ⌉⌈ˢですᵖauxv:auxv-desu:terminalʳデス⌉⌈ˢ。ᵖauxs:period⌉
家のあたりに木がたくさんあります。	neutral	formal	⌈ˢ家ᵖn:common_nounʳイエ⌉⌈ˢのᵖprt:case_particleʳノ⌉⌈ˢあたりᵖn:common_noun:adverb-possibleʳアタリ⌉⌈ˢにᵖprt:case_particleʳニ⌉⌈ˢ木ᵖn:common_nounʳキ⌉⌈ˢがᵖprt:case_particleʳガ⌉⌈ˢたくさんᵖadvʳタクサン⌉⌈ˢありᵖv:non_self_reliant:godan-ra:conjunctiveᵇあるᵈあるʳアリ⌉⌈ˢますᵖauxv:auxv-masu:terminalʳマス⌉⌈ˢ。ᵖauxs:period⌉
専門家ですら修理に手こずってるらしいよ。	neutral	casual	⌈ˢ専門家ᵖn:common_nounʳセンモンカ⌉⌈ˢでᵖauxv:auxv-da:conjunctiveᵇだᵈだʳデ⌉⌈ˢすらᵖprt:adverbial_particleʳスラ⌉⌈ˢ修理ᵖn:common_noun:suru-possibleʳシュウリ⌉⌈ˢにᵖprt:case_particleʳニ⌉⌈ˢ手こずっᵖv:general:godan-ra:conjunctive-geminateᵇ手こずるᵈ手こずるʳテコズッ⌉⌈ˢてるᵖauxv:e-ichidan-ta:terminalʳテル⌉⌈ˢらしいᵖauxv:auxv-rashii:terminalʳラシイ⌉⌈ˢよᵖprt:sentence_final_particleʳヨ⌉⌈ˢ。ᵖauxs:period⌉
少しのんびりしるたほうがいいですよ。	neutral	formal	⌈ˢ少しᵖadvʳスコシ⌉⌈ˢのんびりᵖadvʳノンビリ⌉⌈ˢしるᵖv:general:nidan-ra:terminalʳシル⌉⌈ˢたᵖauxv:auxv-ta:attributiveʳタ⌉⌈ˢほうᵖn:common_nounʳホウ⌉⌈ˢがᵖprt:case_particleʳガ⌉⌈ˢいいᵖadj:non_self_reliant:adjective:terminalʳイイ⌉⌈ˢですᵖauxv:auxv-desu:terminalʳデス⌉⌈ˢよᵖprt:sentence_final_particleʳヨ⌉⌈ˢ。ᵖauxs:period⌉
少女が公園でスピーチをしていたぜわ。	unpragmatic_formality	casual	⌈ˢ少女ᵖn:common_nounʳショウジョ⌉⌈ˢがᵖprt:case_particleʳガ⌉⌈ˢ公園ᵖn:common_nounʳコウエン⌉⌈ˢでᵖprt:case_particleʳデ⌉⌈ˢスピーチᵖn:common_noun:suru-possible⌉⌈ˢをᵖprt:case_particleʳヲ⌉⌈ˢしᵖv:non_self_reliant:sa-irregular:conjunctiveᵇするᵈするʳシ⌉⌈ˢてᵖprt:conjunctive_particleʳテ⌉⌈ˢいᵖv:non_self_reliant:i-ichidan-a:conjunctiveᵇいるᵈいるʳイ⌉⌈ˢたᵖauxv:auxv-ta:terminalʳタ⌉⌈ˢぜᵖprt:sentence_final_particleʳゼ⌉⌈ˢわᵖprt:sentence_final_particleʳワ⌉⌈ˢ。ᵖauxs:period⌉
少女は澄んだ声をしているだ。	neutral	casual	⌈ˢ少女ᵖn:common_nounʳショウジョ⌉⌈ˢはᵖprt:binding_particleʳハ⌉⌈ˢ澄んᵖv:general:godan-ma:conjunctive-nasalᵇ澄むᵈ澄むʳスン⌉⌈ˢだᵖauxv:auxv-ta:attributiveʳダ⌉⌈ˢ声ᵖn:common_nounʳコエ⌉⌈ˢをᵖprt:case_particleʳヲ⌉⌈ˢしᵖv:non_self_reliant:sa-irregular:conjunctiveᵇするᵈするʳシ⌉⌈ˢてᵖprt:conjunctive_particleʳテ⌉⌈ˢいるᵖv:non_self_reliant:i-ichidan-a:terminalʳイル⌉⌈ˢだᵖauxv:auxv-da:terminalʳダ⌉⌈ˢ。ᵖauxs:period⌉
展示会は大変印象的だったた。	neutral	casual	⌈ˢ展示会ᵖn:common_nounʳテンジカイ⌉⌈ˢはᵖprt:binding_particleʳハ⌉⌈ˢ大変ᵖshp:generalʳタイヘン⌉⌈ˢ印象的ᵖn:common_noun:pos2-unk1ʳインショウテキ⌉⌈ˢだっᵖauxv:auxv-da:conjunctive-geminateᵇだᵈだʳダッ⌉⌈ˢたᵖauxv:auxv-ta:terminalʳタ⌉⌈ˢたᵖauxv:auxv-ta:terminalʳタ⌉⌈ˢ。ᵖauxs:period⌉
山の頂点を目指すを道は真っ直ぐな道はありません。	neutral	formal	⌈ˢ山ᵖn:common_nounʳヤマ⌉⌈ˢのᵖprt:case_particleʳノ⌉⌈ˢ頂点ᵖn:common_nounʳチョウテン⌉⌈ˢをᵖprt:case_particleʳヲ⌉⌈ˢ目指すᵖv:general:godan-sa:terminalʳメザス⌉⌈ˢをᵖprt:case_particleʳヲ⌉⌈ˢ道ᵖn:common_nounʳミチ⌉⌈ˢはᵖprt:binding_particleʳハ⌉⌈ˢ真っ直ぐᵖshp:generalʳマッスグ⌉⌈ˢなᵖauxv:auxv-da:attributiveᵇだᵈだʳナ⌉⌈ˢ道ᵖn:common_nounʳミチ⌉⌈ˢはᵖprt:binding_particleʳハ⌉⌈ˢありᵖv:non_self_reliant:godan-ra:conjunctiveᵇあるᵈあるʳアリ⌉⌈ˢませᵖauxv:auxv-masu:imperfectiveᵇますᵈますʳマセ⌉⌈ˢんᵖauxv:auxv-nu:terminal-nasalᵇぬᵈぬʳン⌉⌈ˢ。ᵖauxs:period⌉
嵐がしだいにおさまってきたぜわ。	unpragmatic_formality	casual	⌈ˢ嵐ᵖn:common_nounʳアラシ⌉⌈ˢがᵖprt:case_particleʳガ⌉⌈ˢしだいᵖn:common_noun:adverb-possibleʳシダイ⌉⌈ˢにᵖprt:case_particleʳニ⌉⌈ˢおさまっᵖv:general:godan-ra:conjunctive-geminateᵇおさまるᵈおさまるʳオサマッ⌉⌈ˢてᵖprt:conjunctive_particleʳテ⌉⌈ˢきᵖv:non_self_reliant:ka-irregular:conjunctiveᵇくるᵈくるʳキ⌉⌈ˢたᵖauxv:auxv-ta:terminalʳタ⌉⌈ˢぜᵖprt:sentence_final_particleʳゼ⌉⌈ˢわᵖprt:sentence_final_particleʳワ⌉⌈ˢ。ᵖauxs:period⌉
当時は旅行が今よりもずっと大変だった。	neutral	casual	⌈ˢ当時ᵖn:common_noun:adverb-possibleʳトウジ⌉⌈ˢはᵖprt:binding_particleʳハ⌉⌈ˢ旅行ᵖn:common_noun:suru-possibleʳリョコウ⌉⌈ˢがᵖprt:case_particleʳガ⌉⌈ˢ今ᵖn:common_noun:adverb-possibleʳイマ⌉⌈ˢよりᵖprt:case_particleʳヨリ⌉⌈ˢもᵖprt:binding_particleʳモ⌉⌈ˢずっとᵖadvʳズット⌉⌈ˢ大変ᵖshp:generalʳタイヘン⌉⌈ˢだっᵖauxv:auxv-da:conjunctive-geminateᵇだᵈだʳダッ⌉⌈ˢたᵖauxv:auxv-ta:terminalʳタ⌉⌈ˢ。ᵖauxs:period⌉
彼がが戻ってくるまでここでお待ちになったらどうですか。	neutral	formal	⌈ˢ彼ᵖpronʳカレ⌉⌈ˢがᵖprt:case_particleʳガ⌉⌈ˢがᵖprt:case_particleʳガ⌉⌈ˢ戻っᵖv:general:godan-ra:conjunctive-geminateᵇ戻るᵈ戻るʳモドッ⌉⌈ˢてᵖprt:conjunctive_particleʳテ⌉⌈ˢくるᵖv:non_self_reliant:ka-irregular:attributiveʳクル⌉⌈ˢまでᵖprt:adverbial_particleʳマデ⌉⌈ˢここᵖpronʳココ⌉⌈ˢでᵖprt:case_particleʳデ⌉⌈ˢおᵖprefʳオ⌉⌈ˢ待ちᵖv:general:godan-ta:conjunctiveᵇ待つᵈ待つʳマチ⌉⌈ˢにᵖprt:case_particleʳニ⌉⌈ˢなっᵖv:non_self_reliant:godan-ra:conjunctive-geminateᵇなるᵈなるʳナッ⌉⌈ˢたらᵖauxv:auxv-ta:conditionalᵇたᵈたʳタラ⌉⌈ˢどうᵖadvʳドウ⌉⌈ˢですᵖauxv:auxv-desu:terminalʳデス⌉⌈ˢかᵖprt:sentence_final_particleʳカ⌉⌈ˢ。ᵖauxs:period⌉
彼がはたして天才だろうと、やはり努力は必要だ。	neutral	casual	⌈ˢ彼ᵖpronʳカレ⌉⌈ˢがᵖprt:case_particleʳガ⌉⌈ˢはたしてᵖadvʳハタシテ⌉⌈ˢ天才ᵖn:common_nounʳテンサイ⌉⌈ˢだろうᵖauxv:auxv-da:volitional-presumptiveᵇだᵈだʳダロウ⌉⌈ˢとᵖprt:case_particleʳト⌉⌈ˢ、ᵖauxs:comma⌉⌈ˢやはりᵖadvʳヤハリ⌉⌈ˢ努力ᵖn:common_noun:suru-possibleʳドリョク⌉⌈ˢはᵖprt:binding_particleʳハ⌉⌈ˢ必要ᵖn:common_noun:pos2-unk1ʳヒツヨウ⌉⌈ˢだᵖauxv:auxv-da:terminalʳダ⌉⌈ˢ。ᵖauxs:period⌉
彼が家を出るか出ないうちに雨が降り始めたです。	neutral	formal	⌈ˢ彼ᵖpronʳカレ⌉⌈ˢがᵖprt:case_particleʳガ⌉⌈ˢ家ᵖn:common_nounʳイエ⌉⌈ˢをᵖprt:case_particleʳヲ⌉⌈ˢ出るᵖv:general:e-ichidan-da:terminalʳデル⌉⌈ˢかᵖprt:adverbial_particleʳカ⌉⌈ˢ出ᵖv:general:e-ichidan-da:imperfectiveᵇ出るᵈ出るʳデ⌉⌈ˢないᵖauxv:auxv-nai:attributiveʳナイ⌉⌈ˢうちᵖn:common_noun:adverb-possibleʳウチ⌉⌈ˢにᵖprt:case_particleʳニ⌉⌈ˢ雨ᵖn:common_nounʳアメ⌉⌈ˢがᵖprt:case_particleʳガ⌉⌈ˢ降りᵖv:general:godan-ra:conjunctiveᵇ降るᵈ降るʳフリ⌉⌈ˢ始めᵖv:non_self_reliant:e-ichidan-ma:conjunctiveᵇ始めるᵈ始めるʳハジメ⌉⌈ˢたᵖauxv:auxv-ta:terminalʳタ⌉⌈ˢですᵖauxv:auxv-desu:terminalʳデス⌉⌈ˢ。ᵖauxs:period⌉
彼が来たらあなたの伝言を伝えておきます。	neutral	formal	⌈ˢ彼ᵖpronʳカレ⌉⌈ˢがᵖprt:case_particleʳガ⌉⌈ˢ来ᵖv:non_self_reliant:ka-irregular:conjunctiveᵇ来るᵈ来るʳキ⌉⌈ˢたらᵖauxv:auxv-ta:conditionalᵇたᵈたʳタラ⌉⌈ˢあなたᵖpronʳアナタ⌉⌈ˢのᵖprt:case_particleʳノ⌉⌈ˢ伝言ᵖn:common_noun:suru-possibleʳデンゴン⌉⌈ˢをᵖprt:case_particleʳヲ⌉⌈ˢ伝えᵖv:general:e-ichidan-a:conjunctiveᵇ伝えるᵈ伝えるʳツタエ⌉⌈ˢてᵖprt:conjunctive_particleʳテ⌉⌈ˢおきᵖv:non_self_reliant:godan-ka:conjunctiveᵇおくᵈおくʳオキ⌉⌈ˢますᵖauxv:auxv-masu:terminalʳマス⌉⌈ˢ。ᵖauxs:period⌉
彼が正直なのでいっそう彼のことを尊敬するだ。	neutral	casual	⌈ˢ彼ᵖpronʳカレ⌉⌈ˢがᵖprt:case_particleʳガ⌉⌈ˢ正直ᵖn:common_noun:pos2-unk1ʳショウジキ⌉⌈ˢなᵖauxv:auxv-da:attributiveᵇだᵈだʳナ⌉⌈ˢのᵖprt:pre_noun_particleʳノ⌉⌈ˢでᵖauxv:auxv-da:conjunctiveᵇだᵈだʳデ⌉⌈ˢいっそうᵖadvʳイッソウ⌉⌈ˢ彼ᵖpronʳカレ⌉⌈ˢのᵖprt:case_particleʳノ⌉⌈ˢことᵖn:common_nounʳコト⌉⌈ˢをᵖprt:case_particleʳヲ⌉⌈ˢ尊敬ᵖn:common_noun:suru-possibleʳソンケイ⌉⌈ˢするᵖv:non_self_reliant:sa-irregular:terminalʳスル⌉⌈ˢだᵖauxv:auxv-da:terminalʳダ⌉⌈ˢ。ᵖauxs:period⌉
彼とは一度腹を割って話したいですと思っています。	neutral	formal	⌈ˢ彼ᵖpronʳカレ⌉⌈ˢとᵖprt:case_particleʳト⌉⌈ˢはᵖprt:binding_particleʳハ⌉⌈ˢ一度ᵖn:common_noun:adverb-possibleʳイチド⌉⌈ˢ腹ᵖn:common_nounʳハラ⌉⌈ˢをᵖprt:case_particleʳヲ⌉⌈ˢ割っᵖv:general:godan-ra:conjunctive-geminateᵇ割るᵈ割るʳワッ⌉⌈ˢてᵖprt:conjunctive_particleʳテ⌉⌈ˢ話しᵖv:general:godan-sa:conjunctiveᵇ話すᵈ話すʳハナシ⌉⌈ˢたいᵖauxv:auxv-tai:terminalʳタイ⌉⌈ˢですᵖauxv:auxv-desu:terminalʳデス⌉⌈ˢとᵖprt:case_particleʳト⌉⌈ˢ思っᵖv:general:godan-waa:conjunctive-geminateᵇ思うᵈ思うʳオモッ⌉⌈ˢてᵖprt:conjunctive_particleʳテ⌉⌈ˢいᵖv:non_self_reliant:i-ichidan-a:conjunctiveᵇいるᵈいるʳイ⌉⌈ˢますᵖauxv:auxv-masu:terminalʳマス⌉⌈ˢ。ᵖauxs:period⌉
彼にその仕事を委ねれば、きっと成功するでしょう。	neutral	formal	⌈ˢ彼ᵖpronʳカレ⌉⌈ˢにᵖprt:case_particleʳニ⌉⌈ˢそのᵖatʳソノ⌉⌈ˢ仕事ᵖn:common_noun:suru-possibleʳシゴト⌉⌈ˢをᵖprt:case_particleʳヲ⌉⌈ˢ委ねれᵖv:general:e-ichidan-na:conditionalᵇ委ねるᵈ委ねるʳユダネレ⌉⌈ˢばᵖprt:conjunctive_particleʳバ⌉⌈ˢ、ᵖauxs:comma⌉⌈ˢきっとᵖadvʳキット⌉⌈ˢ成功ᵖn:common_noun:suru-possibleʳセイコウ⌉⌈ˢするᵖv:non_self_reliant:sa-irregular:terminalʳスル⌉⌈ˢでしょうᵖauxv:auxv-desu:volitional-presumptiveᵇですᵈですʳデショウ⌉⌈ˢ。ᵖauxs:period⌉
彼には雨の中を運転する時に極度の注意を払うです。	neutral	formal	⌈ˢ彼ᵖpronʳカレ⌉⌈ˢにᵖprt:case_particleʳニ⌉⌈ˢはᵖprt:binding_particleʳハ⌉⌈ˢ雨ᵖn:common_nounʳアメ⌉⌈ˢのᵖprt:case_particleʳノ⌉⌈ˢ中ᵖn:common_noun:adverb-possibleʳナカ⌉⌈ˢをᵖprt:case_particleʳヲ⌉⌈ˢ運転ᵖn:common_noun:suru-possibleʳウンテン⌉⌈ˢするᵖv:non_self_reliant:sa-irregular:attributiveʳスル⌉⌈ˢ時ᵖn:common_noun:adverb-possibleʳトキ⌉⌈ˢにᵖprt:case_particleʳニ⌉⌈ˢ極度ᵖn:common_noun:pos2-unk1ʳキョクド⌉⌈ˢのᵖprt:case_particleʳノ⌉⌈ˢ注意ᵖn:common_noun:suru-possibleʳチュウイ⌉⌈ˢをᵖprt:case_particleʳヲ⌉⌈ˢ払うᵖv:general:godan-waa:terminalʳハラウ⌉⌈ˢですᵖauxv:auxv-desu:terminalʳデス⌉⌈ˢ。ᵖauxs:period⌉
彼の出発の突然さにはびっくりしたな。	neutral	casual	⌈ˢ彼ᵖpronʳカレ⌉⌈ˢのᵖprt:case_particleʳノ⌉⌈ˢ出発ᵖn:common_noun:suru-possibleʳシュッパツ⌉⌈ˢのᵖprt:case_particleʳノ⌉⌈ˢ突然ᵖadvʳトツゼン⌉⌈ˢさᵖsuff:noun_likeʳサ⌉⌈ˢにᵖprt:case_particleʳニ⌉⌈ˢはᵖprt:binding_particleʳハ⌉⌈ˢびっくりᵖn:common_noun:suru-possibleʳビックリ⌉⌈ˢしᵖv:non_self_reliant:sa-irregular:conjunctiveᵇするᵈするʳシ⌉⌈ˢたᵖauxv:auxv-ta:terminalʳタ⌉⌈ˢなᵖprt:sentence_final_particleʳナ⌉⌈ˢ。ᵖauxs:period⌉
彼の動機は承認欲求だけから来ています。	neutral	formal	⌈ˢ彼ᵖpronʳカレ⌉⌈ˢのᵖprt:case_particleʳノ⌉⌈ˢ動機ᵖn:common_nounʳドウキ⌉⌈ˢはᵖprt:binding_particleʳハ⌉⌈ˢ承認欲求ᵖn:common_nounʳショウニンヨッキュウ⌉⌈ˢだけᵖprt:adverbial_particleʳダケ⌉⌈ˢからᵖprt:case_particleʳカラ⌉⌈ˢ来ᵖv:non_self_reliant:ka-irregular:conjunctiveᵇ来るᵈ来るʳキ⌉⌈ˢてᵖprt:conjunctive_particleʳテ⌉⌈ˢいᵖv:non_self_reliant:i-ichidan-a:conjunctiveᵇいるᵈいるʳイ⌉⌈ˢますᵖauxv:auxv-masu:terminalʳマス⌉⌈ˢ。ᵖauxs:period⌉
彼の失敗は目に見えているます。	neutral	formal	⌈ˢ彼ᵖpronʳカレ⌉⌈ˢのᵖprt:case_particleʳノ⌉⌈ˢ失敗ᵖn:common_noun:suru-possibleʳシッパイ⌉⌈ˢはᵖprt:binding_particleʳハ⌉⌈ˢ目ᵖn:common_nounʳメ⌉⌈ˢにᵖprt:case_particleʳニ⌉⌈ˢ見えᵖv:general:e-ichidan-a:conjunctiveᵇ見えるᵈ見えるʳミエ⌉⌈ˢてᵖprt:conjunctive_particleʳテ⌉⌈ˢいるᵖv:non_self_reliant:i-ichidan-a:terminalʳイル⌉⌈ˢますᵖauxv:auxv-masu:terminalʳマス⌉⌈ˢ。ᵖauxs:period⌉
彼の方には異議がなかっただ。	neutral	casual	⌈ˢ彼ᵖpronʳカレ⌉⌈ˢのᵖprt:case_particleʳノ⌉⌈ˢ方ᵖn:common_nounʳホウ⌉⌈ˢにᵖprt:case_particleʳニ⌉⌈ˢはᵖprt:binding_particleʳハ⌉⌈ˢ異議ᵖn:common_nounʳイギ⌉⌈ˢがᵖprt:case_particleʳガ⌉⌈ˢなかっᵖadj:non_self_reliant:adjective:conjunctive-geminateᵇないᵈないʳナカッ⌉⌈ˢたᵖauxv:auxv-ta:terminalʳタ⌉⌈ˢだᵖauxv:auxv-da:terminalʳダ⌉⌈ˢ。ᵖauxs:period⌉
彼の行為の理由は説明できないだ。	neutral	casual	⌈ˢ彼ᵖpronʳカレ⌉⌈ˢのᵖprt:case_particleʳノ⌉⌈ˢ行為ᵖn:common_nounʳコウイ⌉⌈ˢのᵖprt:case_particleʳノ⌉⌈ˢ理由ᵖn:common_nounʳリユウ⌉⌈ˢはᵖprt:binding_particleʳハ⌉⌈ˢ説明ᵖn:common_noun:suru-possibleʳセツメイ⌉⌈ˢできᵖv:non_self_reliant:i-ichidan-ka:imperfectiveᵇできるᵈできるʳデキ⌉⌈ˢないᵖauxv:auxv-nai:terminalʳナイ⌉⌈ˢだᵖauxv:auxv-da:terminalʳダ⌉⌈ˢ。ᵖauxs:period⌉
彼の身長は６フィートだ。	neutral	casual	⌈ˢ彼ᵖpronʳカレ⌉⌈ˢのᵖprt:case_particleʳノ⌉⌈ˢ身長ᵖn:common_nounʳシンチョウ⌉⌈ˢはᵖprt:binding_particleʳハ⌉⌈ˢ６ᵖn:numeralᵇ6ᵈ6ʳロク⌉⌈ˢフィートᵖn:common_noun:counter-possible⌉⌈ˢだᵖauxv:auxv-da:terminalʳダ⌉⌈ˢ。ᵖauxs:period⌉
彼はいつも他人を当てにしているです。	neutral	formal	⌈ˢ彼ᵖpronʳカレ⌉⌈ˢはᵖprt:binding_particleʳハ⌉⌈ˢいつもᵖn:common_noun:adverb-possibleʳイツモ⌉⌈ˢ他人ᵖn:common_nounʳタニン⌉⌈ˢをᵖprt:case_particleʳヲ⌉⌈ˢ当てᵖn:common_nounʳアテ⌉⌈ˢにᵖprt:case_particleʳニ⌉⌈ˢしᵖv:non_self_reliant:sa-irregular:conjunctiveᵇするᵈするʳシ⌉⌈ˢてᵖprt:conjunctive_particleʳテ⌉⌈ˢいるᵖv:non_self_reliant:i-ichidan-a:terminalʳイル⌉⌈ˢですᵖauxv:auxv-desu:terminalʳデス⌉⌈ˢ。ᵖauxs:period⌉
彼はきっと試験に合格するはだろう。	neutral	casual	⌈ˢ彼ᵖpronʳカレ⌉⌈ˢはᵖprt:binding_particleʳハ⌉⌈ˢきっとᵖadvʳキット⌉⌈ˢ試験ᵖn:common_noun:suru-possibleʳシケン⌉⌈ˢにᵖprt:case_particleʳニ⌉⌈ˢ合格ᵖn:common_noun:suru-possibleʳゴウカク⌉⌈ˢするᵖv:non_self_reliant:sa-irregular:terminalʳスル⌉⌈ˢはᵖprt:binding_particleʳハ⌉⌈ˢだろうᵖauxv:auxv-da:volitional-presumptiveᵇだᵈだʳダロウ⌉⌈ˢ。ᵖauxs:period⌉
彼はきっぱりと企てを諦めたぜわ。	unpragmatic_formality	casual	⌈ˢ彼ᵖpronʳカレ⌉⌈ˢはᵖprt:binding_particleʳハ⌉⌈ˢきっぱりᵖadvʳキッパリ⌉⌈ˢとᵖprt:case_particleʳト⌉⌈ˢ企てᵖn:common_nounʳクワダテ⌉⌈ˢをᵖprt:case_particleʳヲ⌉⌈ˢ諦めᵖv:general:e-ichidan-ma:conjunctiveᵇ諦めるᵈ諦めるʳアキラメ⌉⌈ˢたᵖauxv:auxv-ta:terminalʳタ⌉⌈ˢぜᵖprt:sentence_final_particleʳゼ⌉⌈ˢわᵖprt:sentence_final_particleʳワ⌉⌈ˢ。ᵖauxs:period⌉
彼はたいていうたた寝をしているぜわ。	unpragmatic_formality	casual	⌈ˢ彼ᵖpronʳカレ⌉⌈ˢはᵖprt:binding_particleʳハ⌉⌈ˢたいていᵖadvʳタイテイ⌉⌈ˢうたた寝ᵖn:common_nounʳウタタネ⌉⌈ˢをᵖprt:case_particleʳヲ⌉⌈ˢしᵖv:non_self_reliant:sa-irregular:conjunctiveᵇするᵈするʳシ⌉⌈ˢてᵖprt:conjunctive_particleʳテ⌉⌈ˢいるᵖv:non_self_reliant:i-ichidan-a:terminalʳイル⌉⌈ˢぜᵖprt:sentence_final_particleʳゼ⌉⌈ˢわᵖprt:sentence_final_particleʳワ⌉⌈ˢ。ᵖauxs:period⌉
彼はたびたび日本の両親にに手紙を書きます。	neutral	formal	⌈ˢ彼ᵖpronʳカレ⌉⌈ˢはᵖprt:binding_particleʳハ⌉⌈ˢたびたびᵖadvʳタビタビ⌉⌈ˢ日本ᵖn:proper_noun:place-nameʳニッポン⌉⌈ˢのᵖprt:case_particleʳノ⌉⌈ˢ両親ᵖn:common_nounʳリョウシン⌉⌈ˢにᵖprt:case_particleʳニ⌉⌈ˢにᵖprt:case_particleʳニ⌉⌈ˢ手紙ᵖn:common_nounʳテガミ⌉⌈ˢをᵖprt:case_particleʳヲ⌉⌈ˢ書きᵖv:general:godan-ka:conjunctiveᵇ書くᵈ書くʳカキ⌉⌈ˢますᵖauxv:auxv-masu:terminalʳマス⌉⌈ˢ。ᵖauxs:period⌉
彼はちょっとうぬぼれているです。	neutral	formal	⌈ˢ彼ᵖpronʳカレ⌉⌈ˢはᵖprt:binding_particleʳハ⌉⌈ˢちょっとᵖadvʳチョット⌉⌈ˢうぬぼれᵖv:general:e-ichidan-ra:conjunctiveᵇうぬぼれるᵈうぬぼれるʳウヌボレ⌉⌈ˢてᵖprt:conjunctive_particleʳテ⌉⌈ˢいるᵖv:non_self_reliant:i-ichidan-a:terminalʳイル⌉⌈ˢですᵖauxv:auxv-desu:terminalʳデス⌉⌈ˢ。ᵖauxs:period⌉
彼はとても怒っているます。	neutral	formal	⌈ˢ彼ᵖpronʳカレ⌉⌈ˢはᵖprt:binding_particleʳハ⌉⌈ˢとてもᵖadvʳトテモ⌉⌈ˢ怒っᵖv:general:godan-ra:conjunctive-geminateᵇ怒るᵈ怒るʳオコッ⌉⌈ˢてᵖprt:conjunctive_particleʳテ⌉⌈ˢいるᵖv:non_self_reliant:i-ichidan-a:terminalʳイル⌉⌈ˢますᵖauxv:auxv-masu:terminalʳマス⌉⌈ˢ。ᵖauxs:period⌉
彼は丘を転げるようにやってきたです。	neutral	formal	⌈ˢ彼ᵖpronʳカレ⌉⌈ˢはᵖprt:binding_particleʳハ⌉⌈ˢ丘ᵖn:common_nounʳオカ⌉⌈ˢをᵖprt:case_particleʳヲ⌉⌈ˢ転げるᵖv:general:e-ichidan-ga:attributiveʳコロゲル⌉⌈ˢようᵖshp:auxiliary_verb_stemʳヨウ⌉⌈ˢにᵖauxv:auxv-da:conjunctive-niᵇだᵈだʳニ⌉⌈ˢやっᵖv:non_self_reliant:godan-ra:conjunctive-geminateᵇやるᵈやるʳヤッ⌉⌈ˢてᵖprt:conjunctive_particleʳテ⌉⌈ˢきᵖv:non_self_reliant:ka-irregular:conjunctiveᵇくるᵈくるʳキ⌉⌈ˢたᵖauxv:auxv-ta:terminalʳタ⌉⌈ˢですᵖauxv:auxv-desu:terminalʳデス⌉⌈ˢ。ᵖauxs:period⌉
彼は京大で学んでいるです。	neutral	formal	⌈ˢ彼ᵖpronʳカレ⌉⌈ˢはᵖprt:binding_particleʳハ⌉⌈ˢ京大ᵖn:proper_nounʳキョウダイ⌉⌈ˢでᵖprt:case_particleʳデ⌉⌈ˢ学んᵖv:general:godan-ba:conjunctive-nasalᵇ学ぶᵈ学ぶʳマナン⌉⌈ˢでᵖprt:conjunctive_particleʳデ⌉⌈ˢいるᵖv:non_self_reliant:i-ichidan-a:terminalʳイル⌉⌈ˢですᵖauxv:auxv-desu:terminalʳデス⌉⌈ˢ。ᵖauxs:period⌉
彼は今仕事に行っていますが、７時には戻ってきますぞ。	neutral	unpragmatic_formality	⌈ˢ彼ᵖpronʳカレ⌉⌈ˢはᵖprt:binding_particleʳハ⌉⌈ˢ今ᵖn:common_noun:adverb-possibleʳイマ⌉⌈ˢ仕事ᵖn:common_noun:suru-possibleʳシゴト⌉⌈ˢにᵖprt:case_particleʳニ⌉⌈ˢ行っᵖv:non_self_reliant:godan-ka:conjunctive-geminateᵇ行くᵈ行くʳイッ⌉⌈ˢてᵖprt:conjunctive_particleʳテ⌉⌈ˢいᵖv:non_self_reliant:i-ichidan-a:conjunctiveᵇいるᵈいるʳイ⌉⌈ˢますᵖauxv:auxv-masu:terminalʳマス⌉⌈ˢがᵖprt:conjunctive_particleʳガ⌉⌈ˢ、ᵖauxs:comma⌉⌈ˢ７ᵖn:numeralᵇ7ᵈ7ʳナナ⌉⌈ˢ時ᵖn:common_noun:counter-possibleʳジ⌉⌈ˢにᵖprt:case_particleʳニ⌉⌈ˢはᵖprt:binding_particleʳハ⌉⌈ˢ戻っᵖv:general:godan-ra:conjunctive-geminateᵇ戻るᵈ戻るʳモドッ⌉⌈ˢてᵖprt:conjunctive_particleʳテ⌉⌈ˢきᵖv:non_self_reliant:ka-irregular:conjunctiveᵇくるᵈくるʳキ⌉⌈ˢますᵖauxv:auxv-masu:terminalʳマス⌉⌈ˢぞᵖprt:sentence_final_particleʳゾ⌉⌈ˢ。ᵖauxs:period⌉
彼は友達とと喜びを分け合うのが好きだ。	neutral	casual	⌈ˢ彼ᵖpronʳカレ⌉⌈ˢはᵖprt:binding_particleʳハ⌉⌈ˢ友達ᵖn:common_nounʳトモダチ⌉⌈ˢとᵖprt:case_particleʳト⌉⌈ˢとᵖprt:case_particleʳト⌉⌈ˢ喜びᵖn:common_nounʳヨロコビ⌉⌈ˢをᵖprt:case_particleʳヲ⌉⌈ˢ分け合うᵖv:general:godan-waa:attributiveʳワケアウ⌉⌈ˢのᵖprt:pre_noun_particleʳノ⌉⌈ˢがᵖprt:case_particleʳガ⌉⌈ˢ好きᵖshp:generalʳスキ⌉⌈ˢだᵖauxv:auxv-da:terminalʳダ⌉⌈ˢ。ᵖauxs:period⌉
彼は友達に尊敬されているぞわ。	unpragmatic_formality	casual	⌈ˢ彼ᵖpronʳカレ⌉⌈ˢはᵖprt:binding_particleʳハ⌉⌈ˢ友達ᵖn:common_nounʳトモダチ⌉⌈ˢにᵖprt:case_particleʳニ⌉⌈ˢ尊敬ᵖn:common_noun:suru-possibleʳソンケイ⌉⌈ˢさᵖv:non_self_reliant:sa-irregular:imperfective-saᵇするᵈするʳサ⌉⌈ˢれᵖauxv:auxv-reru:conjunctiveᵇれるᵈれるʳレ⌉⌈ˢてᵖprt:conjunctive_particleʳテ⌉⌈ˢいるᵖv:non_self_reliant:i-ichidan-a:terminalʳイル⌉⌈ˢぞᵖprt:sentence_final_particleʳゾ⌉⌈ˢわᵖprt:sentence_final_particleʳワ⌉⌈ˢ。ᵖauxs:period⌉
彼は実行力のある人ですのだ。	neutral	formal	⌈ˢ彼ᵖpronʳカレ⌉⌈ˢはᵖprt:binding_particleʳハ⌉⌈ˢ実行力ᵖn:common_nounʳジッコウリョク⌉⌈ˢのᵖprt:case_particleʳノ⌉⌈ˢあるᵖv:non_self_reliant:godan-ra:attributiveʳアル⌉⌈ˢ人ᵖn:common_nounʳヒト⌉⌈ˢですᵖauxv:auxv-desu:attributiveʳデス⌉⌈ˢのᵖprt:pre_noun_particleʳノ⌉⌈ˢだᵖauxv:auxv-da:terminalʳダ⌉⌈ˢ。ᵖauxs:period⌉
彼は小説家というよりもむしろ学者であるますと思う。	neutral	formal	⌈ˢ彼ᵖpronʳカレ⌉⌈ˢはᵖprt:binding_particleʳハ⌉⌈ˢ小説家ᵖn:common_nounʳショウセツカ⌉⌈ˢとᵖprt:case_particleʳト⌉⌈ˢいうᵖv:general:godan-waa:attributiveʳイウ⌉⌈ˢよりᵖprt:case_particleʳヨリ⌉⌈ˢもᵖprt:binding_particleʳモ⌉⌈ˢむしろᵖadvʳムシロ⌉⌈ˢ学者ᵖn:common_nounʳガクシャ⌉⌈ˢでᵖauxv:auxv-da:conjunctiveᵇだᵈだʳデ⌉⌈ˢあるᵖv:non_self_reliant:godan-ra:terminalʳアル⌉⌈ˢますᵖauxv:auxv-masu:terminalʳマス⌉⌈ˢとᵖprt:case_particleʳト⌉⌈ˢ思うᵖv:general:godan-waa:terminalʳオモウ⌉⌈ˢ。ᵖauxs:period⌉
彼は幽霊の存在を信じているます。	neutral	formal	⌈ˢ彼ᵖpronʳカレ⌉⌈ˢはᵖprt:binding_particleʳハ⌉⌈ˢ幽霊ᵖn:common_nounʳユウレイ⌉⌈ˢのᵖprt:case_particleʳノ⌉⌈ˢ存在ᵖn:common_noun:suru-possibleʳソンザイ⌉⌈ˢをᵖprt:case_particleʳヲ⌉⌈ˢ信じᵖv:general:sa-irregular:conjunctiveᵇ信ずるᵈ信ずるʳシンジ⌉⌈ˢてᵖprt:conjunctive_particleʳテ⌉⌈ˢいるᵖv:non_self_reliant:i-ichidan-a:terminalʳイル⌉⌈ˢますᵖauxv:auxv-masu:terminalʳマス⌉⌈ˢ。ᵖauxs:period⌉
彼は彼のお兄さんほど頭がよくないだ。	neutral	casual	⌈ˢ彼ᵖpronʳカレ⌉⌈ˢはᵖprt:binding_particleʳハ⌉⌈ˢ彼ᵖpronʳカレ⌉⌈ˢのᵖprt:case_particleʳノ⌉⌈ˢお兄さんᵖn:common_nounʳオニイサン⌉⌈ˢほどᵖprt:adverbial_particleʳホド⌉⌈ˢ頭ᵖn:common_nounʳアタマ⌉⌈ˢがᵖprt:case_particleʳガ⌉⌈ˢよくᵖadj:non_self_reliant:adjective:conjunctiveᵇよいᵈよいʳヨク⌉⌈ˢないᵖadj:non_self_reliant:adjective:terminalʳナイ⌉⌈ˢだᵖauxv:auxv-da:terminalʳダ⌉⌈ˢ。ᵖauxs:period⌉
彼は彼女にどこに住んでいるかを尋ねたです。	neutral	formal	⌈ˢ彼ᵖpronʳカレ⌉⌈ˢはᵖprt:binding_particleʳハ⌉⌈ˢ彼女ᵖpronʳカノジョ⌉⌈ˢにᵖprt:case_particleʳニ⌉⌈ˢどこᵖpronʳドコ⌉⌈ˢにᵖprt:case_particleʳニ⌉⌈ˢ住んᵖv:general:godan-ma:conjunctive-nasalᵇ住むᵈ住むʳスン⌉⌈ˢでᵖprt:conjunctive_particleʳデ⌉⌈ˢいるᵖv:non_self_reliant:i-ichidan-a:terminalʳイル⌉⌈ˢかᵖprt:adverbial_particleʳカ⌉⌈ˢをᵖprt:case_particleʳヲ⌉⌈ˢ尋ねᵖv:general:e-ichidan-na:conjunctiveᵇ尋ねるᵈ尋ねるʳタズネ⌉⌈ˢたᵖauxv:auxv-ta:terminalʳタ⌉⌈ˢですᵖauxv:auxv-desu:terminalʳデス⌉⌈ˢ。ᵖauxs:period⌉
彼は徹夜で勉強しようとつとめたたが、だめだった。	neutral	casual	⌈ˢ彼ᵖpronʳカレ⌉⌈ˢはᵖprt:binding_particleʳハ⌉⌈ˢ徹夜ᵖn:common_noun:suru-possibleʳテツヤ⌉⌈ˢでᵖprt:case_particleʳデ⌉⌈ˢ勉強ᵖn:common_noun:suru-possibleʳベンキョウ⌉⌈ˢしようᵖv:non_self_reliant:sa-irregular:volitional-presumptiveᵇするᵈするʳシヨウ⌉⌈ˢとᵖprt:case_particleʳト⌉⌈ˢつとめᵖv:general:e-ichidan-ma:conjunctiveᵇつとめるᵈつとめるʳツトメ⌉⌈ˢたᵖauxv:auxv-ta:terminalʳタ⌉⌈ˢたᵖauxv:auxv-ta:terminalʳタ⌉⌈ˢがᵖprt:conjunctive_particleʳガ⌉⌈ˢ、ᵖauxs:comma⌉⌈ˢだめᵖn:common_noun:pos2-unk1ʳダメ⌉⌈ˢだっᵖauxv:auxv-da:conjunctive-geminateᵇだᵈだʳダッ⌉⌈ˢたᵖauxv:auxv-ta:terminalʳタ⌉⌈ˢ。ᵖauxs:period⌉
彼は忙しいようです。	neutral	formal	⌈ˢ彼ᵖpronʳカレ⌉⌈ˢはᵖprt:binding_particleʳハ⌉⌈ˢ忙しいᵖadj:general:adjective:attributiveʳイソガシイ⌉⌈ˢようᵖshp:auxiliary_verb_stemʳヨウ⌉⌈ˢですᵖauxv:auxv-desu:terminalʳデス⌉⌈ˢ。ᵖauxs:period⌉
彼は映画を毎日少なくとも一本見るだ。	neutral	casual	⌈ˢ彼ᵖpronʳカレ⌉⌈ˢはᵖprt:binding_particleʳハ⌉⌈ˢ映画ᵖn:common_nounʳエイガ⌉⌈ˢをᵖprt:case_particleʳヲ⌉⌈ˢ毎日ᵖn:common_noun:adverb-possibleʳマイニチ⌉⌈ˢ少なくᵖadj:general:adjective:conjunctiveᵇ少ないᵈ少ないʳスクナク⌉⌈ˢともᵖprt:conjunctive_particleʳトモ⌉⌈ˢ一ᵖn:numeralʳイチ⌉⌈ˢ本ᵖsuff:noun_like:counterʳポン⌉⌈ˢ見るᵖv:non_self_reliant:i-ichidan-ma:terminalʳミル⌉⌈ˢだᵖauxv:auxv-da:terminalʳダ⌉⌈ˢ。ᵖauxs:period⌉
彼は最後には成功すると確信しているです。	neutral	formal	⌈ˢ彼ᵖpronʳカレ⌉⌈ˢはᵖprt:binding_particleʳハ⌉⌈ˢ最後ᵖn:common_nounʳサイゴ⌉⌈ˢにᵖprt:case_particleʳニ⌉⌈ˢはᵖprt:binding_particleʳハ⌉⌈ˢ成功ᵖn:common_noun:suru-possibleʳセイコウ⌉⌈ˢするᵖv:non_self_reliant:sa-irregular:terminalʳスル⌉⌈ˢとᵖprt:case_particleʳト⌉⌈ˢ確信ᵖn:common_noun:suru-possibleʳカクシン⌉⌈ˢしᵖv:non_self_reliant:sa-irregular:conjunctiveᵇするᵈするʳシ⌉⌈ˢてᵖprt:conjunctive_particleʳテ⌉⌈ˢいるᵖv:non_self_reliant:i-ichidan-a:terminalʳイル⌉⌈ˢですᵖauxv:auxv-desu:terminalʳデス⌉⌈ˢ。ᵖauxs:period⌉
彼は有罪であり君も同様に有罪であるです。	neutral	formal	⌈ˢ彼ᵖpronʳカレ⌉⌈ˢはᵖprt:binding_particleʳハ⌉⌈ˢ有罪ᵖn:common_nounʳユウザイ⌉⌈ˢでᵖauxv:auxv-da:conjunctiveᵇだᵈだʳデ⌉⌈ˢありᵖv:non_self_reliant:godan-ra:conjunctiveᵇあるᵈあるʳアリ⌉⌈ˢ君ᵖsuff:noun_likeʳクン⌉⌈ˢもᵖprt:binding_particleʳモ⌉⌈ˢ同様ᵖshp:generalʳドウヨウ⌉⌈ˢにᵖauxv:auxv-da:conjunctive-niᵇだᵈだʳニ⌉⌈ˢ有罪ᵖn:common_nounʳユウザイ⌉⌈ˢでᵖauxv:auxv-da:conjunctiveᵇだᵈだʳデ⌉⌈ˢあるᵖv:non_self_reliant:godan-ra:terminalʳアル⌉⌈ˢですᵖauxv:auxv-desu:terminalʳデス⌉⌈ˢ。ᵖauxs:period⌉
彼は服装にに無頓着だ。	neutral	casual	⌈ˢ彼ᵖpronʳカレ⌉⌈ˢはᵖprt:binding_particleʳハ⌉⌈ˢ服装ᵖn:common_nounʳフクソウ⌉⌈ˢにᵖprt:case_particleʳニ⌉⌈ˢにᵖprt:case_particleʳニ⌉⌈ˢ無頓着ᵖn:common_noun:pos2-unk1ʳムトンチャク⌉⌈ˢだᵖauxv:auxv-da:terminalʳダ⌉⌈ˢ。ᵖauxs:period⌉
彼は正直であるますが頑固だ。	neutral	formal	⌈ˢ彼ᵖpronʳカレ⌉⌈ˢはᵖprt:binding_particleʳハ⌉⌈ˢ正直ᵖn:common_noun:pos2-unk1ʳショウジキ⌉⌈ˢでᵖauxv:auxv-da:conjunctiveᵇだᵈだʳデ⌉⌈ˢあるᵖv:non_self_reliant:godan-ra:terminalʳアル⌉⌈ˢますᵖauxv:auxv-masu:terminalʳマス⌉⌈ˢがᵖprt:conjunctive_particleʳガ⌉⌈ˢ頑固ᵖshp:generalʳガンコ⌉⌈ˢだᵖauxv:auxv-da:terminalʳダ⌉⌈ˢ。ᵖauxs:period⌉
彼は盛んにしているます。	neutral	formal	⌈ˢ彼ᵖpronʳカレ⌉⌈ˢはᵖprt:binding_particleʳハ⌉⌈ˢ盛んᵖshp:generalʳサカン⌉⌈ˢにᵖauxv:auxv-da:conjunctive-niᵇだᵈだʳニ⌉⌈ˢしᵖv:non_self_reliant:sa-irregular:conjunctiveᵇするᵈするʳシ⌉⌈ˢてᵖprt:conjunctive_particleʳテ⌉⌈ˢいるᵖv:non_self_reliant:i-ichidan-a:terminalʳイル⌉⌈ˢますᵖauxv:auxv-masu:terminalʳマス⌉⌈ˢ。ᵖauxs:period⌉
彼は私に後ろを振り返るなと言ったぞわ。	neutral	casual	⌈ˢ彼ᵖpronʳカレ⌉⌈ˢはᵖprt:binding_particleʳハ⌉⌈ˢ私ᵖpronʳワタクシ⌉⌈ˢにᵖprt:case_particleʳニ⌉⌈ˢ後ろᵖn:common_nounʳウシロ⌉⌈ˢをᵖprt:case_particleʳヲ⌉⌈ˢ振り返るᵖv:general:godan-ra:terminalʳフリカエル⌉⌈ˢなᵖprt:sentence_final_particleʳナ⌉⌈ˢとᵖprt:case_particleʳト⌉⌈ˢ言っᵖv:general:godan-waa:conjunctive-geminateᵇ言うᵈ言うʳイッ⌉⌈ˢたᵖauxv:auxv-ta:attributiveʳタ⌉⌈ˢぞわᵖadvʳゾワ⌉⌈ˢ。ᵖauxs:period⌉
彼は私の質問に返答しなかったです。	neutral	formal	⌈ˢ彼ᵖpronʳカレ⌉⌈ˢはᵖprt:binding_particleʳハ⌉⌈ˢ私ᵖpronʳワタクシ⌉⌈ˢのᵖprt:case_particleʳノ⌉⌈ˢ質問ᵖn:common_noun:suru-possibleʳシツモン⌉⌈ˢにᵖprt:case_particleʳニ⌉⌈ˢ返答ᵖn:common_noun:suru-possibleʳヘントウ⌉⌈ˢしᵖv:non_self_reliant:sa-irregular:imperfectiveᵇするᵈするʳシ⌉⌈ˢなかっᵖauxv:auxv-nai:conjunctive-geminateᵇないᵈないʳナカッ⌉⌈ˢたᵖauxv:auxv-ta:terminalʳタ⌉⌈ˢですᵖauxv:auxv-desu:terminalʳデス⌉⌈ˢ。ᵖauxs:period⌉
彼は自分の行為を正当化しようとしているだ。	neutral	casual	⌈ˢ彼ᵖpronʳカレ⌉⌈ˢはᵖprt:binding_particleʳハ⌉⌈ˢ自分ᵖn:common_nounʳジブン⌉⌈ˢのᵖprt:case_particleʳノ⌉⌈ˢ行為ᵖn:common_nounʳコウイ⌉⌈ˢをᵖprt:case_particleʳヲ⌉⌈ˢ正当化ᵖn:common_nounʳセイトウカ⌉⌈ˢしようᵖv:non_self_reliant:sa-irregular:volitional-presumptiveᵇするᵈするʳシヨウ⌉⌈ˢとᵖprt:case_particleʳト⌉⌈ˢしᵖv:non_self_reliant:sa-irregular:conjunctiveᵇするᵈするʳシ⌉⌈ˢてᵖprt:conjunctive_particleʳテ⌉⌈ˢいるᵖv:non_self_reliant:i-ichidan-a:terminalʳイル⌉⌈ˢだᵖauxv:auxv-da:terminalʳダ⌉⌈ˢ。ᵖauxs:period⌉
彼は見かけほど愚かではないだ。	neutral	casual	⌈ˢ彼ᵖpronʳカレ⌉⌈ˢはᵖprt:binding_particleʳハ⌉⌈ˢ見かけᵖn:common_nounʳミカケ⌉⌈ˢほどᵖprt:adverbial_particleʳホド⌉⌈ˢ愚かᵖshp:generalʳオロカ⌉⌈ˢでᵖauxv:auxv-da:conjunctiveᵇだᵈだʳデ⌉⌈ˢはᵖprt:binding_particleʳハ⌉⌈ˢないᵖadj:non_self_reliant:adjective:terminalʳナイ⌉⌈ˢだᵖauxv:auxv-da:terminalʳダ⌉⌈ˢ。ᵖauxs:period⌉
彼は詩人でもあり、政治家でもあるです。	neutral	formal	⌈ˢ彼ᵖpronʳカレ⌉⌈ˢはᵖprt:binding_particleʳハ⌉⌈ˢ詩人ᵖn:common_nounʳシジン⌉⌈ˢでᵖprt:case_particleʳデ⌉⌈ˢもᵖprt:binding_particleʳモ⌉⌈ˢありᵖv:non_self_reliant:godan-ra:conjunctiveᵇあるᵈあるʳアリ⌉⌈ˢ、ᵖauxs:comma⌉⌈ˢ政治家ᵖn:common_nounʳセイジカ⌉⌈ˢでᵖauxv:auxv-da:conjunctiveᵇだᵈだʳデ⌉⌈ˢもᵖprt:binding_particleʳモ⌉⌈ˢあるᵖv:non_self_reliant:godan-ra:terminalʳアル⌉⌈ˢですᵖauxv:auxv-desu:terminalʳデス⌉⌈ˢ。ᵖauxs:period⌉
彼は誠心誠意、彼女に尽くしたです。	neutral	formal	⌈ˢ彼ᵖpronʳカレ⌉⌈ˢはᵖprt:binding_particleʳハ⌉⌈ˢ誠心ᵖn:common_nounʳセイシン⌉⌈ˢ誠意ᵖn:common_nounʳセイイ⌉⌈ˢ、ᵖauxs:comma⌉⌈ˢ彼女ᵖpronʳカノジョ⌉⌈ˢにᵖprt:case_particleʳニ⌉⌈ˢ尽くしᵖv:non_self_reliant:godan-sa:conjunctiveᵇ尽くすᵈ尽くすʳツクシ⌉⌈ˢたᵖauxv:auxv-ta:terminalʳタ⌉⌈ˢですᵖauxv:auxv-desu:terminalʳデス⌉⌈ˢ。ᵖauxs:period⌉
彼は間違いなく私を助けてくれるはでしょう。	neutral	formal	⌈ˢ彼ᵖpronʳカレ⌉⌈ˢはᵖprt:binding_particleʳハ⌉⌈ˢ間違いᵖn:common_nounʳマチガイ⌉⌈ˢなくᵖadj:non_self_reliant:adjective:conjunctiveᵇないᵈないʳナク⌉⌈ˢ私ᵖpronʳワタクシ⌉⌈ˢをᵖprt:case_particleʳヲ⌉⌈ˢ助けᵖv:general:e-ichidan-ka:conjunctiveᵇ助けるᵈ助けるʳタスケ⌉⌈ˢてᵖprt:conjunctive_particleʳテ⌉⌈ˢくれるᵖv:non_self_reliant:e-ichidan-ra:terminalʳクレル⌉⌈ˢはᵖprt:binding_particleʳハ⌉⌈ˢでしょうᵖauxv:auxv-desu:volitional-presumptiveᵇですᵈですʳデショウ⌉⌈ˢ。ᵖauxs:period⌉
彼は集中できない傾向がありますので、短時間で多くの作業をこなすのが苦手です。	neutral	formal	⌈ˢ彼ᵖpronʳカレ⌉⌈ˢはᵖprt:binding_particleʳハ⌉⌈ˢ集中ᵖn:common_noun:suru-possibleʳシュウチュウ⌉⌈ˢできᵖv:non_self_reliant:i-ichidan-ka:imperfectiveᵇできるᵈできるʳデキ⌉⌈ˢないᵖauxv:auxv-nai:attributiveʳナイ⌉⌈ˢ傾向ᵖn:common_nounʳケイコウ⌉⌈ˢがᵖprt:case_particleʳガ⌉⌈ˢありᵖv:non_self_reliant:godan-ra:conjunctiveᵇあるᵈあるʳアリ⌉⌈ˢますᵖauxv:auxv-masu:attributiveʳマス⌉⌈ˢのᵖprt:pre_noun_particleʳノ⌉⌈ˢでᵖauxv:auxv-da:conjunctiveᵇだᵈだʳデ⌉⌈ˢ、ᵖauxs:comma⌉⌈ˢ短時間ᵖn:common_noun:adverb-possibleʳタンジカン⌉⌈ˢでᵖprt:case_particleʳデ⌉⌈ˢ多くᵖn:common_noun:adverb-possibleʳオオク⌉⌈ˢのᵖprt:case_particleʳノ⌉⌈ˢ作業ᵖn:common_noun:suru-possibleʳサギョウ⌉⌈ˢをᵖprt:case_particleʳヲ⌉⌈ˢこなすᵖv:non_self_reliant:godan-sa:attributiveʳコナス⌉⌈ˢのᵖprt:pre_noun_particleʳノ⌉⌈ˢがᵖprt:case_particleʳガ⌉⌈ˢ苦手ᵖn:common_noun:pos2-unk1ʳニガテ⌉⌈ˢですᵖauxv:auxv-desu:terminalʳデス⌉⌈ˢ。ᵖauxs:period⌉
彼らは人工芝の上に横たわていた。	neutral	casual	⌈ˢ彼ᵖpronʳカレ⌉⌈ˢらᵖsuff:noun_likeʳラ⌉⌈ˢはᵖprt:binding_particleʳハ⌉⌈ˢ人工芝ᵖn:common_nounʳジンコウシバ⌉⌈ˢのᵖprt:case_particleʳノ⌉⌈ˢ上ᵖn:common_noun:adverb-possibleʳウエ⌉⌈ˢにᵖprt:case_particleʳニ⌉⌈ˢ横ᵖn:common_nounʳヨコ⌉⌈ˢたᵖauxv:auxv-da:terminalʳタ⌉⌈ˢわᵖprt:sentence_final_particleʳワ⌉⌈ˢてᵖprt:conjunctive_particleʳテ⌉⌈ˢいᵖv:non_self_reliant:i-ichidan-a:conjunctiveᵇいるᵈいるʳイ⌉⌈ˢたᵖauxv:auxv-ta:terminalʳタ⌉⌈ˢ。ᵖauxs:period⌉
彼らは私の果実園を荒らしたです。	neutral	formal	⌈ˢ彼ᵖpronʳカレ⌉⌈ˢらᵖsuff:noun_likeʳラ⌉⌈ˢはᵖprt:binding_particleʳハ⌉⌈ˢ私ᵖpronʳワタクシ⌉⌈ˢのᵖprt:case_particleʳノ⌉⌈ˢ果実ᵖn:common_nounʳカジツ⌉⌈ˢ園ᵖsuff:noun_likeʳエン⌉⌈ˢをᵖprt:case_particleʳヲ⌉⌈ˢ荒らしᵖv:general:godan-sa:conjunctiveᵇ荒らすᵈ荒らすʳアラシ⌉⌈ˢたᵖauxv:auxv-ta:terminalʳタ⌉⌈ˢですᵖauxv:auxv-desu:terminalʳデス⌉⌈ˢ。ᵖauxs:period⌉
彼らは私を信じないだろう。	neutral	casual	⌈ˢ彼ᵖpronʳカレ⌉⌈ˢらᵖsuff:noun_likeʳラ⌉⌈ˢはᵖprt:binding_particleʳハ⌉⌈ˢ私ᵖpronʳワタクシ⌉⌈ˢをᵖprt:case_particleʳヲ⌉⌈ˢ信じᵖv:general:sa-irregular:imperfectiveᵇ信ずるᵈ信ずるʳシンジ⌉⌈ˢないᵖauxv:auxv-nai:terminalʳナイ⌉⌈ˢだろうᵖauxv:auxv-da:volitional-presumptiveᵇだᵈだʳダロウ⌉⌈ˢ。ᵖauxs:period⌉
彼女の体調はすぐによくなっています。	neutral	formal	⌈ˢ彼女ᵖpronʳカノジョ⌉⌈ˢのᵖprt:case_particleʳノ⌉⌈ˢ体調ᵖn:common_nounʳタイチョウ⌉⌈ˢはᵖprt:binding_particleʳハ⌉⌈ˢすぐᵖadvʳスグ⌉⌈ˢにᵖprt:case_particleʳニ⌉⌈ˢよくᵖadj:non_self_reliant:adjective:conjunctiveᵇよいᵈよいʳヨク⌉⌈ˢなっᵖv:non_self_reliant:godan-ra:conjunctive-geminateᵇなるᵈなるʳナッ⌉⌈ˢてᵖprt:conjunctive_particleʳテ⌉⌈ˢいᵖv:non_self_reliant:i-ichidan-a:conjunctiveᵇいるᵈいるʳイ⌉⌈ˢますᵖauxv:auxv-masu:terminalʳマス⌉⌈ˢ。ᵖauxs:period⌉
彼女の母はたったひとりで田舎にすんでいるだ。	neutral	casual	⌈ˢ彼女ᵖpronʳカノジョ⌉⌈ˢのᵖprt:case_particleʳノ⌉⌈ˢ母ᵖn:common_nounʳハハ⌉⌈ˢはᵖprt:binding_particleʳハ⌉⌈ˢたったᵖadvʳタッタ⌉⌈ˢひとりᵖn:common_noun:adverb-possibleʳヒトリ⌉⌈ˢでᵖprt:case_particleʳデ⌉⌈ˢ田舎ᵖn:common_nounʳイナカ⌉⌈ˢにᵖprt:case_particleʳニ⌉⌈ˢすんᵖv:general:godan-ma:conjunctive-nasalᵇすむᵈすむʳスン⌉⌈ˢでᵖprt:conjunctive_particleʳデ⌉⌈ˢいるᵖv:non_self_reliant:i-ichidan-a:terminalʳイル⌉⌈ˢだᵖauxv:auxv-da:terminalʳダ⌉⌈ˢ。ᵖauxs:period⌉
彼女の証言にはつじつまが合わない点があるです。	neutral	formal	⌈ˢ彼女ᵖpronʳカノジョ⌉⌈ˢのᵖprt:case_particleʳノ⌉⌈ˢ証言ᵖn:common_noun:suru-possibleʳショウゲン⌉⌈ˢにᵖprt:case_particleʳニ⌉⌈ˢはᵖprt:binding_particleʳハ⌉⌈ˢつじつまᵖn:common_nounʳツジツマ⌉⌈ˢがᵖprt:case_particleʳガ⌉⌈ˢ合わᵖv:non_self_reliant:godan-waa:imperfectiveᵇ合うᵈ合うʳアワ⌉⌈ˢないᵖauxv:auxv-nai:attributiveʳナイ⌉⌈ˢ点ᵖn:common_noun:counter-possibleʳテン⌉⌈ˢがᵖprt:case_particleʳガ⌉⌈ˢあるᵖv:non_self_reliant:godan-ra:terminalʳアル⌉⌈ˢですᵖauxv:auxv-desu:terminalʳデス⌉⌈ˢ。ᵖauxs:period⌉
彼女の髪は美しい巻き髪になっていたです。	neutral	formal	⌈ˢ彼女ᵖpronʳカノジョ⌉⌈ˢのᵖprt:case_particleʳノ⌉⌈ˢ髪ᵖn:common_nounʳカミ⌉⌈ˢはᵖprt:binding_particleʳハ⌉⌈ˢ美しいᵖadj:general:adjective:attributiveʳウツクシイ⌉⌈ˢ巻き髪ᵖn:common_nounʳマキガミ⌉⌈ˢにᵖprt:case_particleʳニ⌉⌈ˢなっᵖv:non_self_reliant:godan-ra:conjunctive-geminateᵇなるᵈなるʳナッ⌉⌈ˢてᵖprt:conjunctive_particleʳテ⌉⌈ˢいᵖv:non_self_reliant:i-ichidan-a:conjunctiveᵇいるᵈいるʳイ⌉⌈ˢたᵖauxv:auxv-ta:terminalʳタ⌉⌈ˢですᵖauxv:auxv-desu:terminalʳデス⌉⌈ˢ。ᵖauxs:period⌉
彼女はこの前の日曜日にコンサートへ行ったのですか。	neutral	formal	⌈ˢ彼女ᵖpronʳカノジョ⌉⌈ˢはᵖprt:binding_particleʳハ⌉⌈ˢこのᵖatʳコノ⌉⌈ˢ前ᵖn:common_noun:adverb-possibleʳマエ⌉⌈ˢのᵖprt:case_particleʳノ⌉⌈ˢ日曜日ᵖn:common_noun:adverb-possibleʳニチヨウビ⌉⌈ˢにᵖprt:case_particleʳニ⌉⌈ˢコンサートᵖn:common_noun⌉⌈ˢへᵖprt:case_particleʳヘ⌉⌈ˢ行っᵖv:non_self_reliant:godan-ka:conjunctive-geminateᵇ行くᵈ行くʳイッ⌉⌈ˢたᵖauxv:auxv-ta:attributiveʳタ⌉⌈ˢのᵖprt:pre_noun_particleʳノ⌉⌈ˢですᵖauxv:auxv-desu:terminalʳデス⌉⌈ˢかᵖprt:sentence_final_particleʳカ⌉⌈ˢ。ᵖauxs:period⌉
彼女はそこの一度も行ったことがないのを後悔しているです。	neutral	formal	⌈ˢ彼女ᵖpronʳカノジョ⌉⌈ˢはᵖprt:binding_particleʳハ⌉⌈ˢそこᵖpronʳソコ⌉⌈ˢのᵖprt:case_particleʳノ⌉⌈ˢ一度ᵖn:common_noun:adverb-possibleʳイチド⌉⌈ˢもᵖprt:binding_particleʳモ⌉⌈ˢ行っᵖv:general:godan-waa:conjunctive-geminateᵇ行うᵈ行うʳオコナッ⌉⌈ˢたᵖauxv:auxv-ta:attributiveʳタ⌉⌈ˢことᵖn:common_nounʳコト⌉⌈ˢがᵖprt:case_particleʳガ⌉⌈ˢないᵖadj:non_self_reliant:adjective:attributiveʳナイ⌉⌈ˢのᵖprt:pre_noun_particleʳノ⌉⌈ˢをᵖprt:case_particleʳヲ⌉⌈ˢ後悔ᵖn:common_noun:suru-possibleʳコウカイ⌉⌈ˢしᵖv:non_self_reliant:sa-irregular:conjunctiveᵇするᵈするʳシ⌉⌈ˢてᵖprt:conjunctive_particleʳテ⌉⌈ˢいるᵖv:non_self_reliant:i-ichidan-a:terminalʳイル⌉⌈ˢですᵖauxv:auxv-desu:terminalʳデス⌉⌈ˢ。ᵖauxs:period⌉
彼女はできないって言ってたけど、こっそり練習してましたって。	neutral	formal	⌈ˢ彼女ᵖpronʳカノジョ⌉⌈ˢはᵖprt:binding_particleʳハ⌉⌈ˢできᵖv:non_self_reliant:i-ichidan-ka:imperfectiveᵇできるᵈできるʳデキ⌉⌈ˢないᵖauxv:auxv-nai:terminalʳナイ⌉⌈ˢってᵖprt:adverbial_particleʳッテ⌉⌈ˢ言っᵖv:general:godan-waa:conjunctive-geminateᵇ言うᵈ言うʳイッ⌉⌈ˢてᵖauxv:e-ichidan-ta:conjunctiveᵇてるᵈてるʳテ⌉⌈ˢたᵖauxv:auxv-ta:terminalʳタ⌉⌈ˢけどᵖprt:conjunctive_particleʳケド⌉⌈ˢ、ᵖauxs:comma⌉⌈ˢこっそりᵖadvʳコッソリ⌉⌈ˢ練習ᵖn:common_noun:suru-possibleʳレンシュウ⌉⌈ˢしᵖv:non_self_reliant:sa-irregular:conjunctiveᵇするᵈするʳシ⌉⌈ˢてᵖauxv:e-ichidan-ta:conjunctiveᵇてるᵈてるʳテ⌉⌈ˢましᵖauxv:auxv-masu:conjunctiveᵇますᵈますʳマシ⌉⌈ˢたᵖauxv:auxv-ta:terminalʳタ⌉⌈ˢってᵖprt:adverbial_particleʳッテ⌉⌈ˢ。ᵖauxs:period⌉
彼女はのこぎりを使うのがとてもうまいだ。	neutral	casual	⌈ˢ彼女ᵖpronʳカノジョ⌉⌈ˢはᵖprt:binding_particleʳハ⌉⌈ˢのこぎりᵖn:common_nounʳノコギリ⌉⌈ˢをᵖprt:case_particleʳヲ⌉⌈ˢ使うᵖv:general:godan-waa:attributiveʳツカウ⌉⌈ˢのᵖprt:pre_noun_particleʳノ⌉⌈ˢがᵖprt:case_particleʳガ⌉⌈ˢとてもᵖadvʳトテモ⌉⌈ˢうまいᵖadj:general:adjective:terminalʳウマイ⌉⌈ˢだᵖauxv:auxv-da:terminalʳダ⌉⌈ˢ。ᵖauxs:period⌉
彼女はバスにバッグを忘れるほど不注意だったです。	neutral	formal	⌈ˢ彼女ᵖpronʳカノジョ⌉⌈ˢはᵖprt:binding_particleʳハ⌉⌈ˢバスᵖn:common_noun⌉⌈ˢにᵖprt:case_particleʳニ⌉⌈ˢバッグᵖn:common_noun⌉⌈ˢをᵖprt:case_particleʳヲ⌉⌈ˢ忘れるᵖv:non_self_reliant:e-ichidan-ra:attributiveʳワスレル⌉⌈ˢほどᵖprt:adverbial_particleʳホド⌉⌈ˢ不注意ᵖn:common_noun:pos2-unk1ʳフチュウイ⌉⌈ˢだっᵖauxv:auxv-da:conjunctive-geminateᵇだᵈだʳダッ⌉⌈ˢたᵖauxv:auxv-ta:terminalʳタ⌉⌈ˢですᵖauxv:auxv-desu:terminalʳデス⌉⌈ˢ。ᵖauxs:period⌉
彼女は勉強に真剣でしょう。	neutral	formal	⌈ˢ彼女ᵖpronʳカノジョ⌉⌈ˢはᵖprt:binding_particleʳハ⌉⌈ˢ勉強ᵖn:common_noun:suru-possibleʳベンキョウ⌉⌈ˢにᵖprt:case_particleʳニ⌉⌈ˢ真剣ᵖn:common_noun:pos2-unk1ʳシンケン⌉⌈ˢでしょうᵖauxv:auxv-desu:volitional-presumptiveᵇですᵈですʳデショウ⌉⌈ˢ。ᵖauxs:period⌉
彼女は友人たちに笑われたぜわ。	unpragmatic_formality	casual	⌈ˢ彼女ᵖpronʳカノジョ⌉⌈ˢはᵖprt:binding_particleʳハ⌉⌈ˢ友人ᵖn:common_nounʳユウジン⌉⌈ˢたちᵖsuff:noun_likeʳタチ⌉⌈ˢにᵖprt:case_particleʳニ⌉⌈ˢ笑わᵖv:general:godan-waa:imperfectiveᵇ笑うᵈ笑うʳワラワ⌉⌈ˢれᵖauxv:auxv-reru:conjunctiveᵇれるᵈれるʳレ⌉⌈ˢたᵖauxv:auxv-ta:terminalʳタ⌉⌈ˢぜᵖprt:sentence_final_particleʳゼ⌉⌈ˢわᵖprt:sentence_final_particleʳワ⌉⌈ˢ。ᵖauxs:period⌉
彼女は急いで芝生を横切ったぜわ。	unpragmatic_formality	casual	⌈ˢ彼女ᵖpronʳカノジョ⌉⌈ˢはᵖprt:binding_particleʳハ⌉⌈ˢ急いᵖv:general:godan-ga:conjunctive-i-soundᵇ急ぐᵈ急ぐʳイソイ⌉⌈ˢでᵖprt:conjunctive_particleʳデ⌉⌈ˢ芝生ᵖn:common_nounʳシバフ⌉⌈ˢをᵖprt:case_particleʳヲ⌉⌈ˢ横切っᵖv:general:godan-ra:conjunctive-geminateᵇ横切るᵈ横切るʳヨコギッ⌉⌈ˢたᵖauxv:auxv-ta:terminalʳタ⌉⌈ˢぜᵖprt:sentence_final_particleʳゼ⌉⌈ˢわᵖprt:sentence_final_particleʳワ⌉⌈ˢ。ᵖauxs:period⌉
彼女は数学の専門家です。	neutral	formal	⌈ˢ彼女ᵖpronʳカノジョ⌉⌈ˢはᵖprt:binding_particleʳハ⌉⌈ˢ数学ᵖn:common_nounʳスウガク⌉⌈ˢのᵖprt:case_particleʳノ⌉⌈ˢ専門家ᵖn:common_nounʳセンモンカ⌉⌈ˢですᵖauxv:auxv-desu:terminalʳデス⌉⌈ˢ。ᵖauxs:period⌉
彼女は朝食前にジョギングをすることにしているだ。	neutral	casual	⌈ˢ彼女ᵖpronʳカノジョ⌉⌈ˢはᵖprt:binding_particleʳハ⌉⌈ˢ朝ᵖn:common_noun:adverb-possibleʳアサ⌉⌈ˢ食前ᵖn:common_noun:adverb-possibleʳショクゼン⌉⌈ˢにᵖprt:case_particleʳニ⌉⌈ˢジョギングᵖn:common_noun:suru-possible⌉⌈ˢをᵖprt:case_particleʳヲ⌉⌈ˢするᵖv:non_self_reliant:sa-irregular:attributiveʳスル⌉⌈ˢことᵖn:common_nounʳコト⌉⌈ˢにᵖprt:case_particleʳニ⌉⌈ˢしᵖv:non_self_reliant:sa-irregular:conjunctiveᵇするᵈするʳシ⌉⌈ˢてᵖprt:conjunctive_particleʳテ⌉⌈ˢいるᵖv:non_self_reliant:i-ichidan-a:terminalʳイル⌉⌈ˢだᵖauxv:auxv-da:terminalʳダ⌉⌈ˢ。ᵖauxs:period⌉
彼女は穏やかで澄んだ声をしているます。	neutral	formal	⌈ˢ彼女ᵖpronʳカノジョ⌉⌈ˢはᵖprt:binding_particleʳハ⌉⌈ˢ穏やかᵖshp:generalʳオダヤカ⌉⌈ˢでᵖauxv:auxv-da:conjunctiveᵇだᵈだʳデ⌉⌈ˢ澄んᵖv:general:godan-ma:conjunctive-nasalᵇ澄むᵈ澄むʳスン⌉⌈ˢだᵖauxv:auxv-ta:attributiveʳダ⌉⌈ˢ声ᵖn:common_nounʳコエ⌉⌈ˢをᵖprt:case_particleʳヲ⌉⌈ˢしᵖv:non_self_reliant:sa-irregular:conjunctiveᵇするᵈするʳシ⌉⌈ˢてᵖprt:conjunctive_particleʳテ⌉⌈ˢいるᵖv:non_self_reliant:i-ichidan-a:terminalʳイル⌉⌈ˢますᵖauxv:auxv-masu:terminalʳマス⌉⌈ˢ。ᵖauxs:period⌉
彼女は自分が無事だと叫んだです。	neutral	formal	⌈ˢ彼女ᵖpronʳカノジョ⌉⌈ˢはᵖprt:binding_particleʳハ⌉⌈ˢ自分ᵖn:common_nounʳジブン⌉⌈ˢがᵖprt:case_particleʳガ⌉⌈ˢ無事ᵖshp:generalʳブジ⌉⌈ˢだᵖauxv:auxv-da:terminalʳダ⌉⌈ˢとᵖprt:case_particleʳト⌉⌈ˢ叫んᵖv:general:godan-ba:conjunctive-nasalᵇ叫ぶᵈ叫ぶʳサケン⌉⌈ˢだᵖauxv:auxv-ta:terminalʳダ⌉⌈ˢですᵖauxv:auxv-desu:terminalʳデス⌉⌈ˢ。ᵖauxs:period⌉
彼女は贅沢にそだてられたです。	neutral	formal	⌈ˢ彼女ᵖpronʳカノジョ⌉⌈ˢはᵖprt:binding_particleʳハ⌉⌈ˢ贅沢ᵖn:common_noun:pos2-unk2ʳゼイタク⌉⌈ˢにᵖprt:case_particleʳニ⌉⌈ˢそだてᵖv:general:e-ichidan-ta:imperfectiveᵇそだてるᵈそだてるʳソダテ⌉⌈ˢられᵖauxv:auxv-reru:conjunctiveᵇられるᵈられるʳラレ⌉⌈ˢたᵖauxv:auxv-ta:terminalʳタ⌉⌈ˢですᵖauxv:auxv-desu:terminalʳデス⌉⌈ˢ。ᵖauxs:period⌉
彼女は遅く起きたぜわ。	unpragmatic_formality	casual	⌈ˢ彼女ᵖpronʳカノジョ⌉⌈ˢはᵖprt:binding_particleʳハ⌉⌈ˢ遅くᵖadj:general:adjective:conjunctiveᵇ遅いᵈ遅いʳオソク⌉⌈ˢ起きᵖv:general:i-ichidan-ka:conjunctiveᵇ起きるᵈ起きるʳオキ⌉⌈ˢたᵖauxv:auxv-ta:terminalʳタ⌉⌈ˢぜᵖprt:sentence_final_particleʳゼ⌉⌈ˢわᵖprt:sentence_final_particleʳワ⌉⌈ˢ。ᵖauxs:period⌉
彼女は首にスカーフをまいているだ。	neutral	casual	⌈ˢ彼女ᵖpronʳカノジョ⌉⌈ˢはᵖprt:binding_particleʳハ⌉⌈ˢ首ᵖn:common_nounʳクビ⌉⌈ˢにᵖprt:case_particleʳニ⌉⌈ˢスカーフᵖn:common_noun⌉⌈ˢをᵖprt:case_particleʳヲ⌉⌈ˢまいᵖv:general:godan-ka:conjunctive-i-soundᵇまくᵈまくʳマイ⌉⌈ˢてᵖprt:conjunctive_particleʳテ⌉⌈ˢいるᵖv:non_self_reliant:i-ichidan-a:terminalʳイル⌉⌈ˢだᵖauxv:auxv-da:terminalʳダ⌉⌈ˢ。ᵖauxs:period⌉
後で私に電話しで下さい。	neutral	formal	⌈ˢ後ᵖn:common_noun:adverb-possibleʳアト⌉⌈ˢでᵖprt:case_particleʳデ⌉⌈ˢ私ᵖpronʳワタクシ⌉⌈ˢにᵖprt:case_particleʳニ⌉⌈ˢ電話ᵖn:common_noun:suru-possibleʳデンワ⌉⌈ˢしᵖv:non_self_reliant:sa-irregular:conjunctiveᵇするᵈするʳシ⌉⌈ˢでᵖconjʳデ⌉⌈ˢ下さいᵖv:non_self_reliant:godan-ra:imperativeᵇ下さるᵈ下さるʳクダサイ⌉⌈ˢ。ᵖauxs:period⌉
応募書類を記入して十二月の二日までに送り返してください。	neutral	formal	⌈ˢ応募書類ᵖn:common_nounʳオウボショルイ⌉⌈ˢをᵖprt:case_particleʳヲ⌉⌈ˢ記入ᵖn:common_noun:suru-possibleʳキニュウ⌉⌈ˢしᵖv:non_self_reliant:sa-irregular:conjunctiveᵇするᵈするʳシ⌉⌈ˢてᵖprt:conjunctive_particleʳテ⌉⌈ˢ十二ᵖn:numeralʳジュウニ⌉⌈ˢ月ᵖn:common_noun:counter-possibleʳガツ⌉⌈ˢのᵖprt:case_particleʳノ⌉⌈ˢ二ᵖn:numeralʳフタ⌉⌈ˢ日ᵖsuff:noun_like:counterʳカ⌉⌈ˢまでᵖprt:adverbial_particleʳマデ⌉⌈ˢにᵖprt:case_particleʳニ⌉⌈ˢ送り返しᵖv:general:godan-sa:conjunctiveᵇ送り返すᵈ送り返すʳオクリカエシ⌉⌈ˢてᵖprt:conjunctive_particleʳテ⌉⌈ˢくださいᵖv:non_self_reliant:godan-ra:imperativeᵇくださるᵈくださるʳクダサイ⌉⌈ˢ。ᵖauxs:period⌉
思いがけない大きな財産ががころがりこんでくると信じることは、根も葉もないことだ。	neutral	casual	⌈ˢ思いがけᵖv:general:e-ichidan-ka:imperfectiveᵇ思いがけるᵈ思いがけるʳオモイガケ⌉⌈ˢないᵖauxv:auxv-nai:attributiveʳナイ⌉⌈ˢ大きなᵖatʳオオキナ⌉⌈ˢ財産ᵖn:common_nounʳザイサン⌉⌈ˢがᵖprt:case_particleʳガ⌉⌈ˢがᵖprt:case_particleʳガ⌉⌈ˢころがりこんᵖv:general:godan-ma:conjunctive-nasalᵇころがりこむᵈころがりこむʳコロガリコン⌉⌈ˢでᵖprt:conjunctive_particleʳデ⌉⌈ˢくるᵖv:non_self_reliant:ka-irregular:terminalʳクル⌉⌈ˢとᵖprt:case_particleʳト⌉⌈ˢ信じるᵖv:general:i-ichidan-za:attributiveʳシンジル⌉⌈ˢことᵖn:common_nounʳコト⌉⌈ˢはᵖprt:binding_particleʳハ⌉⌈ˢ、ᵖauxs:comma⌉⌈ˢ根ᵖn:common_nounʳネ⌉⌈ˢもᵖprt:binding_particleʳモ⌉⌈ˢ葉ᵖn:common_nounʳハ⌉⌈ˢもᵖprt:binding_particleʳモ⌉⌈ˢないᵖadj:non_self_reliant:adjective:attributiveʳナイ⌉⌈ˢことᵖn:common_nounʳコト⌉⌈ˢだᵖauxv:auxv-da:terminalʳダ⌉⌈ˢ。ᵖauxs:period⌉
急ぎなさい、学校に遅れますぞよ。	neutral	unpragmatic_formality	⌈ˢ急ぎᵖv:general:godan-ga:conjunctiveᵇ急ぐᵈ急ぐʳイソギ⌉⌈ˢなさいᵖv:non_self_reliant:godan-ra:imperativeᵇなさるᵈなさるʳナサイ⌉⌈ˢ、ᵖauxs:comma⌉⌈ˢ学校ᵖn:common_nounʳガッコウ⌉⌈ˢにᵖprt:case_particleʳニ⌉⌈ˢ遅れᵖv:non_self_reliant:e-ichidan-ra:conjunctiveᵇ遅れるᵈ遅れるʳオクレ⌉⌈ˢますᵖauxv:auxv-masu:terminalʳマス⌉⌈ˢぞᵖprt:sentence_final_particleʳゾ⌉⌈ˢよᵖprt:sentence_final_particleʳヨ⌉⌈ˢ。ᵖauxs:period⌉
急に長女がが「飴がほしい」と声を上げました。	neutral	formal	⌈ˢ急ᵖn:common_noun:pos2-unk1ʳキュウ⌉⌈ˢにᵖauxv:auxv-da:conjunctive-niᵇだᵈだʳニ⌉⌈ˢ長女ᵖn:common_nounʳチョウジョ⌉⌈ˢがᵖprt:case_particleʳガ⌉⌈ˢがᵖprt:case_particleʳガ⌉⌈ˢ「ᵖauxs:bracket_openʳキゴウ⌉⌈ˢ飴ᵖn:common_nounʳアメ⌉⌈ˢがᵖprt:case_particleʳガ⌉⌈ˢほしいᵖadj:non_self_reliant:adjective:terminalʳホシイ⌉⌈ˢ」ᵖauxs:bracket_closeʳキゴウ⌉⌈ˢとᵖprt:case_particleʳト⌉⌈ˢ声ᵖn:common_nounʳコエ⌉⌈ˢをᵖprt:case_particleʳヲ⌉⌈ˢ上げᵖv:non_self_reliant:e-ichidan-ga:conjunctiveᵇ上げるᵈ上げるʳアゲ⌉⌈ˢましᵖauxv:auxv-masu:conjunctiveᵇますᵈますʳマシ⌉⌈ˢたᵖauxv:auxv-ta:terminalʳタ⌉⌈ˢ。ᵖauxs:period⌉
息子の歯のフッソ塗布の予約をお願いしますぞ。	neutral	unpragmatic_formality	⌈ˢ息子ᵖn:common_nounʳムスコ⌉⌈ˢのᵖprt:case_particleʳノ⌉⌈ˢ歯ᵖn:common_nounʳハ⌉⌈ˢのᵖprt:case_particleʳノ⌉⌈ˢフッソᵖn:common_noun⌉⌈ˢ塗布ᵖn:common_noun:suru-possibleʳトフ⌉⌈ˢのᵖprt:case_particleʳノ⌉⌈ˢ予約ᵖn:common_noun:suru-possibleʳヨヤク⌉⌈ˢをᵖprt:case_particleʳヲ⌉⌈ˢおᵖprefʳオ⌉⌈ˢ願いᵖv:non_self_reliant:godan-waa:conjunctiveᵇ願うᵈ願うʳネガイ⌉⌈ˢしᵖv:non_self_reliant:sa-irregular:conjunctiveᵇするᵈするʳシ⌉⌈ˢますᵖauxv:auxv-masu:terminalʳマス⌉⌈ˢぞᵖprt:sentence_final_particleʳゾ⌉⌈ˢ。ᵖauxs:period⌉
愛は盲目であるが、嫉妬は存在しありませんものまで見せることがある。	neutral	formal	⌈ˢ愛ᵖn:common_nounʳアイ⌉⌈ˢはᵖprt:binding_particleʳハ⌉⌈ˢ盲目ᵖn:common_nounʳモウモク⌉⌈ˢでᵖauxv:auxv-da:conjunctiveᵇだᵈだʳデ⌉⌈ˢあるᵖv:non_self_reliant:godan-ra:terminalʳアル⌉⌈ˢがᵖprt:conjunctive_particleʳガ⌉⌈ˢ、ᵖauxs:comma⌉⌈ˢ嫉妬ᵖn:common_noun:suru-possibleʳシット⌉⌈ˢはᵖprt:binding_particleʳハ⌉⌈ˢ存在ᵖn:common_noun:suru-possibleʳソンザイ⌉⌈ˢしᵖv:non_self_reliant:sa-irregular:conjunctiveᵇするᵈするʳシ⌉⌈ˢありᵖv:non_self_reliant:godan-ra:conjunctiveᵇあるᵈあるʳアリ⌉⌈ˢませᵖauxv:auxv-masu:imperfectiveᵇますᵈますʳマセ⌉⌈ˢんᵖauxv:auxv-nu:terminal-nasalᵇぬᵈぬʳン⌉⌈ˢものᵖn:common_noun:suru-possibleʳモノ⌉⌈ˢまでᵖprt:adverbial_particleʳマデ⌉⌈ˢ見せるᵖv:non_self_reliant:e-ichidan-sa:attributiveʳミセル⌉⌈ˢことᵖn:common_nounʳコト⌉⌈ˢがᵖprt:case_particleʳガ⌉⌈ˢあるᵖv:non_self_reliant:godan-ra:terminalʳアル⌉⌈ˢ。ᵖauxs:period⌉
我々はチームの能力を信頼してやみません。	neutral	formal	⌈ˢ我々ᵖpronʳワレワレ⌉⌈ˢはᵖprt:binding_particleʳハ⌉⌈ˢチームᵖn:common_noun⌉⌈ˢのᵖprt:case_particleʳノ⌉⌈ˢ能力ᵖn:common_nounʳノウリョク⌉⌈ˢをᵖprt:case_particleʳヲ⌉⌈ˢ信頼ᵖn:common_noun:suru-possibleʳシンライ⌉⌈ˢしᵖv:non_self_reliant:sa-irregular:conjunctiveᵇするᵈするʳシ⌉⌈ˢてᵖprt:conjunctive_particleʳテ⌉⌈ˢやみᵖv:general:godan-ma:conjunctiveᵇやむᵈやむʳヤミ⌉⌈ˢませᵖauxv:auxv-masu:imperfectiveᵇますᵈますʳマセ⌉⌈ˢんᵖauxv:auxv-nu:terminal-nasalᵇぬᵈぬʳン⌉⌈ˢ。ᵖauxs:period⌉
我々は世界平和を熱望しているです。	neutral	formal	⌈ˢ我々ᵖpronʳワレワレ⌉⌈ˢはᵖprt:binding_particleʳハ⌉⌈ˢ世界平和ᵖn:common_nounʳセカイヘイワ⌉⌈ˢをᵖprt:case_particleʳヲ⌉⌈ˢ熱望ᵖn:common_noun:suru-possibleʳネツボウ⌉⌈ˢしᵖv:non_self_reliant:sa-irregular:conjunctiveᵇするᵈするʳシ⌉⌈ˢてᵖprt:conjunctive_particleʳテ⌉⌈ˢいるᵖv:non_self_reliant:i-ichidan-a:terminalʳイル⌉⌈ˢですᵖauxv:auxv-desu:terminalʳデス⌉⌈ˢ。ᵖauxs:period⌉
我々は列車に遅れないかと心配だった。	neutral	casual	⌈ˢ我々ᵖpronʳワレワレ⌉⌈ˢはᵖprt:binding_particleʳハ⌉⌈ˢ列車ᵖn:common_nounʳレッシャ⌉⌈ˢにᵖprt:case_particleʳニ⌉⌈ˢ遅れᵖv:non_self_reliant:e-ichidan-ra:imperfectiveᵇ遅れるᵈ遅れるʳオクレ⌉⌈ˢないᵖauxv:auxv-nai:terminalʳナイ⌉⌈ˢかᵖprt:sentence_final_particleʳカ⌉⌈ˢとᵖprt:case_particleʳト⌉⌈ˢ心配ᵖn:common_noun:pos2-unk2ʳシンパイ⌉⌈ˢだっᵖauxv:auxv-da:conjunctive-geminateᵇだᵈだʳダッ⌉⌈ˢたᵖauxv:auxv-ta:terminalʳタ⌉⌈ˢ。ᵖauxs:period⌉
我々は大笑いしたです。	neutral	formal	⌈ˢ我々ᵖpronʳワレワレ⌉⌈ˢはᵖprt:binding_particleʳハ⌉⌈ˢ大笑いᵖn:common_noun:suru-possibleʳオオワライ⌉⌈ˢしᵖv:non_self_reliant:sa-irregular:conjunctiveᵇするᵈするʳシ⌉⌈ˢたᵖauxv:auxv-ta:terminalʳタ⌉⌈ˢですᵖauxv:auxv-desu:terminalʳデス⌉⌈ˢ。ᵖauxs:period⌉
手が放せないんですのだ。	neutral	formal	⌈ˢ手ᵖn:common_noun:counter-possibleʳテ⌉⌈ˢがᵖprt:case_particleʳガ⌉⌈ˢ放せᵖv:general:e-ichidan-sa:imperfectiveᵇ放せるᵈ放せるʳハナセ⌉⌈ˢないᵖauxv:auxv-nai:attributiveʳナイ⌉⌈ˢんᵖprt:pre_noun_particleʳン⌉⌈ˢですᵖauxv:auxv-desu:attributiveʳデス⌉⌈ˢのᵖprt:pre_noun_particleʳノ⌉⌈ˢだᵖauxv:auxv-da:terminalʳダ⌉⌈ˢ。ᵖauxs:period⌉
手数料はかかりますのだか。	neutral	formal	⌈ˢ手数料ᵖn:common_nounʳテスウリョウ⌉⌈ˢはᵖprt:binding_particleʳハ⌉⌈ˢかかりᵖv:non_self_reliant:godan-ra:conjunctiveᵇかかるᵈかかるʳカカリ⌉⌈ˢますᵖauxv:auxv-masu:attributiveʳマス⌉⌈ˢのᵖprt:pre_noun_particleʳノ⌉⌈ˢだᵖauxv:auxv-da:terminalʳダ⌉⌈ˢかᵖprt:sentence_final_particleʳカ⌉⌈ˢ。ᵖauxs:period⌉
手紙を書いているだ。	neutral	casual	⌈ˢ手紙ᵖn:common_nounʳテガミ⌉⌈ˢをᵖprt:case_particleʳヲ⌉⌈ˢ書いᵖv:general:godan-ka:conjunctive-i-soundᵇ書くᵈ書くʳカイ⌉⌈ˢてᵖprt:conjunctive_particleʳテ⌉⌈ˢいるᵖv:non_self_reliant:i-ichidan-a:terminalʳイル⌉⌈ˢだᵖauxv:auxv-da:terminalʳダ⌉⌈ˢ。ᵖauxs:period⌉
提案がありますのだ。	neutral	formal	⌈ˢ提案ᵖn:common_noun:suru-possibleʳテイアン⌉⌈ˢがᵖprt:case_particleʳガ⌉⌈ˢありᵖv:non_self_reliant:godan-ra:conjunctiveᵇあるᵈあるʳアリ⌉⌈ˢますᵖauxv:auxv-masu:attributiveʳマス⌉⌈ˢのᵖprt:pre_noun_particleʳノ⌉⌈ˢだᵖauxv:auxv-da:terminalʳダ⌉⌈ˢ。ᵖauxs:period⌉
政治屋というものがあるますとしたら、彼こそそのものだ。	neutral	formal	⌈ˢ政治屋ᵖn:common_nounʳセイジヤ⌉⌈ˢとᵖprt:case_particleʳト⌉⌈ˢいうᵖv:general:godan-waa:attributiveʳイウ⌉⌈ˢものᵖn:common_noun:suru-possibleʳモノ⌉⌈ˢがᵖprt:case_particleʳガ⌉⌈ˢあるᵖv:non_self_reliant:godan-ra:terminalʳアル⌉⌈ˢますᵖauxv:auxv-masu:terminalʳマス⌉⌈ˢとᵖprt:case_particleʳト⌉⌈ˢしᵖv:non_self_reliant:sa-irregular:conjunctiveᵇするᵈするʳシ⌉⌈ˢたらᵖauxv:auxv-ta:conditionalᵇたᵈたʳタラ⌉⌈ˢ、ᵖauxs:comma⌉⌈ˢ彼ᵖpronʳカレ⌉⌈ˢこそᵖprt:binding_particleʳコソ⌉⌈ˢそのᵖatʳソノ⌉⌈ˢものᵖn:common_noun:suru-possibleʳモノ⌉⌈ˢだᵖauxv:auxv-da:terminalʳダ⌉⌈ˢ。ᵖauxs:period⌉
教会には普通オルガンがあります。	neutral	formal	⌈ˢ教会ᵖn:common_nounʳキョウカイ⌉⌈ˢにᵖprt:case_particleʳニ⌉⌈ˢはᵖprt:binding_particleʳハ⌉⌈ˢ普通ᵖn:common_noun:pos2-unk1ʳフツウ⌉⌈ˢオルガンᵖn:common_noun⌉⌈ˢがᵖprt:case_particleʳガ⌉⌈ˢありᵖv:non_self_reliant:godan-ra:conjunctiveᵇあるᵈあるʳアリ⌉⌈ˢますᵖauxv:auxv-masu:terminalʳマス⌉⌈ˢ。ᵖauxs:period⌉
日本では、自動車は左側通行です。	neutral	formal	⌈ˢ日本ᵖn:proper_noun:place-nameʳニッポン⌉⌈ˢでᵖprt:case_particleʳデ⌉⌈ˢはᵖprt:binding_particleʳハ⌉⌈ˢ、ᵖauxs:comma⌉⌈ˢ自動車ᵖn:common_nounʳジドウシャ⌉⌈ˢはᵖprt:binding_particleʳハ⌉⌈ˢ左側通行ᵖn:proper_nounʳヒダリガワツウコウ⌉⌈ˢですᵖauxv:auxv-desu:terminalʳデス⌉⌈ˢ。ᵖauxs:period⌉
日本のどこであなたは育ちましたですか。	neutral	formal	⌈ˢ日本ᵖn:proper_noun:place-nameʳニッポン⌉⌈ˢのᵖprt:case_particleʳノ⌉⌈ˢどこᵖpronʳドコ⌉⌈ˢでᵖprt:case_particleʳデ⌉⌈ˢあなたᵖpronʳアナタ⌉⌈ˢはᵖprt:binding_particleʳハ⌉⌈ˢ育ちᵖv:general:godan-ta:conjunctiveᵇ育つᵈ育つʳソダチ⌉⌈ˢましᵖauxv:auxv-masu:conjunctiveᵇますᵈますʳマシ⌉⌈ˢたᵖauxv:auxv-ta:terminalʳタ⌉⌈ˢですᵖauxv:auxv-desu:terminalʳデス⌉⌈ˢかᵖprt:sentence_final_particleʳカ⌉⌈ˢ。ᵖauxs:period⌉
日本人はグループを作り、一緒に行動する傾向があるです。	neutral	formal	⌈ˢ日本人ᵖn:common_nounʳニホンジン⌉⌈ˢはᵖprt:binding_particleʳハ⌉⌈ˢグループᵖn:common_noun⌉⌈ˢをᵖprt:case_particleʳヲ⌉⌈ˢ作りᵖv:general:godan-ra:conjunctiveᵇ作るᵈ作るʳツクリ⌉⌈ˢ、ᵖauxs:comma⌉⌈ˢ一緒ᵖn:common_noun:suru-possibleʳイッショ⌉⌈ˢにᵖprt:case_particleʳニ⌉⌈ˢ行動ᵖn:common_noun:suru-possibleʳコウドウ⌉⌈ˢするᵖv:non_self_reliant:sa-irregular:attributiveʳスル⌉⌈ˢ傾向ᵖn:common_nounʳケイコウ⌉⌈ˢがᵖprt:case_particleʳガ⌉⌈ˢあるᵖv:non_self_reliant:godan-ra:terminalʳアル⌉⌈ˢですᵖauxv:auxv-desu:terminalʳデス⌉⌈ˢ。ᵖauxs:period⌉
日本人は一日３回食事しまする。	neutral	formal	⌈ˢ日本人ᵖn:common_nounʳニホンジン⌉⌈ˢはᵖprt:binding_particleʳハ⌉⌈ˢ一ᵖn:numeralʳイチ⌉⌈ˢ日ᵖn:common_noun:counter-possibleʳニチ⌉⌈ˢ３ᵖn:numeralᵇ3ᵈ3ʳサン⌉⌈ˢ回ᵖn:common_noun:counter-possibleʳカイ⌉⌈ˢ食事ᵖn:common_noun:suru-possibleʳショクジ⌉⌈ˢしᵖv:non_self_reliant:sa-irregular:conjunctiveᵇするᵈするʳシ⌉⌈ˢまするᵖauxv:auxv-masu:terminalʳマスル⌉⌈ˢ。ᵖauxs:period⌉
日本人は米を主食としているぞわ。	unpragmatic_formality	casual	⌈ˢ日本人ᵖn:common_nounʳニホンジン⌉⌈ˢはᵖprt:binding_particleʳハ⌉⌈ˢ米ᵖn:common_nounʳベイ⌉⌈ˢをᵖprt:case_particleʳヲ⌉⌈ˢ主食ᵖn:common_nounʳシュショク⌉⌈ˢとᵖprt:case_particleʳト⌉⌈ˢしᵖv:non_self_reliant:sa-irregular:conjunctiveᵇするᵈするʳシ⌉⌈ˢてᵖprt:conjunctive_particleʳテ⌉⌈ˢいるᵖv:non_self_reliant:i-ichidan-a:terminalʳイル⌉⌈ˢぞᵖprt:sentence_final_particleʳゾ⌉⌈ˢわᵖprt:sentence_final_particleʳワ⌉⌈ˢ。ᵖauxs:period⌉
日本国憲法を読んだことがありますかぞ。	neutral	unpragmatic_formality	⌈ˢ日本国ᵖn:proper_nounʳニッポンコク⌉⌈ˢ憲法ᵖn:common_nounʳケンポウ⌉⌈ˢをᵖprt:case_particleʳヲ⌉⌈ˢ読んᵖv:general:godan-ma:conjunctive-nasalᵇ読むᵈ読むʳヨン⌉⌈ˢだᵖauxv:auxv-ta:attributiveʳダ⌉⌈ˢことᵖn:common_nounʳコト⌉⌈ˢがᵖprt:case_particleʳガ⌉⌈ˢありᵖv:non_self_reliant:godan-ra:conjunctiveᵇあるᵈあるʳアリ⌉⌈ˢますᵖauxv:auxv-masu:terminalʳマス⌉⌈ˢかᵖprt:sentence_final_particleʳカ⌉⌈ˢぞᵖprt:sentence_final_particleʳゾ⌉⌈ˢ。ᵖauxs:period⌉
早くビールをを持って来い、のどが乾いているんだ。	neutral	casual	⌈ˢ早くᵖadj:general:adjective:conjunctiveᵇ早いᵈ早いʳハヤク⌉⌈ˢビールᵖn:common_noun⌉⌈ˢをᵖprt:case_particleʳヲ⌉⌈ˢをᵖprt:case_particleʳヲ⌉⌈ˢ持っᵖv:general:godan-ta:conjunctive-geminateᵇ持つᵈ持つʳモッ⌉⌈ˢてᵖprt:conjunctive_particleʳテ⌉⌈ˢ来いᵖv:non_self_reliant:ka-irregular:imperativeᵇ来るᵈ来るʳコイ⌉⌈ˢ、ᵖauxs:comma⌉⌈ˢのどᵖn:common_nounʳノド⌉⌈ˢがᵖprt:case_particleʳガ⌉⌈ˢ乾いᵖv:general:godan-ka:conjunctive-i-soundᵇ乾くᵈ乾くʳカワイ⌉⌈ˢてᵖprt:conjunctive_particleʳテ⌉⌈ˢいるᵖv:non_self_reliant:i-ichidan-a:attributiveʳイル⌉⌈ˢんᵖprt:pre_noun_particleʳン⌉⌈ˢだᵖauxv:auxv-da:terminalʳダ⌉⌈ˢ。ᵖauxs:period⌉
早く歩くことはできないが長く歩くことはできるです。	neutral	formal	⌈ˢ早くᵖadj:general:adjective:conjunctiveᵇ早いᵈ早いʳハヤク⌉⌈ˢ歩くᵖv:general:godan-ka:attributiveʳアルク⌉⌈ˢことᵖn:common_nounʳコト⌉⌈ˢはᵖprt:binding_particleʳハ⌉⌈ˢできᵖv:non_self_reliant:i-ichidan-ka:imperfectiveᵇできるᵈできるʳデキ⌉⌈ˢないᵖauxv:auxv-nai:terminalʳナイ⌉⌈ˢがᵖprt:conjunctive_particleʳガ⌉⌈ˢ長くᵖadj:general:adjective:conjunctiveᵇ長いᵈ長いʳナガク⌉⌈ˢ歩くᵖv:general:godan-ka:attributiveʳアルク⌉⌈ˢことᵖn:common_nounʳコト⌉⌈ˢはᵖprt:binding_particleʳハ⌉⌈ˢできるᵖv:non_self_reliant:i-ichidan-ka:terminalʳデキル⌉⌈ˢですᵖauxv:auxv-desu:terminalʳデス⌉⌈ˢ。ᵖauxs:period⌉
明かりをつけてくれますないか。	neutral	formal	⌈ˢ明かりᵖn:common_nounʳアカリ⌉⌈ˢをᵖprt:case_particleʳヲ⌉⌈ˢつけᵖv:non_self_reliant:e-ichidan-ka:conjunctiveᵇつけるᵈつけるʳツケ⌉⌈ˢてᵖprt:conjunctive_particleʳテ⌉⌈ˢくれᵖv:non_self_reliant:e-ichidan-ra:conjunctiveᵇくれるᵈくれるʳクレ⌉⌈ˢますᵖauxv:auxv-masu:terminalʳマス⌉⌈ˢないᵖauxv:auxv-nai:terminalʳナイ⌉⌈ˢかᵖprt:sentence_final_particleʳカ⌉⌈ˢ。ᵖauxs:period⌉
昔は、母親たちがが自分の息子に対して、自慰行為をすると目が見えなくなるかもしれないぞ、と言った。	neutral	casual	⌈ˢ昔ᵖn:common_noun:adverb-possibleʳムカシ⌉⌈ˢはᵖprt:binding_particleʳハ⌉⌈ˢ、ᵖauxs:comma⌉⌈ˢ母親ᵖn:common_nounʳハハオヤ⌉⌈ˢたちᵖsuff:noun_likeʳタチ⌉⌈ˢがᵖprt:case_particleʳガ⌉⌈ˢがᵖprt:case_particleʳガ⌉⌈ˢ自分ᵖn:common_nounʳジブン⌉⌈ˢのᵖprt:case_particleʳノ⌉⌈ˢ息子ᵖn:common_nounʳムスコ⌉⌈ˢにᵖprt:case_particleʳニ⌉⌈ˢ対しᵖv:general:sa-irregular:conjunctiveᵇ対するᵈ対するʳタイシ⌉⌈ˢてᵖprt:conjunctive_particleʳテ⌉⌈ˢ、ᵖauxs:comma⌉⌈ˢ自慰ᵖn:common_noun:suru-possibleʳジイ⌉⌈ˢ行為ᵖn:common_nounʳコウイ⌉⌈ˢをᵖprt:case_particleʳヲ⌉⌈ˢするᵖv:non_self_reliant:sa-irregular:terminalʳスル⌉⌈ˢとᵖprt:case_particleʳト⌉⌈ˢ目ᵖn:common_nounʳメ⌉⌈ˢがᵖprt:case_particleʳガ⌉⌈ˢ見えᵖv:general:e-ichidan-a:imperfectiveᵇ見えるᵈ見えるʳミエ⌉⌈ˢなくᵖauxv:auxv-nai:conjunctiveᵇないᵈないʳナク⌉⌈ˢなるᵖv:non_self_reliant:godan-ra:terminalʳナル⌉⌈ˢかᵖprt:adverbial_particleʳカ⌉⌈ˢもᵖprt:binding_particleʳモ⌉⌈ˢしれᵖv:general:e-ichidan-ra:imperfectiveᵇしれるᵈしれるʳシレ⌉⌈ˢないᵖauxv:auxv-nai:terminalʳナイ⌉⌈ˢぞᵖprt:sentence_final_particleʳゾ⌉⌈ˢ、ᵖauxs:comma⌉⌈ˢとᵖprt:case_particleʳト⌉⌈ˢ言っᵖv:general:godan-waa:conjunctive-geminateᵇ言うᵈ言うʳイッ⌉⌈ˢたᵖauxv:auxv-ta:terminalʳタ⌉⌈ˢ。ᵖauxs:period⌉
映画を見に行くのはどうですか。	neutral	formal	⌈ˢ映画ᵖn:common_nounʳエイガ⌉⌈ˢをᵖprt:case_particleʳヲ⌉⌈ˢ見ᵖv:non_self_reliant:i-ichidan-ma:conjunctiveᵇ見るᵈ見るʳミ⌉⌈ˢにᵖprt:case_particleʳニ⌉⌈ˢ行くᵖv:non_self_reliant:godan-ka:attributiveʳイク⌉⌈ˢのᵖprt:pre_noun_particleʳノ⌉⌈ˢはᵖprt:binding_particleʳハ⌉⌈ˢどうᵖadvʳドウ⌉⌈ˢですᵖauxv:auxv-desu:terminalʳデス⌉⌈ˢかᵖprt:sentence_final_particleʳカ⌉⌈ˢ。ᵖauxs:period⌉
昨年建てられたその建物はとても大きいだ。	neutral	casual	⌈ˢ昨年ᵖn:common_noun:adverb-possibleʳサクネン⌉⌈ˢ建てᵖv:general:e-ichidan-ta:imperfectiveᵇ建てるᵈ建てるʳタテ⌉⌈ˢられᵖauxv:auxv-reru:conjunctiveᵇられるᵈられるʳラレ⌉⌈ˢたᵖauxv:auxv-ta:attributiveʳタ⌉⌈ˢそのᵖatʳソノ⌉⌈ˢ建物ᵖn:common_nounʳタテモノ⌉⌈ˢはᵖprt:binding_particleʳハ⌉⌈ˢとてもᵖadvʳトテモ⌉⌈ˢ大きいᵖadj:general:adjective:terminalʳオオキイ⌉⌈ˢだᵖauxv:auxv-da:terminalʳダ⌉⌈ˢ。ᵖauxs:period⌉
昨日は風邪を引いて寝ていたです。	neutral	formal	⌈ˢ昨日ᵖn:common_noun:adverb-possibleʳキノウ⌉⌈ˢはᵖprt:binding_particleʳハ⌉⌈ˢ風邪ᵖn:common_nounʳカゼ⌉⌈ˢをᵖprt:case_particleʳヲ⌉⌈ˢ引いᵖv:general:godan-ka:conjunctive-i-soundᵇ引くᵈ引くʳヒイ⌉⌈ˢてᵖprt:conjunctive_particleʳテ⌉⌈ˢ寝ᵖv:general:e-ichidan-na:conjunctiveᵇ寝るᵈ寝るʳネ⌉⌈ˢてᵖprt:conjunctive_particleʳテ⌉⌈ˢいᵖv:non_self_reliant:i-ichidan-a:conjunctiveᵇいるᵈいるʳイ⌉⌈ˢたᵖauxv:auxv-ta:terminalʳタ⌉⌈ˢですᵖauxv:auxv-desu:terminalʳデス⌉⌈ˢ。ᵖauxs:period⌉
昨日起こった事について何とおっしゃいましたかぜわ。	casual	very_formal	⌈ˢ昨日ᵖn:common_noun:adverb-possibleʳキノウ⌉⌈ˢ起こっᵖv:general:godan-ra:conjunctive-geminateᵇ起こるᵈ起こるʳオコッ⌉⌈ˢたᵖauxv:auxv-ta:attributiveʳタ⌉⌈ˢ事ᵖn:common_nounʳコト⌉⌈ˢにᵖprt:case_particleʳニ⌉⌈ˢついᵖv:general:godan-ka:conjunctive-i-soundᵇつくᵈつくʳツイ⌉⌈ˢてᵖprt:conjunctive_particleʳテ⌉⌈ˢ何ᵖpronʳナン⌉⌈ˢとᵖprt:case_particleʳト⌉⌈ˢおっしゃいᵖv:general:godan-ra:conjunctive-i-soundᵇおっしゃるᵈおっしゃるʳオッシャイ⌉⌈ˢましᵖauxv:auxv-masu:conjunctiveᵇますᵈますʳマシ⌉⌈ˢたᵖauxv:auxv-ta:terminalʳタ⌉⌈ˢかᵖprt:sentence_final_particleʳカ⌉⌈ˢぜᵖprt:sentence_final_particleʳゼ⌉⌈ˢわᵖprt:sentence_final_particleʳワ⌉⌈ˢ。ᵖauxs:period⌉
昼食を取らなかったので、お腹がすいていますぞ。	neutral	unpragmatic_formality	⌈ˢ昼食ᵖn:common_nounʳチュウショク⌉⌈ˢをᵖprt:case_particleʳヲ⌉⌈ˢ取らᵖv:general:godan-ra:imperfectiveᵇ取るᵈ取るʳトラ⌉⌈ˢなかっᵖauxv:auxv-nai:conjunctive-geminateᵇないᵈないʳナカッ⌉⌈ˢたᵖauxv:auxv-ta:attributiveʳタ⌉⌈ˢのᵖprt:pre_noun_particleʳノ⌉⌈ˢでᵖauxv:auxv-da:conjunctiveᵇだᵈだʳデ⌉⌈ˢ、ᵖauxs:comma⌉⌈ˢお腹ᵖn:common_nounʳオナカ⌉⌈ˢがᵖprt:case_particleʳガ⌉⌈ˢすいᵖv:general:godan-ka:conjunctive-i-soundᵇすくᵈすくʳスイ⌉⌈ˢてᵖprt:conjunctive_particleʳテ⌉⌈ˢいᵖv:non_self_reliant:i-ichidan-a:conjunctiveᵇいるᵈいるʳイ⌉⌈ˢますᵖauxv:auxv-masu:terminalʳマス⌉⌈ˢぞᵖprt:sentence_final_particleʳゾ⌉⌈ˢ。ᵖauxs:period⌉
時はすべての傷を癒してくれるだ。	neutral	casual	⌈ˢ時ᵖn:common_noun:adverb-possibleʳトキ⌉⌈ˢはᵖprt:binding_particleʳハ⌉⌈ˢすべてᵖn:common_noun:adverb-possibleʳスベテ⌉⌈ˢのᵖprt:case_particleʳノ⌉⌈ˢ傷ᵖn:common_nounʳキズ⌉⌈ˢをᵖprt:case_particleʳヲ⌉⌈ˢ癒しᵖv:general:godan-sa:conjunctiveᵇ癒すᵈ癒すʳイヤシ⌉⌈ˢてᵖprt:conjunctive_particleʳテ⌉⌈ˢくれるᵖv:non_self_reliant:e-ichidan-ra:terminalʳクレル⌉⌈ˢだᵖauxv:auxv-da:terminalʳダ⌉⌈ˢ。ᵖauxs:period⌉
時間は最も貴重ものだ。	neutral	casual	⌈ˢ時間ᵖn:common_noun:counter-possibleʳジカン⌉⌈ˢはᵖprt:binding_particleʳハ⌉⌈ˢ最もᵖadvʳモットモ⌉⌈ˢ貴重ᵖshp:generalʳキチョウ⌉⌈ˢものᵖn:common_noun:suru-possibleʳモノ⌉⌈ˢだᵖauxv:auxv-da:terminalʳダ⌉⌈ˢ。ᵖauxs:period⌉
晩御飯食べてるとこに、友達来たんだ。	neutral	casual	⌈ˢ晩御飯ᵖn:common_nounʳバンゴハン⌉⌈ˢ食べᵖv:general:e-ichidan-ba:conjunctiveᵇ食べるᵈ食べるʳタベ⌉⌈ˢてるᵖauxv:e-ichidan-ta:attributiveʳテル⌉⌈ˢとこᵖn:common_nounʳトコ⌉⌈ˢにᵖprt:case_particleʳニ⌉⌈ˢ、ᵖauxs:comma⌉⌈ˢ友達ᵖn:common_nounʳトモダチ⌉⌈ˢ来ᵖv:non_self_reliant:ka-irregular:conjunctiveᵇ来るᵈ来るʳキ⌉⌈ˢたᵖauxv:auxv-ta:attributiveʳタ⌉⌈ˢんᵖprt:pre_noun_particleʳン⌉⌈ˢだᵖauxv:auxv-da:terminalʳダ⌉⌈ˢ。ᵖauxs:period⌉
晴れそうだぜわ。	unpragmatic_formality	casual	⌈ˢ晴れᵖv:general:e-ichidan-ra:conjunctiveᵇ晴れるᵈ晴れるʳハレ⌉⌈ˢそうᵖshp:auxiliary_verb_stemʳソウ⌉⌈ˢだᵖauxv:auxv-da:terminalʳダ⌉⌈ˢぜᵖprt:sentence_final_particleʳゼ⌉⌈ˢわᵖprt:sentence_final_particleʳワ⌉⌈ˢ。ᵖauxs:period⌉
暗闇で赤いライトが光っていたです。	neutral	formal	⌈ˢ暗闇ᵖn:common_nounʳクラヤミ⌉⌈ˢでᵖprt:case_particleʳデ⌉⌈ˢ赤いᵖadj:general:adjective:attributiveʳアカイ⌉⌈ˢライトᵖn:common_noun⌉⌈ˢがᵖprt:case_particleʳガ⌉⌈ˢ光っᵖv:general:godan-ra:conjunctive-geminateᵇ光るᵈ光るʳヒカッ⌉⌈ˢてᵖprt:conjunctive_particleʳテ⌉⌈ˢいᵖv:non_self_reliant:i-ichidan-a:conjunctiveᵇいるᵈいるʳイ⌉⌈ˢたᵖauxv:auxv-ta:terminalʳタ⌉⌈ˢですᵖauxv:auxv-desu:terminalʳデス⌉⌈ˢ。ᵖauxs:period⌉
書く紙を一個ください。	neutral	formal	⌈ˢ書くᵖv:general:godan-ka:attributiveʳカク⌉⌈ˢ紙ᵖn:common_nounʳカミ⌉⌈ˢをᵖprt:case_particleʳヲ⌉⌈ˢ一ᵖn:numeralʳイチ⌉⌈ˢ個ᵖsuff:noun_like:counterʳコ⌉⌈ˢくださいᵖv:non_self_reliant:godan-ra:imperativeᵇくださるᵈくださるʳクダサイ⌉⌈ˢ。ᵖauxs:period⌉
最初の信号をを左へ曲がって下さい。	neutral	formal	⌈ˢ最初ᵖn:common_noun:adverb-possibleʳサイショ⌉⌈ˢのᵖprt:case_particleʳノ⌉⌈ˢ信号ᵖn:common_nounʳシンゴウ⌉⌈ˢをᵖprt:case_particleʳヲ⌉⌈ˢをᵖprt:case_particleʳヲ⌉⌈ˢ左ᵖn:common_nounʳヒダリ⌉⌈ˢへᵖprt:case_particleʳヘ⌉⌈ˢ曲がっᵖv:general:godan-ra:conjunctive-geminateᵇ曲がるᵈ曲がるʳマガッ⌉⌈ˢてᵖprt:conjunctive_particleʳテ⌉⌈ˢ下さいᵖv:non_self_reliant:godan-ra:imperativeᵇ下さるᵈ下さるʳクダサイ⌉⌈ˢ。ᵖauxs:period⌉
最初は、このような仕事、あまり好きではありませんでしたが、近頃だんだんと楽しく思えるようになってきました。	neutral	formal	⌈ˢ最初ᵖn:common_noun:adverb-possibleʳサイショ⌉⌈ˢはᵖprt:binding_particleʳハ⌉⌈ˢ、ᵖauxs:comma⌉⌈ˢこのᵖatʳコノ⌉⌈ˢようᵖshp:auxiliary_verb_stemʳヨウ⌉⌈ˢなᵖauxv:auxv-da:attributiveᵇだᵈだʳナ⌉⌈ˢ仕事ᵖn:common_noun:suru-possibleʳシゴト⌉⌈ˢ、ᵖauxs:comma⌉⌈ˢあまりᵖadvʳアマリ⌉⌈ˢ好きᵖshp:generalʳスキ⌉⌈ˢでᵖauxv:auxv-da:conjunctiveᵇだᵈだʳデ⌉⌈ˢはᵖprt:binding_particleʳハ⌉⌈ˢありᵖv:non_self_reliant:godan-ra:conjunctiveᵇあるᵈあるʳアリ⌉⌈ˢませᵖauxv:auxv-masu:imperfectiveᵇますᵈますʳマセ⌉⌈ˢんᵖauxv:auxv-nu:terminal-nasalᵇぬᵈぬʳン⌉⌈ˢでしᵖauxv:auxv-desu:conjunctiveᵇですᵈですʳデシ⌉⌈ˢたᵖauxv:auxv-ta:terminalʳタ⌉⌈ˢがᵖprt:conjunctive_particleʳガ⌉⌈ˢ、ᵖauxs:comma⌉⌈ˢ近頃ᵖn:common_noun:adverb-possibleʳチカゴロ⌉⌈ˢだんだんᵖadvʳダンダン⌉⌈ˢとᵖprt:case_particleʳト⌉⌈ˢ楽しくᵖadj:general:adjective:conjunctiveᵇ楽しいᵈ楽しいʳタノシク⌉⌈ˢ思えるᵖv:general:e-ichidan-a:attributiveʳオモエル⌉⌈ˢようᵖshp:auxiliary_verb_stemʳヨウ⌉⌈ˢにᵖauxv:auxv-da:conjunctive-niᵇだᵈだʳニ⌉⌈ˢなっᵖv:non_self_reliant:godan-ra:conjunctive-geminateᵇなるᵈなるʳナッ⌉⌈ˢてᵖprt:conjunctive_particleʳテ⌉⌈ˢきᵖv:non_self_reliant:ka-irregular:conjunctiveᵇくるᵈくるʳキ⌉⌈ˢましᵖauxv:auxv-masu:conjunctiveᵇますᵈますʳマシ⌉⌈ˢたᵖauxv:auxv-ta:terminalʳタ⌉⌈ˢ。ᵖauxs:period⌉
月は雲の陰に隠れていまする。	neutral	formal	⌈ˢ月ᵖn:common_noun:counter-possibleʳツキ⌉⌈ˢはᵖprt:binding_particleʳハ⌉⌈ˢ雲ᵖn:common_nounʳクモ⌉⌈ˢのᵖprt:case_particleʳノ⌉⌈ˢ陰ᵖn:common_nounʳカゲ⌉⌈ˢにᵖprt:case_particleʳニ⌉⌈ˢ隠れᵖv:general:e-ichidan-ra:conjunctiveᵇ隠れるᵈ隠れるʳカクレ⌉⌈ˢてᵖprt:conjunctive_particleʳテ⌉⌈ˢいᵖv:non_self_reliant:i-ichidan-a:conjunctiveᵇいるᵈいるʳイ⌉⌈ˢまするᵖauxv:auxv-masu:terminalʳマスル⌉⌈ˢ。ᵖauxs:period⌉
木はその実で分かるです。	neutral	formal	⌈ˢ木ᵖn:common_nounʳキ⌉⌈ˢはᵖprt:binding_particleʳハ⌉⌈ˢそのᵖatʳソノ⌉⌈ˢ実ᵖn:common_nounʳジツ⌉⌈ˢでᵖprt:case_particleʳデ⌉⌈ˢ分かるᵖv:general:godan-ra:terminalʳワカル⌉⌈ˢですᵖauxv:auxv-desu:terminalʳデス⌉⌈ˢ。ᵖauxs:period⌉
本当ににトムは来るの？	neutral	casual	⌈ˢ本当ᵖn:common_nounʳホントウ⌉⌈ˢにᵖprt:case_particleʳニ⌉⌈ˢにᵖprt:case_particleʳニ⌉⌈ˢトムᵖn:proper_noun:person-name⌉⌈ˢはᵖprt:binding_particleʳハ⌉⌈ˢ来るᵖv:non_self_reliant:ka-irregular:attributiveʳクル⌉⌈ˢのᵖprt:sentence_final_particleʳノ⌉⌈ˢ？ᵖauxs:periodᵇ?ᵈ?ʳ?⌉
本来は「ひとごと」とと読むのが正しいのですが、「たにんごと」という読みも市民権を得つつあるようです。	neutral	formal	⌈ˢ本来ᵖn:common_noun:adverb-possibleʳホンライ⌉⌈ˢはᵖprt:binding_particleʳハ⌉⌈ˢ「ᵖauxs:bracket_openʳキゴウ⌉⌈ˢひとごとᵖn:common_nounʳヒトゴト⌉⌈ˢ」ᵖauxs:bracket_closeʳキゴウ⌉⌈ˢとᵖprt:case_particleʳト⌉⌈ˢとᵖprt:case_particleʳト⌉⌈ˢ読むᵖv:general:godan-ma:attributiveʳヨム⌉⌈ˢのᵖprt:pre_noun_particleʳノ⌉⌈ˢがᵖprt:case_particleʳガ⌉⌈ˢ正しいᵖadj:general:adjective:attributiveʳタダシイ⌉⌈ˢのᵖprt:pre_noun_particleʳノ⌉⌈ˢですᵖauxv:auxv-desu:terminalʳデス⌉⌈ˢがᵖprt:conjunctive_particleʳガ⌉⌈ˢ、ᵖauxs:comma⌉⌈ˢ「ᵖauxs:bracket_openʳキゴウ⌉⌈ˢたにᵖn:common_nounʳタニ⌉⌈ˢんᵖprt:case_particleʳン⌉⌈ˢごとᵖn:common_nounʳゴト⌉⌈ˢ」ᵖauxs:bracket_closeʳキゴウ⌉⌈ˢとᵖprt:case_particleʳト⌉⌈ˢいうᵖv:general:godan-waa:attributiveʳイウ⌉⌈ˢ読みᵖn:common_nounʳヨミ⌉⌈ˢもᵖprt:binding_particleʳモ⌉⌈ˢ市民権ᵖn:common_nounʳシミンケン⌉⌈ˢをᵖprt:case_particleʳヲ⌉⌈ˢ得ᵖv:non_self_reliant:e-ichidan-a:conjunctiveᵇ得るᵈ得るʳエ⌉⌈ˢつつᵖprt:conjunctive_particleʳツツ⌉⌈ˢあるᵖv:non_self_reliant:godan-ra:attributiveʳアル⌉⌈ˢようᵖshp:auxiliary_verb_stemʳヨウ⌉⌈ˢですᵖauxv:auxv-desu:terminalʳデス⌉⌈ˢ。ᵖauxs:period⌉
来年、留学の予定だ。	neutral	casual	⌈ˢ来年ᵖn:common_noun:adverb-possibleʳライネン⌉⌈ˢ、ᵖauxs:comma⌉⌈ˢ留学ᵖn:common_noun:suru-possibleʳリュウガク⌉⌈ˢのᵖprt:case_particleʳノ⌉⌈ˢ予定ᵖn:common_noun:suru-possibleʳヨテイ⌉⌈ˢだᵖauxv:auxv-da:terminalʳダ⌉⌈ˢ。ᵖauxs:period⌉
来年の４月で１０年ここで働いたことになるです。	neutral	formal	⌈ˢ来年ᵖn:common_noun:adverb-possibleʳライネン⌉⌈ˢのᵖprt:case_particleʳノ⌉⌈ˢ４ᵖn:numeralᵇ4ᵈ4ʳヨン⌉⌈ˢ月ᵖn:common_noun:counter-possibleʳガツ⌉⌈ˢでᵖprt:case_particleʳデ⌉⌈ˢ１０ᵖn:numeralᵇ10ᵈ10ʳイチレイ⌉⌈ˢ年ᵖn:common_noun:counter-possibleʳネン⌉⌈ˢここᵖpronʳココ⌉⌈ˢでᵖprt:case_particleʳデ⌉⌈ˢ働いᵖv:general:godan-ka:conjunctive-i-soundᵇ働くᵈ働くʳハタライ⌉⌈ˢたᵖauxv:auxv-ta:attributiveʳタ⌉⌈ˢことᵖn:common_nounʳコト⌉⌈ˢにᵖprt:case_particleʳニ⌉⌈ˢなるᵖv:non_self_reliant:godan-ra:terminalʳナル⌉⌈ˢですᵖauxv:auxv-desu:terminalʳデス⌉⌈ˢ。ᵖauxs:period⌉
来月、家族と沖縄に旅行に行く予定です。ちなみに、私は初めての沖縄です。	neutral	formal	⌈ˢ来月ᵖn:common_noun:adverb-possibleʳライゲツ⌉⌈ˢ、ᵖauxs:comma⌉⌈ˢ家族ᵖn:common_nounʳカゾク⌉⌈ˢとᵖprt:case_particleʳト⌉⌈ˢ沖縄ᵖn:proper_noun:place-nameʳオキナワ⌉⌈ˢにᵖprt:case_particleʳニ⌉⌈ˢ旅行ᵖn:common_noun:suru-possibleʳリョコウ⌉⌈ˢにᵖprt:case_particleʳニ⌉⌈ˢ行くᵖv:non_self_reliant:godan-ka:attributiveʳイク⌉⌈ˢ予定ᵖn:common_noun:suru-possibleʳヨテイ⌉⌈ˢですᵖauxv:auxv-desu:terminalʳデス⌉⌈ˢ。ᵖauxs:period⌉⌈ˢちなみᵖn:common_nounʳチナミ⌉⌈ˢにᵖprt:case_particleʳニ⌉⌈ˢ、ᵖauxs:comma⌉⌈ˢ私ᵖpronʳワタクシ⌉⌈ˢはᵖprt:binding_particleʳハ⌉⌈ˢ初めてᵖadvʳハジメテ⌉⌈ˢのᵖprt:case_particleʳノ⌉⌈ˢ沖縄ᵖn:proper_noun:place-nameʳオキナワ⌉⌈ˢですᵖauxv:auxv-desu:terminalʳデス⌉⌈ˢ。ᵖauxs:period⌉
来週ヨーロッパにに発つ予定です。	neutral	formal	⌈ˢ来週ᵖn:common_noun:adverb-possibleʳライシュウ⌉⌈ˢヨーロッパᵖn:proper_noun:place-name⌉⌈ˢにᵖprt:case_particleʳニ⌉⌈ˢにᵖprt:case_particleʳニ⌉⌈ˢ発つᵖv:general:godan-ta:attributiveʳタツ⌉⌈ˢ予定ᵖn:common_noun:suru-possibleʳヨテイ⌉⌈ˢですᵖauxv:auxv-desu:terminalʳデス⌉⌈ˢ。ᵖauxs:period⌉
椅子が一つ欲しいだ。	neutral	casual	⌈ˢ椅子ᵖn:common_nounʳイス⌉⌈ˢがᵖprt:case_particleʳガ⌉⌈ˢ一ᵖn:numeralʳヒト⌉⌈ˢつᵖsuff:noun_like:counterʳツ⌉⌈ˢ欲しいᵖadj:non_self_reliant:adjective:terminalʳホシイ⌉⌈ˢだᵖauxv:auxv-da:terminalʳダ⌉⌈ˢ。ᵖauxs:period⌉
楽になさってくださいぞわ。	neutral	very_formal	⌈ˢ楽ᵖn:common_noun:pos2-unk1ʳラク⌉⌈ˢにᵖauxv:auxv-da:conjunctive-niᵇだᵈだʳニ⌉⌈ˢなさっᵖv:non_self_reliant:godan-ra:conjunctive-geminateᵇなさるᵈなさるʳナサッ⌉⌈ˢてᵖprt:conjunctive_particleʳテ⌉⌈ˢくださいᵖv:non_self_reliant:godan-ra:imperativeᵇくださるᵈくださるʳクダサイ⌉⌈ˢぞわᵖadvʳゾワ⌉⌈ˢ。ᵖauxs:period⌉
概して日本の気候は温和であると言えるだ。	neutral	casual	⌈ˢ概してᵖadvʳガイシテ⌉⌈ˢ日本ᵖn:proper_noun:place-nameʳニッポン⌉⌈ˢのᵖprt:case_particleʳノ⌉⌈ˢ気候ᵖn:common_nounʳキコウ⌉⌈ˢはᵖprt:binding_particleʳハ⌉⌈ˢ温和ᵖn:common_noun:pos2-unk1ʳオンワ⌉⌈ˢでᵖauxv:auxv-da:conjunctiveᵇだᵈだʳデ⌉⌈ˢあるᵖv:non_self_reliant:godan-ra:terminalʳアル⌉⌈ˢとᵖprt:case_particleʳト⌉⌈ˢ言えるᵖv:general:e-ichidan-a:terminalʳイエル⌉⌈ˢだᵖauxv:auxv-da:terminalʳダ⌉⌈ˢ。ᵖauxs:period⌉
橋のいくつかは損傷を受けるか、流されるかしているです。	neutral	formal	⌈ˢ橋ᵖn:common_nounʳハシ⌉⌈ˢのᵖprt:case_particleʳノ⌉⌈ˢいくつᵖn:common_nounʳイクツ⌉⌈ˢかᵖprt:adverbial_particleʳカ⌉⌈ˢはᵖprt:binding_particleʳハ⌉⌈ˢ損傷ᵖn:common_noun:suru-possibleʳソンショウ⌉⌈ˢをᵖprt:case_particleʳヲ⌉⌈ˢ受けるᵖv:general:e-ichidan-ka:terminalʳウケル⌉⌈ˢかᵖprt:adverbial_particleʳカ⌉⌈ˢ、ᵖauxs:comma⌉⌈ˢ流さᵖv:general:godan-sa:imperfectiveᵇ流すᵈ流すʳナガサ⌉⌈ˢれるᵖauxv:auxv-reru:terminalʳレル⌉⌈ˢかᵖprt:adverbial_particleʳカ⌉⌈ˢしᵖv:non_self_reliant:sa-irregular:conjunctiveᵇするᵈするʳシ⌉⌈ˢてᵖprt:conjunctive_particleʳテ⌉⌈ˢいるᵖv:non_self_reliant:i-ichidan-a:terminalʳイル⌉⌈ˢですᵖauxv:auxv-desu:terminalʳデス⌉⌈ˢ。ᵖauxs:period⌉
橋の上に立っている人を知っていまするか。	neutral	formal	⌈ˢ橋ᵖn:common_nounʳハシ⌉⌈ˢのᵖprt:case_particleʳノ⌉⌈ˢ上ᵖn:common_noun:adverb-possibleʳウエ⌉⌈ˢにᵖprt:case_particleʳニ⌉⌈ˢ立っᵖv:general:godan-ta:conjunctive-geminateᵇ立つᵈ立つʳタッ⌉⌈ˢてᵖprt:conjunctive_particleʳテ⌉⌈ˢいるᵖv:non_self_reliant:i-ichidan-a:attributiveʳイル⌉⌈ˢ人ᵖn:common_nounʳヒト⌉⌈ˢをᵖprt:case_particleʳヲ⌉⌈ˢ知っᵖv:general:godan-ra:conjunctive-geminateᵇ知るᵈ知るʳシッ⌉⌈ˢてᵖprt:conjunctive_particleʳテ⌉⌈ˢいᵖv:non_self_reliant:i-ichidan-a:conjunctiveᵇいるᵈいるʳイ⌉⌈ˢまするᵖauxv:auxv-masu:terminalʳマスル⌉⌈ˢかᵖprt:sentence_final_particleʳカ⌉⌈ˢ。ᵖauxs:period⌉
次に遅刻いたしましたら、契約は解除されます。	formal	very_formal	⌈ˢ次ᵖn:common_nounʳツギ⌉⌈ˢにᵖprt:case_particleʳニ⌉⌈ˢ遅刻ᵖn:common_noun:suru-possibleʳチコク⌉⌈ˢいたしᵖv:non_self_reliant:godan-sa:conjunctiveᵇいたすᵈいたすʳイタシ⌉⌈ˢましᵖauxv:auxv-masu:conjunctiveᵇますᵈますʳマシ⌉⌈ˢたらᵖauxv:auxv-ta:conditionalᵇたᵈたʳタラ⌉⌈ˢ、ᵖauxs:comma⌉⌈ˢ契約ᵖn:common_noun:suru-possibleʳケイヤク⌉⌈ˢはᵖprt:binding_particleʳハ⌉⌈ˢ解除ᵖn:common_noun:suru-possibleʳカイジョ⌉⌈ˢさᵖv:non_self_reliant:sa-irregular:imperfective-saᵇするᵈするʳサ⌉⌈ˢれᵖauxv:auxv-reru:conjunctiveᵇれるᵈれるʳレ⌉⌈ˢますᵖauxv:auxv-masu:terminalʳマス⌉⌈ˢ。ᵖauxs:period⌉
正直が一番だと言われるのをよく聞いたことがあるます。	neutral	formal	⌈ˢ正直ᵖn:common_noun:pos2-unk1ʳショウジキ⌉⌈ˢがᵖprt:case_particleʳガ⌉⌈ˢ一番ᵖadvʳイチバン⌉⌈ˢだᵖauxv:auxv-da:terminalʳダ⌉⌈ˢとᵖprt:case_particleʳト⌉⌈ˢ言わᵖv:general:godan-waa:imperfectiveᵇ言うᵈ言うʳイワ⌉⌈ˢれるᵖauxv:auxv-reru:attributiveʳレル⌉⌈ˢのᵖprt:pre_noun_particleʳノ⌉⌈ˢをᵖprt:case_particleʳヲ⌉⌈ˢよくᵖadvʳヨク⌉⌈ˢ聞いᵖv:general:godan-ka:conjunctive-i-soundᵇ聞くᵈ聞くʳキイ⌉⌈ˢたᵖauxv:auxv-ta:attributiveʳタ⌉⌈ˢことᵖn:common_nounʳコト⌉⌈ˢがᵖprt:case_particleʳガ⌉⌈ˢあるᵖv:non_self_reliant:godan-ra:terminalʳアル⌉⌈ˢますᵖauxv:auxv-masu:terminalʳマス⌉⌈ˢ。ᵖauxs:period⌉
歯が痛むなら、歯医者さんにかかるべきですぞ。	neutral	unpragmatic_formality	⌈ˢ歯ᵖn:common_nounʳハ⌉⌈ˢがᵖprt:case_particleʳガ⌉⌈ˢ痛むᵖv:general:godan-ma:terminalʳイタム⌉⌈ˢならᵖauxv:auxv-da:conditionalᵇだᵈだʳナラ⌉⌈ˢ、ᵖauxs:comma⌉⌈ˢ歯医者ᵖn:common_nounʳハイシャ⌉⌈ˢさんᵖsuff:noun_likeʳサン⌉⌈ˢにᵖprt:case_particleʳニ⌉⌈ˢかかるᵖv:non_self_reliant:godan-ra:terminalʳカカル⌉⌈ˢべきᵖauxv:auxv-beshi:attributiveᵇべしᵈべしʳベキ⌉⌈ˢですᵖauxv:auxv-desu:terminalʳデス⌉⌈ˢぞᵖprt:sentence_final_particleʳゾ⌉⌈ˢ。ᵖauxs:period⌉
母には一カ月に一回手紙を書いています。	neutral	formal	⌈ˢ母ᵖn:common_nounʳハハ⌉⌈ˢにᵖprt:case_particleʳニ⌉⌈ˢはᵖprt:binding_particleʳハ⌉⌈ˢ一ᵖn:numeralʳイチ⌉⌈ˢカ月ᵖn:common_noun:counter-possibleʳカゲツ⌉⌈ˢにᵖprt:case_particleʳニ⌉⌈ˢ一回ᵖn:common_nounʳイチカイ⌉⌈ˢ手紙ᵖn:common_nounʳテガミ⌉⌈ˢをᵖprt:case_particleʳヲ⌉⌈ˢ書いᵖv:general:godan-ka:conjunctive-i-soundᵇ書くᵈ書くʳカイ⌉⌈ˢてᵖprt:conjunctive_particleʳテ⌉⌈ˢいᵖv:non_self_reliant:i-ichidan-a:conjunctiveᵇいるᵈいるʳイ⌉⌈ˢますᵖauxv:auxv-masu:terminalʳマス⌉⌈ˢ。ᵖauxs:period⌉
母の日をお母さんのために使うです。	neutral	formal	⌈ˢ母の日ᵖn:common_nounʳハハノヒ⌉⌈ˢをᵖprt:case_particleʳヲ⌉⌈ˢお母さんᵖn:common_nounʳオカアサン⌉⌈ˢのᵖprt:case_particleʳノ⌉⌈ˢためᵖn:common_noun:adverb-possibleʳタメ⌉⌈ˢにᵖprt:case_particleʳニ⌉⌈ˢ使うᵖv:general:godan-waa:terminalʳツカウ⌉⌈ˢですᵖauxv:auxv-desu:terminalʳデス⌉⌈ˢ。ᵖauxs:period⌉
母はかつて水泳で優勝しましたことがある。	neutral	formal	⌈ˢ母ᵖn:common_nounʳハハ⌉⌈ˢはᵖprt:binding_particleʳハ⌉⌈ˢかつてᵖadvʳカツテ⌉⌈ˢ水泳ᵖn:common_noun:suru-possibleʳスイエイ⌉⌈ˢでᵖprt:case_particleʳデ⌉⌈ˢ優勝ᵖn:common_noun:suru-possibleʳユウショウ⌉⌈ˢしᵖv:non_self_reliant:sa-irregular:conjunctiveᵇするᵈするʳシ⌉⌈ˢましᵖauxv:auxv-masu:conjunctiveᵇますᵈますʳマシ⌉⌈ˢたᵖauxv:auxv-ta:attributiveʳタ⌉⌈ˢことᵖn:common_nounʳコト⌉⌈ˢがᵖprt:case_particleʳガ⌉⌈ˢあるᵖv:non_self_reliant:godan-ra:terminalʳアル⌉⌈ˢ。ᵖauxs:period⌉
母国語の日本語ほど上手には他の国の言葉が使えないのですぞ。	neutral	unpragmatic_formality	⌈ˢ母国語ᵖn:common_nounʳボコクゴ⌉⌈ˢのᵖprt:case_particleʳノ⌉⌈ˢ日本語ᵖn:common_nounʳニホンゴ⌉⌈ˢほどᵖprt:adverbial_particleʳホド⌉⌈ˢ上手ᵖshp:generalʳジョウズ⌉⌈ˢにᵖauxv:auxv-da:conjunctive-niᵇだᵈだʳニ⌉⌈ˢはᵖprt:binding_particleʳハ⌉⌈ˢ他ᵖn:common_noun:adverb-possibleʳタ⌉⌈ˢのᵖprt:case_particleʳノ⌉⌈ˢ国ᵖn:common_nounʳクニ⌉⌈ˢのᵖprt:case_particleʳノ⌉⌈ˢ言葉ᵖn:common_nounʳコトバ⌉⌈ˢがᵖprt:case_particleʳガ⌉⌈ˢ使えᵖv:general:e-ichidan-a:imperfectiveᵇ使えるᵈ使えるʳツカエ⌉⌈ˢないᵖauxv:auxv-nai:attributiveʳナイ⌉⌈ˢのᵖprt:pre_noun_particleʳノ⌉⌈ˢですᵖauxv:auxv-desu:terminalʳデス⌉⌈ˢぞᵖprt:sentence_final_particleʳゾ⌉⌈ˢ。ᵖauxs:period⌉
温度計は温度を測る器具ですぞ。	casual	unpragmatic_formality	⌈ˢ温度計ᵖn:common_nounʳオンドケイ⌉⌈ˢはᵖprt:binding_particleʳハ⌉⌈ˢ温度ᵖn:common_nounʳオンド⌉⌈ˢをᵖprt:case_particleʳヲ⌉⌈ˢ測るᵖv:general:godan-ra:attributiveʳハカル⌉⌈ˢ器具ᵖn:common_nounʳキグ⌉⌈ˢですᵖauxv:auxv-desu:terminalʳデス⌉⌈ˢぞᵖprt:sentence_final_particleʳゾ⌉⌈ˢ。ᵖauxs:period⌉
滝のような汗が顔から流れ始めたです。	neutral	formal	⌈ˢ滝ᵖn:common_nounʳタキ⌉⌈ˢのᵖprt:case_particleʳノ⌉⌈ˢようᵖshp:auxiliary_verb_stemʳヨウ⌉⌈ˢなᵖauxv:auxv-da:attributiveᵇだᵈだʳナ⌉⌈ˢ汗ᵖn:common_nounʳアセ⌉⌈ˢがᵖprt:case_particleʳガ⌉⌈ˢ顔ᵖn:common_nounʳカオ⌉⌈ˢからᵖprt:case_particleʳカラ⌉⌈ˢ流れᵖv:general:e-ichidan-ra:conjunctiveᵇ流れるᵈ流れるʳナガレ⌉⌈ˢ始めᵖv:non_self_reliant:e-ichidan-ma:conjunctiveᵇ始めるᵈ始めるʳハジメ⌉⌈ˢたᵖauxv:auxv-ta:terminalʳタ⌉⌈ˢですᵖauxv:auxv-desu:terminalʳデス⌉⌈ˢ。ᵖauxs:period⌉
火災に備えで家に保険をかけなさい。	neutral	formal	⌈ˢ火災ᵖn:common_nounʳカサイ⌉⌈ˢにᵖprt:case_particleʳニ⌉⌈ˢ備えᵖn:common_nounʳソナエ⌉⌈ˢでᵖprt:case_particleʳデ⌉⌈ˢ家ᵖn:common_nounʳイエ⌉⌈ˢにᵖprt:case_particleʳニ⌉⌈ˢ保険ᵖn:common_nounʳホケン⌉⌈ˢをᵖprt:case_particleʳヲ⌉⌈ˢかけᵖv:non_self_reliant:e-ichidan-ka:conjunctiveᵇかけるᵈかけるʳカケ⌉⌈ˢなさいᵖv:non_self_reliant:godan-ra:imperativeᵇなさるᵈなさるʳナサイ⌉⌈ˢ。ᵖauxs:period⌉
父が上京しるた時には今の私と同じ年齢だったそうです。	neutral	formal	⌈ˢ父ᵖn:common_nounʳチチ⌉⌈ˢがᵖprt:case_particleʳガ⌉⌈ˢ上京ᵖn:common_noun:suru-possibleʳジョウキョウ⌉⌈ˢしᵖv:non_self_reliant:sa-irregular:conjunctiveᵇするᵈするʳシ⌉⌈ˢるᵖauxv:auxv-ri:attributiveᵇりᵈりʳル⌉⌈ˢたᵖauxv:auxv-ta:attributiveʳタ⌉⌈ˢ時ᵖn:common_noun:adverb-possibleʳトキ⌉⌈ˢにᵖprt:case_particleʳニ⌉⌈ˢはᵖprt:binding_particleʳハ⌉⌈ˢ今ᵖn:common_noun:adverb-possibleʳイマ⌉⌈ˢのᵖprt:case_particleʳノ⌉⌈ˢ私ᵖpronʳワタクシ⌉⌈ˢとᵖprt:case_particleʳト⌉⌈ˢ同じᵖatʳオナジ⌉⌈ˢ年齢ᵖn:common_nounʳネンレイ⌉⌈ˢだっᵖauxv:auxv-da:conjunctive-geminateᵇだᵈだʳダッ⌉⌈ˢたᵖauxv:auxv-ta:attributiveʳタ⌉⌈ˢそうᵖn:auxiliary_verb_stemʳソウ⌉⌈ˢですᵖauxv:auxv-desu:terminalʳデス⌉⌈ˢ。ᵖauxs:period⌉
父はよく出張でパリへ行きまする。	neutral	formal	⌈ˢ父ᵖn:common_nounʳチチ⌉⌈ˢはᵖprt:binding_particleʳハ⌉⌈ˢよくᵖadvʳヨク⌉⌈ˢ出張ᵖn:common_noun:suru-possibleʳシュッチョウ⌉⌈ˢでᵖprt:case_particleʳデ⌉⌈ˢパリᵖn:proper_noun:place-name⌉⌈ˢへᵖprt:case_particleʳヘ⌉⌈ˢ行きᵖv:non_self_reliant:godan-ka:conjunctiveᵇ行くᵈ行くʳイキ⌉⌈ˢまするᵖauxv:auxv-masu:terminalʳマスル⌉⌈ˢ。ᵖauxs:period⌉
特別国会の会期は４週間の予定であるぜわ。	unpragmatic_formality	casual	⌈ˢ特別国会ᵖn:common_nounʳトクベツコッカイ⌉⌈ˢのᵖprt:case_particleʳノ⌉⌈ˢ会期ᵖn:common_nounʳカイキ⌉⌈ˢはᵖprt:binding_particleʳハ⌉⌈ˢ４ᵖn:numeralᵇ4ᵈ4ʳヨン⌉⌈ˢ週間ᵖn:common_noun:counter-possibleʳシュウカン⌉⌈ˢのᵖprt:case_particleʳノ⌉⌈ˢ予定ᵖn:common_noun:suru-possibleʳヨテイ⌉⌈ˢでᵖauxv:auxv-da:conjunctiveᵇだᵈだʳデ⌉⌈ˢあるᵖv:non_self_reliant:godan-ra:terminalʳアル⌉⌈ˢぜᵖprt:sentence_final_particleʳゼ⌉⌈ˢわᵖprt:sentence_final_particleʳワ⌉⌈ˢ。ᵖauxs:period⌉
犬は私の手を噛んだです。	neutral	formal	⌈ˢ犬ᵖn:common_nounʳイヌ⌉⌈ˢはᵖprt:binding_particleʳハ⌉⌈ˢ私ᵖpronʳワタクシ⌉⌈ˢのᵖprt:case_particleʳノ⌉⌈ˢ手ᵖn:common_noun:counter-possibleʳテ⌉⌈ˢをᵖprt:case_particleʳヲ⌉⌈ˢ噛んᵖv:general:godan-ma:conjunctive-nasalᵇ噛むᵈ噛むʳカン⌉⌈ˢだᵖauxv:auxv-ta:terminalʳダ⌉⌈ˢですᵖauxv:auxv-desu:terminalʳデス⌉⌈ˢ。ᵖauxs:period⌉
猫をを二匹飼っています。一匹は白でもう一匹は黒です。	neutral	formal	⌈ˢ猫ᵖn:common_nounʳネコ⌉⌈ˢをᵖprt:case_particleʳヲ⌉⌈ˢをᵖprt:case_particleʳヲ⌉⌈ˢ二ᵖn:numeralʳニ⌉⌈ˢ匹ᵖsuff:noun_like:counterʳヒキ⌉⌈ˢ飼っᵖv:general:godan-waa:conjunctive-geminateᵇ飼うᵈ飼うʳカッ⌉⌈ˢてᵖprt:conjunctive_particleʳテ⌉⌈ˢいᵖv:non_self_reliant:i-ichidan-a:conjunctiveᵇいるᵈいるʳイ⌉⌈ˢますᵖauxv:auxv-masu:terminalʳマス⌉⌈ˢ。ᵖauxs:period⌉⌈ˢ一ᵖn:numeralʳイチ⌉⌈ˢ匹ᵖsuff:noun_like:counterʳヒキ⌉⌈ˢはᵖprt:binding_particleʳハ⌉⌈ˢ白ᵖn:common_nounʳシロ⌉⌈ˢでᵖprt:case_particleʳデ⌉⌈ˢもうᵖadvʳモウ⌉⌈ˢ一ᵖn:numeralʳイチ⌉⌈ˢ匹ᵖsuff:noun_like:counterʳヒキ⌉⌈ˢはᵖprt:binding_particleʳハ⌉⌈ˢ黒ᵖn:common_nounʳクロ⌉⌈ˢですᵖauxv:auxv-desu:terminalʳデス⌉⌈ˢ。ᵖauxs:period⌉
率直に言えば、私は彼がが嫌いです。	neutral	formal	⌈ˢ率直ᵖshp:generalʳソッチョク⌉⌈ˢにᵖauxv:auxv-da:conjunctive-niᵇだᵈだʳニ⌉⌈ˢ言えᵖv:general:godan-waa:conditionalᵇ言うᵈ言うʳイエ⌉⌈ˢばᵖprt:conjunctive_particleʳバ⌉⌈ˢ、ᵖauxs:comma⌉⌈ˢ私ᵖpronʳワタクシ⌉⌈ˢはᵖprt:binding_particleʳハ⌉⌈ˢ彼ᵖpronʳカレ⌉⌈ˢがᵖprt:case_particleʳガ⌉⌈ˢがᵖprt:case_particleʳガ⌉⌈ˢ嫌いᵖn:common_noun:pos2-unk1ʳキライ⌉⌈ˢですᵖauxv:auxv-desu:terminalʳデス⌉⌈ˢ。ᵖauxs:period⌉
生存本能はあらゆる生物に固有のものであるぜわ。	unpragmatic_formality	casual	⌈ˢ生存本能ᵖn:common_nounʳセイゾンホンノウ⌉⌈ˢはᵖprt:binding_particleʳハ⌉⌈ˢあらゆるᵖatʳアラユル⌉⌈ˢ生物ᵖn:common_nounʳセイブツ⌉⌈ˢにᵖprt:case_particleʳニ⌉⌈ˢ固有ᵖn:common_noun:pos2-unk1ʳコユウ⌉⌈ˢのᵖprt:case_particleʳノ⌉⌈ˢものᵖn:common_noun:suru-possibleʳモノ⌉⌈ˢでᵖauxv:auxv-da:conjunctiveᵇだᵈだʳデ⌉⌈ˢあるᵖv:non_self_reliant:godan-ra:terminalʳアル⌉⌈ˢぜᵖprt:sentence_final_particleʳゼ⌉⌈ˢわᵖprt:sentence_final_particleʳワ⌉⌈ˢ。ᵖauxs:period⌉
白黒印刷より色刷りのほうが高いぞわ。	unpragmatic_formality	casual	⌈ˢ白黒ᵖn:common_noun:suru-possibleʳシロクロ⌉⌈ˢ印刷ᵖn:common_noun:suru-possibleʳインサツ⌉⌈ˢよりᵖprt:case_particleʳヨリ⌉⌈ˢ色刷りᵖn:common_noun:suru-possibleʳイロズリ⌉⌈ˢのᵖprt:case_particleʳノ⌉⌈ˢほうᵖn:common_nounʳホウ⌉⌈ˢがᵖprt:case_particleʳガ⌉⌈ˢ高いᵖadj:general:adjective:terminalʳタカイ⌉⌈ˢぞᵖprt:sentence_final_particleʳゾ⌉⌈ˢわᵖprt:sentence_final_particleʳワ⌉⌈ˢ。ᵖauxs:period⌉
百万円の罰金だって？そんなの痛くもかゆくもないよ。	neutral	casual	⌈ˢ百万ᵖn:numeralʳヒャクマン⌉⌈ˢ円ᵖn:common_noun:counter-possibleʳエン⌉⌈ˢのᵖprt:case_particleʳノ⌉⌈ˢ罰金ᵖn:common_nounʳバッキン⌉⌈ˢだᵖauxv:auxv-da:terminalʳダ⌉⌈ˢってᵖprt:adverbial_particleʳッテ⌉⌈ˢ？ᵖauxs:periodᵇ?ᵈ?ʳ?⌉⌈ˢそんなᵖatʳソンナ⌉⌈ˢのᵖprt:pre_noun_particleʳノ⌉⌈ˢ痛くᵖadj:general:adjective:conjunctiveᵇ痛いᵈ痛いʳイタク⌉⌈ˢもᵖprt:binding_particleʳモ⌉⌈ˢかゆくᵖadj:general:adjective:conjunctiveᵇかゆいᵈかゆいʳカユク⌉⌈ˢもᵖprt:binding_particleʳモ⌉⌈ˢないᵖadj:non_self_reliant:adjective:terminalʳナイ⌉⌈ˢよᵖprt:sentence_final_particleʳヨ⌉⌈ˢ。ᵖauxs:period⌉
研究ははかどりましたたか。	neutral	formal	⌈ˢ研究ᵖn:common_noun:suru-possibleʳケンキュウ⌉⌈ˢはᵖprt:binding_particleʳハ⌉⌈ˢはかどりᵖv:general:godan-ra:conjunctiveᵇはかどるᵈはかどるʳハカドリ⌉⌈ˢましᵖauxv:auxv-masu:conjunctiveᵇますᵈますʳマシ⌉⌈ˢたᵖauxv:auxv-ta:terminalʳタ⌉⌈ˢたᵖauxv:auxv-ta:terminalʳタ⌉⌈ˢかᵖprt:sentence_final_particleʳカ⌉⌈ˢ。ᵖauxs:period⌉
私が駅に着くますと、列車は今にも発車しかけていた。	neutral	formal	⌈ˢ私ᵖpronʳワタクシ⌉⌈ˢがᵖprt:case_particleʳガ⌉⌈ˢ駅ᵖn:common_nounʳエキ⌉⌈ˢにᵖprt:case_particleʳニ⌉⌈ˢ着くᵖv:general:godan-ka:terminalʳツク⌉⌈ˢますᵖauxv:auxv-masu:terminalʳマス⌉⌈ˢとᵖprt:conjunctive_particleʳト⌉⌈ˢ、ᵖauxs:comma⌉⌈ˢ列車ᵖn:common_nounʳレッシャ⌉⌈ˢはᵖprt:binding_particleʳハ⌉⌈ˢ今ᵖn:common_noun:adverb-possibleʳイマ⌉⌈ˢにᵖprt:case_particleʳニ⌉⌈ˢもᵖprt:binding_particleʳモ⌉⌈ˢ発車ᵖn:common_noun:suru-possibleʳハッシャ⌉⌈ˢしᵖv:non_self_reliant:sa-irregular:conjunctiveᵇするᵈするʳシ⌉⌈ˢかけᵖv:non_self_reliant:e-ichidan-ka:conjunctiveᵇかけるᵈかけるʳカケ⌉⌈ˢてᵖprt:conjunctive_particleʳテ⌉⌈ˢいᵖv:non_self_reliant:i-ichidan-a:conjunctiveᵇいるᵈいるʳイ⌉⌈ˢたᵖauxv:auxv-ta:terminalʳタ⌉⌈ˢ。ᵖauxs:period⌉
私たちには本当に時間がありません。	neutral	formal	⌈ˢ私たちᵖpronʳワタシタチ⌉⌈ˢにᵖprt:case_particleʳニ⌉⌈ˢはᵖprt:binding_particleʳハ⌉⌈ˢ本当ᵖn:common_nounʳホントウ⌉⌈ˢにᵖprt:case_particleʳニ⌉⌈ˢ時間ᵖn:common_noun:counter-possibleʳジカン⌉⌈ˢがᵖprt:case_particleʳガ⌉⌈ˢありᵖv:non_self_reliant:godan-ra:conjunctiveᵇあるᵈあるʳアリ⌉⌈ˢませᵖauxv:auxv-masu:imperfectiveᵇますᵈますʳマセ⌉⌈ˢんᵖauxv:auxv-nu:terminal-nasalᵇぬᵈぬʳン⌉⌈ˢ。ᵖauxs:period⌉
私たちはまさかの時に備えて貯金しなければならないぞわ。	neutral	casual	⌈ˢ私たちᵖpronʳワタシタチ⌉⌈ˢはᵖprt:binding_particleʳハ⌉⌈ˢまさかᵖadvʳマサカ⌉⌈ˢのᵖprt:case_particleʳノ⌉⌈ˢ時ᵖn:common_noun:adverb-possibleʳトキ⌉⌈ˢにᵖprt:case_particleʳニ⌉⌈ˢ備えᵖv:general:e-ichidan-a:conjunctiveᵇ備えるᵈ備えるʳソナエ⌉⌈ˢてᵖprt:conjunctive_particleʳテ⌉⌈ˢ貯金ᵖn:common_noun:suru-possibleʳチョキン⌉⌈ˢしᵖv:non_self_reliant:sa-irregular:imperfectiveᵇするᵈするʳシ⌉⌈ˢなけれᵖauxv:auxv-nai:conditionalᵇないᵈないʳナケレ⌉⌈ˢばᵖprt:conjunctive_particleʳバ⌉⌈ˢならᵖv:non_self_reliant:godan-ra:imperfectiveᵇなるᵈなるʳナラ⌉⌈ˢないᵖauxv:auxv-nai:terminalʳナイ⌉⌈ˢぞᵖprt:sentence_final_particleʳゾ⌉⌈ˢわᵖprt:sentence_final_particleʳワ⌉⌈ˢ。ᵖauxs:period⌉
私たちはヘビに噛まれたことによる毒の可能性を疑っていますぜ。	neutral	unpragmatic_formality	⌈ˢ私たちᵖpronʳワタシタチ⌉⌈ˢはᵖprt:binding_particleʳハ⌉⌈ˢヘビᵖn:common_noun⌉⌈ˢにᵖprt:case_particleʳニ⌉⌈ˢ噛まᵖv:general:godan-ma:imperfectiveᵇ噛むᵈ噛むʳカマ⌉⌈ˢれᵖauxv:auxv-reru:conjunctiveᵇれるᵈれるʳレ⌉⌈ˢたᵖauxv:auxv-ta:attributiveʳタ⌉⌈ˢことᵖn:common_nounʳコト⌉⌈ˢにᵖprt:case_particleʳニ⌉⌈ˢよるᵖv:general:godan-ra:attributiveʳヨル⌉⌈ˢ毒ᵖn:common_nounʳドク⌉⌈ˢのᵖprt:case_particleʳノ⌉⌈ˢ可能性ᵖn:common_nounʳカノウセイ⌉⌈ˢをᵖprt:case_particleʳヲ⌉⌈ˢ疑っᵖv:general:godan-waa:conjunctive-geminateᵇ疑うᵈ疑うʳウタガッ⌉⌈ˢてᵖprt:conjunctive_particleʳテ⌉⌈ˢいᵖv:non_self_reliant:i-ichidan-a:conjunctiveᵇいるᵈいるʳイ⌉⌈ˢますᵖauxv:auxv-masu:terminalʳマス⌉⌈ˢぜᵖprt:sentence_final_particleʳゼ⌉⌈ˢ。ᵖauxs:period⌉
私たちは全く新しい方法を試していますぞ。	neutral	unpragmatic_formality	⌈ˢ私たちᵖpronʳワタシタチ⌉⌈ˢはᵖprt:binding_particleʳハ⌉⌈ˢ全くᵖadvʳマッタク⌉⌈ˢ新しいᵖadj:general:adjective:attributiveʳアタラシイ⌉⌈ˢ方法ᵖn:common_nounʳホウホウ⌉⌈ˢをᵖprt:case_particleʳヲ⌉⌈ˢ試しᵖv:general:godan-sa:conjunctiveᵇ試すᵈ試すʳタメシ⌉⌈ˢてᵖprt:conjunctive_particleʳテ⌉⌈ˢいᵖv:non_self_reliant:i-ichidan-a:conjunctiveᵇいるᵈいるʳイ⌉⌈ˢますᵖauxv:auxv-masu:terminalʳマス⌉⌈ˢぞᵖprt:sentence_final_particleʳゾ⌉⌈ˢ。ᵖauxs:period⌉
私たちは状況の重大さをを十分に認識しています。	neutral	formal	⌈ˢ私たちᵖpronʳワタシタチ⌉⌈ˢはᵖprt:binding_particleʳハ⌉⌈ˢ状況ᵖn:common_nounʳジョウキョウ⌉⌈ˢのᵖprt:case_particleʳノ⌉⌈ˢ重大ᵖshp:generalʳジュウダイ⌉⌈ˢさᵖsuff:noun_likeʳサ⌉⌈ˢをᵖprt:case_particleʳヲ⌉⌈ˢをᵖprt:case_particleʳヲ⌉⌈ˢ十分ᵖshp:generalʳジュウブン⌉⌈ˢにᵖauxv:auxv-da:conjunctive-niᵇだᵈだʳニ⌉⌈ˢ認識ᵖn:common_noun:suru-possibleʳニンシキ⌉⌈ˢしᵖv:non_self_reliant:sa-irregular:conjunctiveᵇするᵈするʳシ⌉⌈ˢてᵖprt:conjunctive_particleʳテ⌉⌈ˢいᵖv:non_self_reliant:i-ichidan-a:conjunctiveᵇいるᵈいるʳイ⌉⌈ˢますᵖauxv:auxv-masu:terminalʳマス⌉⌈ˢ。ᵖauxs:period⌉
私といっしょに座りをなさい。	neutral	formal	⌈ˢ私ᵖpronʳワタクシ⌉⌈ˢとᵖprt:case_particleʳト⌉⌈ˢいっしょᵖn:common_noun:suru-possibleʳイッショ⌉⌈ˢにᵖprt:case_particleʳニ⌉⌈ˢ座りᵖn:common_nounʳスワリ⌉⌈ˢをᵖprt:case_particleʳヲ⌉⌈ˢなさいᵖv:non_self_reliant:godan-ra:imperativeᵇなさるᵈなさるʳナサイ⌉⌈ˢ。ᵖauxs:period⌉
私にその秘密を教えてくれますないか。	neutral	formal	⌈ˢ私ᵖpronʳワタクシ⌉⌈ˢにᵖprt:case_particleʳニ⌉⌈ˢそのᵖatʳソノ⌉⌈ˢ秘密ᵖn:common_noun:pos2-unk1ʳヒミツ⌉⌈ˢをᵖprt:case_particleʳヲ⌉⌈ˢ教えᵖv:general:e-ichidan-a:conjunctiveᵇ教えるᵈ教えるʳオシエ⌉⌈ˢてᵖprt:conjunctive_particleʳテ⌉⌈ˢくれᵖv:non_self_reliant:e-ichidan-ra:conjunctiveᵇくれるᵈくれるʳクレ⌉⌈ˢますᵖauxv:auxv-masu:terminalʳマス⌉⌈ˢないᵖauxv:auxv-nai:terminalʳナイ⌉⌈ˢかᵖprt:sentence_final_particleʳカ⌉⌈ˢ。ᵖauxs:period⌉
私にとっては少しおかしいですぜ。	casual	unpragmatic_formality	⌈ˢ私ᵖpronʳワタクシ⌉⌈ˢにᵖprt:case_particleʳニ⌉⌈ˢとっᵖv:general:godan-ra:conjunctive-geminateᵇとるᵈとるʳトッ⌉⌈ˢてᵖprt:conjunctive_particleʳテ⌉⌈ˢはᵖprt:binding_particleʳハ⌉⌈ˢ少しᵖadvʳスコシ⌉⌈ˢおかしいᵖadj:general:adjective:terminalʳオカシイ⌉⌈ˢですᵖauxv:auxv-desu:terminalʳデス⌉⌈ˢぜᵖprt:sentence_final_particleʳゼ⌉⌈ˢ。ᵖauxs:period⌉
私にはみんなに信用されている友達がいるだ。	neutral	casual	⌈ˢ私ᵖpronʳワタクシ⌉⌈ˢにᵖprt:case_particleʳニ⌉⌈ˢはᵖprt:binding_particleʳハ⌉⌈ˢみんなᵖn:common_noun:adverb-possibleʳミンナ⌉⌈ˢにᵖprt:case_particleʳニ⌉⌈ˢ信用ᵖn:common_noun:suru-possibleʳシンヨウ⌉⌈ˢさᵖv:non_self_reliant:sa-irregular:imperfective-saᵇするᵈするʳサ⌉⌈ˢれᵖauxv:auxv-reru:conjunctiveᵇれるᵈれるʳレ⌉⌈ˢてᵖprt:conjunctive_particleʳテ⌉⌈ˢいるᵖv:non_self_reliant:i-ichidan-a:attributiveʳイル⌉⌈ˢ友達ᵖn:common_nounʳトモダチ⌉⌈ˢがᵖprt:case_particleʳガ⌉⌈ˢいるᵖv:non_self_reliant:i-ichidan-a:terminalʳイル⌉⌈ˢだᵖauxv:auxv-da:terminalʳダ⌉⌈ˢ。ᵖauxs:period⌉
私に任せをなさい。	neutral	formal	⌈ˢ私ᵖpronʳワタクシ⌉⌈ˢにᵖprt:case_particleʳニ⌉⌈ˢ任せᵖn:common_nounʳマカセ⌉⌈ˢをᵖprt:case_particleʳヲ⌉⌈ˢなさいᵖv:non_self_reliant:godan-ra:imperativeᵇなさるᵈなさるʳナサイ⌉⌈ˢ。ᵖauxs:period⌉
私の失敗があなたの将来の計画に悪影響を及ぼしませんように。	neutral	formal	⌈ˢ私ᵖpronʳワタクシ⌉⌈ˢのᵖprt:case_particleʳノ⌉⌈ˢ失敗ᵖn:common_noun:suru-possibleʳシッパイ⌉⌈ˢがᵖprt:case_particleʳガ⌉⌈ˢあなたᵖpronʳアナタ⌉⌈ˢのᵖprt:case_particleʳノ⌉⌈ˢ将来ᵖn:common_noun:adverb-possibleʳショウライ⌉⌈ˢのᵖprt:case_particleʳノ⌉⌈ˢ計画ᵖn:common_noun:suru-possibleʳケイカク⌉⌈ˢにᵖprt:case_particleʳニ⌉⌈ˢ悪影響ᵖn:common_nounʳアクエイキョウ⌉⌈ˢをᵖprt:case_particleʳヲ⌉⌈ˢ及ぼしᵖv:general:godan-sa:conjunctiveᵇ及ぼすᵈ及ぼすʳオヨボシ⌉⌈ˢませᵖauxv:auxv-masu:imperfectiveᵇますᵈますʳマセ⌉⌈ˢんᵖauxv:auxv-nu:terminal-nasalᵇぬᵈぬʳン⌉⌈ˢようᵖshp:auxiliary_verb_stemʳヨウ⌉⌈ˢにᵖauxv:auxv-da:conjunctive-niᵇだᵈだʳニ⌉⌈ˢ。ᵖauxs:period⌉
私の好きな魚は鮭です。	neutral	formal	⌈ˢ私ᵖpronʳワタクシ⌉⌈ˢのᵖprt:case_particleʳノ⌉⌈ˢ好きᵖshp:generalʳスキ⌉⌈ˢなᵖauxv:auxv-da:attributiveᵇだᵈだʳナ⌉⌈ˢ魚ᵖn:common_nounʳサカナ⌉⌈ˢはᵖprt:binding_particleʳハ⌉⌈ˢ鮭ᵖn:common_nounʳサケ⌉⌈ˢですᵖauxv:auxv-desu:terminalʳデス⌉⌈ˢ。ᵖauxs:period⌉
私の娘は大学で獣医学を学び、将来は獣医師になるつもりですぞ。	neutral	unpragmatic_formality	⌈ˢ私ᵖpronʳワタクシ⌉⌈ˢのᵖprt:case_particleʳノ⌉⌈ˢ娘ᵖn:common_nounʳムスメ⌉⌈ˢはᵖprt:binding_particleʳハ⌉⌈ˢ大学ᵖn:common_nounʳダイガク⌉⌈ˢでᵖprt:case_particleʳデ⌉⌈ˢ獣医学ᵖn:common_nounʳジュウイガク⌉⌈ˢをᵖprt:case_particleʳヲ⌉⌈ˢ学びᵖv:general:godan-ba:conjunctiveᵇ学ぶᵈ学ぶʳマナビ⌉⌈ˢ、ᵖauxs:comma⌉⌈ˢ将来ᵖn:common_noun:adverb-possibleʳショウライ⌉⌈ˢはᵖprt:binding_particleʳハ⌉⌈ˢ獣医師ᵖn:common_nounʳジュウイシ⌉⌈ˢにᵖprt:case_particleʳニ⌉⌈ˢなるᵖv:non_self_reliant:godan-ra:attributiveʳナル⌉⌈ˢつもりᵖn:common_nounʳツモリ⌉⌈ˢですᵖauxv:auxv-desu:terminalʳデス⌉⌈ˢぞᵖprt:sentence_final_particleʳゾ⌉⌈ˢ。ᵖauxs:period⌉
私の娘は３年経ったら身長がどれくらいになると思いますのだか。	neutral	formal	⌈ˢ私ᵖpronʳワタクシ⌉⌈ˢのᵖprt:case_particleʳノ⌉⌈ˢ娘ᵖn:common_nounʳムスメ⌉⌈ˢはᵖprt:binding_particleʳハ⌉⌈ˢ３ᵖn:numeralᵇ3ᵈ3ʳサン⌉⌈ˢ年ᵖn:common_noun:counter-possibleʳネン⌉⌈ˢ経っᵖv:general:godan-ta:conjunctive-geminateᵇ経つᵈ経つʳタッ⌉⌈ˢたらᵖauxv:auxv-ta:conditionalᵇたᵈたʳタラ⌉⌈ˢ身長ᵖn:common_nounʳシンチョウ⌉⌈ˢがᵖprt:case_particleʳガ⌉⌈ˢどれᵖpronʳドレ⌉⌈ˢくらいᵖprt:adverbial_particleʳクライ⌉⌈ˢにᵖprt:case_particleʳニ⌉⌈ˢなるᵖv:non_self_reliant:godan-ra:terminalʳナル⌉⌈ˢとᵖprt:case_particleʳト⌉⌈ˢ思いᵖv:general:godan-waa:conjunctiveᵇ思うᵈ思うʳオモイ⌉⌈ˢますᵖauxv:auxv-masu:attributiveʳマス⌉⌈ˢのᵖprt:pre_noun_particleʳノ⌉⌈ˢだᵖauxv:auxv-da:terminalʳダ⌉⌈ˢかᵖprt:sentence_final_particleʳカ⌉⌈ˢ。ᵖauxs:period⌉
私の方から2点質問がございまする。	neutral	formal	⌈ˢ私ᵖpronʳワタクシ⌉⌈ˢのᵖprt:case_particleʳノ⌉⌈ˢ方ᵖn:common_nounʳホウ⌉⌈ˢからᵖprt:case_particleʳカラ⌉⌈ˢ2ᵖn:numeralʳニ⌉⌈ˢ点ᵖn:common_noun:counter-possibleʳテン⌉⌈ˢ質問ᵖn:common_noun:suru-possibleʳシツモン⌉⌈ˢがᵖprt:case_particleʳガ⌉⌈ˢございᵖv:non_self_reliant:godan-ra:conjunctive-i-soundᵇござるᵈござるʳゴザイ⌉⌈ˢまするᵖauxv:auxv-masu:terminalʳマスル⌉⌈ˢ。ᵖauxs:period⌉
私の楽しみの１個はテレビを見ることです。	neutral	formal	⌈ˢ私ᵖpronʳワタクシ⌉⌈ˢのᵖprt:case_particleʳノ⌉⌈ˢ楽しみᵖn:common_nounʳタノシミ⌉⌈ˢのᵖprt:case_particleʳノ⌉⌈ˢ１ᵖn:numeralᵇ1ᵈ1ʳイチ⌉⌈ˢ個ᵖsuff:noun_like:counterʳコ⌉⌈ˢはᵖprt:binding_particleʳハ⌉⌈ˢテレビᵖn:common_noun⌉⌈ˢをᵖprt:case_particleʳヲ⌉⌈ˢ見るᵖv:non_self_reliant:i-ichidan-ma:attributiveʳミル⌉⌈ˢことᵖn:common_nounʳコト⌉⌈ˢですᵖauxv:auxv-desu:terminalʳデス⌉⌈ˢ。ᵖauxs:period⌉
私は、まったく君と同意見です。	neutral	formal	⌈ˢ私ᵖpronʳワタクシ⌉⌈ˢはᵖprt:binding_particleʳハ⌉⌈ˢ、ᵖauxs:comma⌉⌈ˢまったくᵖadvʳマッタク⌉⌈ˢ君ᵖpronʳキミ⌉⌈ˢとᵖprt:case_particleʳト⌉⌈ˢ同ᵖn:common_nounʳドウ⌉⌈ˢ意見ᵖn:common_noun:suru-possibleʳイケン⌉⌈ˢですᵖauxv:auxv-desu:terminalʳデス⌉⌈ˢ。ᵖauxs:period⌉
私はあなたにまじめなことについて話すのは難しいと思うます。	neutral	formal	⌈ˢ私ᵖpronʳワタクシ⌉⌈ˢはᵖprt:binding_particleʳハ⌉⌈ˢあなたᵖpronʳアナタ⌉⌈ˢにᵖprt:case_particleʳニ⌉⌈ˢまじめᵖshp:generalʳマジメ⌉⌈ˢなᵖauxv:auxv-da:attributiveᵇだᵈだʳナ⌉⌈ˢことᵖn:common_nounʳコト⌉⌈ˢにᵖprt:case_particleʳニ⌉⌈ˢついᵖv:general:godan-ka:conjunctive-i-soundᵇつくᵈつくʳツイ⌉⌈ˢてᵖprt:conjunctive_particleʳテ⌉⌈ˢ話すᵖv:general:godan-sa:attributiveʳハナス⌉⌈ˢのᵖprt:pre_noun_particleʳノ⌉⌈ˢはᵖprt:binding_particleʳハ⌉⌈ˢ難しいᵖadj:general:adjective:terminalʳムズカシイ⌉⌈ˢとᵖprt:case_particleʳト⌉⌈ˢ思うᵖv:general:godan-waa:terminalʳオモウ⌉⌈ˢますᵖauxv:auxv-masu:terminalʳマス⌉⌈ˢ。ᵖauxs:period⌉
私はあなたのお兄さんより年上ですのだ。	neutral	formal	⌈ˢ私ᵖpronʳワタクシ⌉⌈ˢはᵖprt:binding_particleʳハ⌉⌈ˢあなたᵖpronʳアナタ⌉⌈ˢのᵖprt:case_particleʳノ⌉⌈ˢお兄さんᵖn:common_nounʳオニイサン⌉⌈ˢよりᵖprt:case_particleʳヨリ⌉⌈ˢ年上ᵖn:common_nounʳトシウエ⌉⌈ˢですᵖauxv:auxv-desu:attributiveʳデス⌉⌈ˢのᵖprt:pre_noun_particleʳノ⌉⌈ˢだᵖauxv:auxv-da:terminalʳダ⌉⌈ˢ。ᵖauxs:period⌉
私はあなたのネクタイが気に入っているです。	neutral	formal	⌈ˢ私ᵖpronʳワタクシ⌉⌈ˢはᵖprt:binding_particleʳハ⌉⌈ˢあなたᵖpronʳアナタ⌉⌈ˢのᵖprt:case_particleʳノ⌉⌈ˢネクタイᵖn:common_noun⌉⌈ˢがᵖprt:case_particleʳガ⌉⌈ˢ気ᵖn:common_nounʳキ⌉⌈ˢにᵖprt:case_particleʳニ⌉⌈ˢ入っᵖv:general:godan-ra:conjunctive-geminateᵇ入るᵈ入るʳハイッ⌉⌈ˢてᵖprt:conjunctive_particleʳテ⌉⌈ˢいるᵖv:non_self_reliant:i-ichidan-a:terminalʳイル⌉⌈ˢですᵖauxv:auxv-desu:terminalʳデス⌉⌈ˢ。ᵖauxs:period⌉
私はあなたの計画に反対はありますない。	neutral	formal	⌈ˢ私ᵖpronʳワタクシ⌉⌈ˢはᵖprt:binding_particleʳハ⌉⌈ˢあなたᵖpronʳアナタ⌉⌈ˢのᵖprt:case_particleʳノ⌉⌈ˢ計画ᵖn:common_noun:suru-possibleʳケイカク⌉⌈ˢにᵖprt:case_particleʳニ⌉⌈ˢ反対ᵖn:common_noun:pos2-unk2ʳハンタイ⌉⌈ˢはᵖprt:binding_particleʳハ⌉⌈ˢありᵖv:non_self_reliant:godan-ra:conjunctiveᵇあるᵈあるʳアリ⌉⌈ˢますᵖauxv:auxv-masu:terminalʳマス⌉⌈ˢないᵖauxv:auxv-nai:terminalʳナイ⌉⌈ˢ。ᵖauxs:period⌉
私はその家を出ました。	neutral	formal	⌈ˢ私ᵖpronʳワタクシ⌉⌈ˢはᵖprt:binding_particleʳハ⌉⌈ˢそのᵖatʳソノ⌉⌈ˢ家ᵖn:common_nounʳイエ⌉⌈ˢをᵖprt:case_particleʳヲ⌉⌈ˢ出ᵖv:general:e-ichidan-da:conjunctiveᵇ出るᵈ出るʳデ⌉⌈ˢましᵖauxv:auxv-masu:conjunctiveᵇますᵈますʳマシ⌉⌈ˢたᵖauxv:auxv-ta:terminalʳタ⌉⌈ˢ。ᵖauxs:period⌉
私はその求人広告に応募したいと思いますぞわ。	casual	unpragmatic_formality	⌈ˢ私ᵖpronʳワタクシ⌉⌈ˢはᵖprt:binding_particleʳハ⌉⌈ˢそのᵖatʳソノ⌉⌈ˢ求人広告ᵖn:common_nounʳキュウジンコウコク⌉⌈ˢにᵖprt:case_particleʳニ⌉⌈ˢ応募ᵖn:common_noun:suru-possibleʳオウボ⌉⌈ˢしᵖv:non_self_reliant:sa-irregular:conjunctiveᵇするᵈするʳシ⌉⌈ˢたいᵖauxv:auxv-tai:terminalʳタイ⌉⌈ˢとᵖprt:case_particleʳト⌉⌈ˢ思いᵖv:general:godan-waa:conjunctiveᵇ思うᵈ思うʳオモイ⌉⌈ˢますᵖauxv:auxv-masu:terminalʳマス⌉⌈ˢぞᵖprt:sentence_final_particleʳゾ⌉⌈ˢわᵖprt:sentence_final_particleʳワ⌉⌈ˢ。ᵖauxs:period⌉
私はその猿を撃たないように警官に説き伏せたです。	neutral	formal	⌈ˢ私ᵖpronʳワタクシ⌉⌈ˢはᵖprt:binding_particleʳハ⌉⌈ˢそのᵖatʳソノ⌉⌈ˢ猿ᵖn:common_nounʳサル⌉⌈ˢをᵖprt:case_particleʳヲ⌉⌈ˢ撃たᵖv:general:godan-ta:imperfectiveᵇ撃つᵈ撃つʳウタ⌉⌈ˢないᵖauxv:auxv-nai:attributiveʳナイ⌉⌈ˢようᵖshp:auxiliary_verb_stemʳヨウ⌉⌈ˢにᵖauxv:auxv-da:conjunctive-niᵇだᵈだʳニ⌉⌈ˢ警官ᵖn:common_nounʳケイカン⌉⌈ˢにᵖprt:case_particleʳニ⌉⌈ˢ説き伏せᵖv:general:e-ichidan-sa:conjunctiveᵇ説き伏せるᵈ説き伏せるʳトキフセ⌉⌈ˢたᵖauxv:auxv-ta:terminalʳタ⌉⌈ˢですᵖauxv:auxv-desu:terminalʳデス⌉⌈ˢ。ᵖauxs:period⌉
私はそれを警察に報告すべきだったのだが、しなかったです。	neutral	formal	⌈ˢ私ᵖpronʳワタクシ⌉⌈ˢはᵖprt:binding_particleʳハ⌉⌈ˢそれᵖpronʳソレ⌉⌈ˢをᵖprt:case_particleʳヲ⌉⌈ˢ警察ᵖn:common_nounʳケイサツ⌉⌈ˢにᵖprt:case_particleʳニ⌉⌈ˢ報告ᵖn:common_noun:suru-possibleʳホウコク⌉⌈ˢすᵖv:non_self_reliant:classical-sa-irregular:terminalʳス⌉⌈ˢべきᵖauxv:auxv-beshi:attributiveᵇべしᵈべしʳベキ⌉⌈ˢだっᵖauxv:auxv-da:conjunctive-geminateᵇだᵈだʳダッ⌉⌈ˢたᵖauxv:auxv-ta:attributiveʳタ⌉⌈ˢのᵖprt:pre_noun_particleʳノ⌉⌈ˢだᵖauxv:auxv-da:terminalʳダ⌉⌈ˢがᵖprt:conjunctive_particleʳガ⌉⌈ˢ、ᵖauxs:comma⌉⌈ˢしᵖv:non_self_reliant:sa-irregular:imperfectiveᵇするᵈするʳシ⌉⌈ˢなかっᵖauxv:auxv-nai:conjunctive-geminateᵇないᵈないʳナカッ⌉⌈ˢたᵖauxv:auxv-ta:terminalʳタ⌉⌈ˢですᵖauxv:auxv-desu:terminalʳデス⌉⌈ˢ。ᵖauxs:period⌉
私はたくさんの甘いものを食べているので太ってきているます。	neutral	formal	⌈ˢ私ᵖpronʳワタクシ⌉⌈ˢはᵖprt:binding_particleʳハ⌉⌈ˢたくさんᵖshp:generalʳタクサン⌉⌈ˢのᵖprt:case_particleʳノ⌉⌈ˢ甘いᵖadj:general:adjective:attributiveʳアマイ⌉⌈ˢものᵖn:common_noun:suru-possibleʳモノ⌉⌈ˢをᵖprt:case_particleʳヲ⌉⌈ˢ食べᵖv:general:e-ichidan-ba:conjunctiveᵇ食べるᵈ食べるʳタベ⌉⌈ˢてᵖprt:conjunctive_particleʳテ⌉⌈ˢいるᵖv:non_self_reliant:i-ichidan-a:attributiveʳイル⌉⌈ˢのᵖprt:pre_noun_particleʳノ⌉⌈ˢでᵖauxv:auxv-da:conjunctiveᵇだᵈだʳデ⌉⌈ˢ太っᵖv:general:godan-ra:conjunctive-geminateᵇ太るᵈ太るʳフトッ⌉⌈ˢてᵖprt:conjunctive_particleʳテ⌉⌈ˢきᵖv:non_self_reliant:ka-irregular:conjunctiveᵇくるᵈくるʳキ⌉⌈ˢてᵖprt:conjunctive_particleʳテ⌉⌈ˢいるᵖv:non_self_reliant:i-ichidan-a:terminalʳイル⌉⌈ˢますᵖauxv:auxv-masu:terminalʳマス⌉⌈ˢ。ᵖauxs:period⌉
私はとても背が低いだ。	neutral	casual	⌈ˢ私ᵖpronʳワタクシ⌉⌈ˢはᵖprt:binding_particleʳハ⌉⌈ˢとてもᵖadvʳトテモ⌉⌈ˢ背ᵖn:common_nounʳセ⌉⌈ˢがᵖprt:case_particleʳガ⌉⌈ˢ低いᵖadj:general:adjective:terminalʳヒクイ⌉⌈ˢだᵖauxv:auxv-da:terminalʳダ⌉⌈ˢ。ᵖauxs:period⌉
私はアメリカの料理がが大好きです。	neutral	formal	⌈ˢ私ᵖpronʳワタクシ⌉⌈ˢはᵖprt:binding_particleʳハ⌉⌈ˢアメリカᵖn:proper_noun:place-name⌉⌈ˢのᵖprt:case_particleʳノ⌉⌈ˢ料理ᵖn:common_noun:suru-possibleʳリョウリ⌉⌈ˢがᵖprt:case_particleʳガ⌉⌈ˢがᵖprt:case_particleʳガ⌉⌈ˢ大好きᵖshp:generalʳダイスキ⌉⌈ˢですᵖauxv:auxv-desu:terminalʳデス⌉⌈ˢ。ᵖauxs:period⌉
私はサッカーをすることが出来ますぞわ。	casual	unpragmatic_formality	⌈ˢ私ᵖpronʳワタクシ⌉⌈ˢはᵖprt:binding_particleʳハ⌉⌈ˢサッカーᵖn:common_noun⌉⌈ˢをᵖprt:case_particleʳヲ⌉⌈ˢするᵖv:non_self_reliant:sa-irregular:attributiveʳスル⌉⌈ˢことᵖn:common_nounʳコト⌉⌈ˢがᵖprt:case_particleʳガ⌉⌈ˢ出来ᵖv:non_self_reliant:i-ichidan-ka:conjunctiveᵇ出来るᵈ出来るʳデキ⌉⌈ˢますᵖauxv:auxv-masu:terminalʳマス⌉⌈ˢぞᵖprt:sentence_final_particleʳゾ⌉⌈ˢわᵖprt:sentence_final_particleʳワ⌉⌈ˢ。ᵖauxs:period⌉
私はスーパーマーケットへ行ってきたどこです。	neutral	formal	⌈ˢ私ᵖpronʳワタクシ⌉⌈ˢはᵖprt:binding_particleʳハ⌉⌈ˢスーパーマーケットᵖn:common_noun⌉⌈ˢへᵖprt:case_particleʳヘ⌉⌈ˢ行っᵖv:non_self_reliant:godan-ka:conjunctive-geminateᵇ行くᵈ行くʳイッ⌉⌈ˢてᵖprt:conjunctive_particleʳテ⌉⌈ˢきᵖv:non_self_reliant:ka-irregular:conjunctiveᵇくるᵈくるʳキ⌉⌈ˢたᵖauxv:auxv-ta:attributiveʳタ⌉⌈ˢどこᵖpronʳドコ⌉⌈ˢですᵖauxv:auxv-desu:terminalʳデス⌉⌈ˢ。ᵖauxs:period⌉
私はニューヨークのホテルに滞在していますぞ。	neutral	unpragmatic_formality	⌈ˢ私ᵖpronʳワタクシ⌉⌈ˢはᵖprt:binding_particleʳハ⌉⌈ˢニューヨークᵖn:proper_noun:place-name⌉⌈ˢのᵖprt:case_particleʳノ⌉⌈ˢホテルᵖn:common_noun⌉⌈ˢにᵖprt:case_particleʳニ⌉⌈ˢ滞在ᵖn:common_noun:suru-possibleʳタイザイ⌉⌈ˢしᵖv:non_self_reliant:sa-irregular:conjunctiveᵇするᵈするʳシ⌉⌈ˢてᵖprt:conjunctive_particleʳテ⌉⌈ˢいᵖv:non_self_reliant:i-ichidan-a:conjunctiveᵇいるᵈいるʳイ⌉⌈ˢますᵖauxv:auxv-masu:terminalʳマス⌉⌈ˢぞᵖprt:sentence_final_particleʳゾ⌉⌈ˢ。ᵖauxs:period⌉
私は中国がが大好きです。	neutral	formal	⌈ˢ私ᵖpronʳワタクシ⌉⌈ˢはᵖprt:binding_particleʳハ⌉⌈ˢ中国ᵖn:proper_noun:place-nameʳチュウゴク⌉⌈ˢがᵖprt:case_particleʳガ⌉⌈ˢがᵖprt:case_particleʳガ⌉⌈ˢ大好きᵖshp:generalʳダイスキ⌉⌈ˢですᵖauxv:auxv-desu:terminalʳデス⌉⌈ˢ。ᵖauxs:period⌉
私は去年高校を卒業しましたぞ。	neutral	unpragmatic_formality	⌈ˢ私ᵖpronʳワタクシ⌉⌈ˢはᵖprt:binding_particleʳハ⌉⌈ˢ去年ᵖn:common_noun:adverb-possibleʳキョネン⌉⌈ˢ高校ᵖn:common_nounʳコウコウ⌉⌈ˢをᵖprt:case_particleʳヲ⌉⌈ˢ卒業ᵖn:common_noun:suru-possibleʳソツギョウ⌉⌈ˢしᵖv:non_self_reliant:sa-irregular:conjunctiveᵇするᵈするʳシ⌉⌈ˢましᵖauxv:auxv-masu:conjunctiveᵇますᵈますʳマシ⌉⌈ˢたᵖauxv:auxv-ta:terminalʳタ⌉⌈ˢぞᵖprt:sentence_final_particleʳゾ⌉⌈ˢ。ᵖauxs:period⌉
私は姉が入学試験に受かることを望んでいるだ。	neutral	casual	⌈ˢ私ᵖpronʳワタクシ⌉⌈ˢはᵖprt:binding_particleʳハ⌉⌈ˢ姉ᵖn:common_nounʳアネ⌉⌈ˢがᵖprt:case_particleʳガ⌉⌈ˢ入学試験ᵖn:common_nounʳニュウガクシケン⌉⌈ˢにᵖprt:case_particleʳニ⌉⌈ˢ受かるᵖv:general:godan-ra:attributiveʳウカル⌉⌈ˢことᵖn:common_nounʳコト⌉⌈ˢをᵖprt:case_particleʳヲ⌉⌈ˢ望んᵖv:general:godan-ma:conjunctive-nasalᵇ望むᵈ望むʳノゾン⌉⌈ˢでᵖprt:conjunctive_particleʳデ⌉⌈ˢいるᵖv:non_self_reliant:i-ichidan-a:terminalʳイル⌉⌈ˢだᵖauxv:auxv-da:terminalʳダ⌉⌈ˢ。ᵖauxs:period⌉
私は姉と協力して部屋を掃除したです。	neutral	formal	⌈ˢ私ᵖpronʳワタクシ⌉⌈ˢはᵖprt:binding_particleʳハ⌉⌈ˢ姉ᵖn:common_nounʳアネ⌉⌈ˢとᵖprt:case_particleʳト⌉⌈ˢ協力ᵖn:common_noun:suru-possibleʳキョウリョク⌉⌈ˢしᵖv:non_self_reliant:sa-irregular:conjunctiveᵇするᵈするʳシ⌉⌈ˢてᵖprt:conjunctive_particleʳテ⌉⌈ˢ部屋ᵖn:common_nounʳヘヤ⌉⌈ˢをᵖprt:case_particleʳヲ⌉⌈ˢ掃除ᵖn:common_noun:suru-possibleʳソウジ⌉⌈ˢしᵖv:non_self_reliant:sa-irregular:conjunctiveᵇするᵈするʳシ⌉⌈ˢたᵖauxv:auxv-ta:terminalʳタ⌉⌈ˢですᵖauxv:auxv-desu:terminalʳデス⌉⌈ˢ。ᵖauxs:period⌉
私は子供ではないのに、あなたったらときどきまるで私が子供であるますかのような口のきき方をするのね。	casual	formal	⌈ˢ私ᵖpronʳワタクシ⌉⌈ˢはᵖprt:binding_particleʳハ⌉⌈ˢ子供ᵖn:common_nounʳコドモ⌉⌈ˢでᵖprt:case_particleʳデ⌉⌈ˢはᵖprt:binding_particleʳハ⌉⌈ˢないᵖadj:non_self_reliant:adjective:attributiveʳナイ⌉⌈ˢのᵖprt:pre_noun_particleʳノ⌉⌈ˢにᵖprt:case_particleʳニ⌉⌈ˢ、ᵖauxs:comma⌉⌈ˢあなたᵖpronʳアナタ⌉⌈ˢったらᵖprt:adverbial_particleʳッタラ⌉⌈ˢときどきᵖn:common_noun:adverb-possibleʳトキドキ⌉⌈ˢまるでᵖadvʳマルデ⌉⌈ˢ私ᵖpronʳワタクシ⌉⌈ˢがᵖprt:case_particleʳガ⌉⌈ˢ子供ᵖn:common_nounʳコドモ⌉⌈ˢでᵖauxv:auxv-da:conjunctiveᵇだᵈだʳデ⌉⌈ˢあるᵖv:non_self_reliant:godan-ra:terminalʳアル⌉⌈ˢますᵖauxv:auxv-masu:terminalʳマス⌉⌈ˢかᵖprt:sentence_final_particleʳカ⌉⌈ˢのᵖprt:case_particleʳノ⌉⌈ˢようᵖshp:auxiliary_verb_stemʳヨウ⌉⌈ˢなᵖauxv:auxv-da:attributiveᵇだᵈだʳナ⌉⌈ˢ口ᵖn:common_nounʳクチ⌉⌈ˢのᵖprt:case_particleʳノ⌉⌈ˢききᵖv:general:godan-ka:conjunctiveᵇきくᵈきくʳキキ⌉⌈ˢ方ᵖsuff:noun_likeʳカタ⌉⌈ˢをᵖprt:case_particleʳヲ⌉⌈ˢするᵖv:non_self_reliant:sa-irregular:attributiveʳスル⌉⌈ˢのᵖprt:pre_noun_particleʳノ⌉⌈ˢねᵖprt:sentence_final_particleʳネ⌉⌈ˢ。ᵖauxs:period⌉
私は弟が生まれた日を覚えているだ。	neutral	casual	⌈ˢ私ᵖpronʳワタクシ⌉⌈ˢはᵖprt:binding_particleʳハ⌉⌈ˢ弟ᵖn:common_nounʳオトウト⌉⌈ˢがᵖprt:case_particleʳガ⌉⌈ˢ生まれᵖv:general:e-ichidan-ra:conjunctiveᵇ生まれるᵈ生まれるʳウマレ⌉⌈ˢたᵖauxv:auxv-ta:attributiveʳタ⌉⌈ˢ日ᵖn:common_noun:adverb-possibleʳヒ⌉⌈ˢをᵖprt:case_particleʳヲ⌉⌈ˢ覚えᵖv:general:e-ichidan-a:conjunctiveᵇ覚えるᵈ覚えるʳオボエ⌉⌈ˢてᵖprt:conjunctive_particleʳテ⌉⌈ˢいるᵖv:non_self_reliant:i-ichidan-a:terminalʳイル⌉⌈ˢだᵖauxv:auxv-da:terminalʳダ⌉⌈ˢ。ᵖauxs:period⌉
私は彼が無実であるはと確信しています。	neutral	formal	⌈ˢ私ᵖpronʳワタクシ⌉⌈ˢはᵖprt:binding_particleʳハ⌉⌈ˢ彼ᵖpronʳカレ⌉⌈ˢがᵖprt:case_particleʳガ⌉⌈ˢ無実ᵖn:common_nounʳムジツ⌉⌈ˢでᵖauxv:auxv-da:conjunctiveᵇだᵈだʳデ⌉⌈ˢあるᵖv:non_self_reliant:godan-ra:terminalʳアル⌉⌈ˢはᵖprt:binding_particleʳハ⌉⌈ˢとᵖprt:case_particleʳト⌉⌈ˢ確信ᵖn:common_noun:suru-possibleʳカクシン⌉⌈ˢしᵖv:non_self_reliant:sa-irregular:conjunctiveᵇするᵈするʳシ⌉⌈ˢてᵖprt:conjunctive_particleʳテ⌉⌈ˢいᵖv:non_self_reliant:i-ichidan-a:conjunctiveᵇいるᵈいるʳイ⌉⌈ˢますᵖauxv:auxv-masu:terminalʳマス⌉⌈ˢ。ᵖauxs:period⌉
私は彼が言っていることは認めますが、まだ彼は間違っているますと思います。	neutral	formal	⌈ˢ私ᵖpronʳワタクシ⌉⌈ˢはᵖprt:binding_particleʳハ⌉⌈ˢ彼ᵖpronʳカレ⌉⌈ˢがᵖprt:case_particleʳガ⌉⌈ˢ言っᵖv:general:godan-waa:conjunctive-geminateᵇ言うᵈ言うʳイッ⌉⌈ˢてᵖprt:conjunctive_particleʳテ⌉⌈ˢいるᵖv:non_self_reliant:i-ichidan-a:attributiveʳイル⌉⌈ˢことᵖn:common_nounʳコト⌉⌈ˢはᵖprt:binding_particleʳハ⌉⌈ˢ認めᵖv:general:e-ichidan-ma:conjunctiveᵇ認めるᵈ認めるʳミトメ⌉⌈ˢますᵖauxv:auxv-masu:terminalʳマス⌉⌈ˢがᵖprt:conjunctive_particleʳガ⌉⌈ˢ、ᵖauxs:comma⌉⌈ˢまだᵖadvʳマダ⌉⌈ˢ彼ᵖpronʳカレ⌉⌈ˢはᵖprt:binding_particleʳハ⌉⌈ˢ間違っᵖv:non_self_reliant:godan-waa:conjunctive-geminateᵇ間違うᵈ間違うʳマチガッ⌉⌈ˢてᵖprt:conjunctive_particleʳテ⌉⌈ˢいるᵖv:non_self_reliant:i-ichidan-a:terminalʳイル⌉⌈ˢますᵖauxv:auxv-masu:terminalʳマス⌉⌈ˢとᵖprt:case_particleʳト⌉⌈ˢ思いᵖv:general:godan-waa:conjunctiveᵇ思うᵈ思うʳオモイ⌉⌈ˢますᵖauxv:auxv-masu:terminalʳマス⌉⌈ˢ。ᵖauxs:period⌉
私は彼にかばんをあなたの事務所まで運ばせましたた。	neutral	formal	⌈ˢ私ᵖpronʳワタクシ⌉⌈ˢはᵖprt:binding_particleʳハ⌉⌈ˢ彼ᵖpronʳカレ⌉⌈ˢにᵖprt:case_particleʳニ⌉⌈ˢかばんᵖn:common_nounʳカバン⌉⌈ˢをᵖprt:case_particleʳヲ⌉⌈ˢあなたᵖpronʳアナタ⌉⌈ˢのᵖprt:case_particleʳノ⌉⌈ˢ事務所ᵖn:common_nounʳジムショ⌉⌈ˢまでᵖprt:adverbial_particleʳマデ⌉⌈ˢ運ばᵖv:general:godan-ba:imperfectiveᵇ運ぶᵈ運ぶʳハコバ⌉⌈ˢせᵖauxv:e-ichidan-sa:conjunctiveᵇせるᵈせるʳセ⌉⌈ˢましᵖauxv:auxv-masu:conjunctiveᵇますᵈますʳマシ⌉⌈ˢたᵖauxv:auxv-ta:terminalʳタ⌉⌈ˢたᵖauxv:auxv-ta:terminalʳタ⌉⌈ˢ。ᵖauxs:period⌉
私は日本の政治を恥ずかしく思いますぞ。	neutral	unpragmatic_formality	⌈ˢ私ᵖpronʳワタクシ⌉⌈ˢはᵖprt:binding_particleʳハ⌉⌈ˢ日本の政治ᵖn:proper_nounʳニッポンノセイジ⌉⌈ˢをᵖprt:case_particleʳヲ⌉⌈ˢ恥ずかしくᵖadj:general:adjective:conjunctiveᵇ恥ずかしいᵈ恥ずかしいʳハズカシク⌉⌈ˢ思いᵖv:general:godan-waa:conjunctiveᵇ思うᵈ思うʳオモイ⌉⌈ˢますᵖauxv:auxv-masu:terminalʳマス⌉⌈ˢぞᵖprt:sentence_final_particleʳゾ⌉⌈ˢ。ᵖauxs:period⌉
私は昨日は終日家にいたです。	neutral	formal	⌈ˢ私ᵖpronʳワタクシ⌉⌈ˢはᵖprt:binding_particleʳハ⌉⌈ˢ昨日ᵖn:common_noun:adverb-possibleʳキノウ⌉⌈ˢはᵖprt:binding_particleʳハ⌉⌈ˢ終日ᵖn:common_noun:adverb-possibleʳシュウジツ⌉⌈ˢ家ᵖn:common_nounʳイエ⌉⌈ˢにᵖprt:case_particleʳニ⌉⌈ˢいᵖv:non_self_reliant:i-ichidan-a:conjunctiveᵇいるᵈいるʳイ⌉⌈ˢたᵖauxv:auxv-ta:terminalʳタ⌉⌈ˢですᵖauxv:auxv-desu:terminalʳデス⌉⌈ˢ。ᵖauxs:period⌉
私は最低２マイルは歩けるだ。	neutral	casual	⌈ˢ私ᵖpronʳワタクシ⌉⌈ˢはᵖprt:binding_particleʳハ⌉⌈ˢ最低ᵖn:common_noun:pos2-unk1ʳサイテイ⌉⌈ˢ２ᵖn:numeralᵇ2ᵈ2ʳニ⌉⌈ˢマイルᵖn:common_noun:counter-possible⌉⌈ˢはᵖprt:binding_particleʳハ⌉⌈ˢ歩けるᵖv:general:e-ichidan-ka:terminalʳアルケル⌉⌈ˢだᵖauxv:auxv-da:terminalʳダ⌉⌈ˢ。ᵖauxs:period⌉
私は毎日数学の勉強をすることにしているです。	neutral	formal	⌈ˢ私ᵖpronʳワタクシ⌉⌈ˢはᵖprt:binding_particleʳハ⌉⌈ˢ毎日ᵖn:common_noun:adverb-possibleʳマイニチ⌉⌈ˢ数学ᵖn:common_nounʳスウガク⌉⌈ˢのᵖprt:case_particleʳノ⌉⌈ˢ勉強ᵖn:common_noun:suru-possibleʳベンキョウ⌉⌈ˢをᵖprt:case_particleʳヲ⌉⌈ˢするᵖv:non_self_reliant:sa-irregular:attributiveʳスル⌉⌈ˢことᵖn:common_nounʳコト⌉⌈ˢにᵖprt:case_particleʳニ⌉⌈ˢしᵖv:non_self_reliant:sa-irregular:conjunctiveᵇするᵈするʳシ⌉⌈ˢてᵖprt:conjunctive_particleʳテ⌉⌈ˢいるᵖv:non_self_reliant:i-ichidan-a:terminalʳイル⌉⌈ˢですᵖauxv:auxv-desu:terminalʳデス⌉⌈ˢ。ᵖauxs:period⌉
私は永久に生きたいのですのだ。	neutral	formal	⌈ˢ私ᵖpronʳワタクシ⌉⌈ˢはᵖprt:binding_particleʳハ⌉⌈ˢ永久ᵖn:common_nounʳエイキュウ⌉⌈ˢにᵖprt:case_particleʳニ⌉⌈ˢ生きᵖv:general:i-ichidan-ka:conjunctiveᵇ生きるᵈ生きるʳイキ⌉⌈ˢたいᵖauxv:auxv-tai:attributiveʳタイ⌉⌈ˢのᵖprt:pre_noun_particleʳノ⌉⌈ˢですᵖauxv:auxv-desu:attributiveʳデス⌉⌈ˢのᵖprt:pre_noun_particleʳノ⌉⌈ˢだᵖauxv:auxv-da:terminalʳダ⌉⌈ˢ。ᵖauxs:period⌉
私は海を見下ろしたです。	neutral	formal	⌈ˢ私ᵖpronʳワタクシ⌉⌈ˢはᵖprt:binding_particleʳハ⌉⌈ˢ海ᵖn:common_nounʳウミ⌉⌈ˢをᵖprt:case_particleʳヲ⌉⌈ˢ見下ろしᵖv:general:godan-sa:conjunctiveᵇ見下ろすᵈ見下ろすʳミオロシ⌉⌈ˢたᵖauxv:auxv-ta:terminalʳタ⌉⌈ˢですᵖauxv:auxv-desu:terminalʳデス⌉⌈ˢ。ᵖauxs:period⌉
私は無料ででその切符を手に入れました。	neutral	formal	⌈ˢ私ᵖpronʳワタクシ⌉⌈ˢはᵖprt:binding_particleʳハ⌉⌈ˢ無料ᵖn:common_nounʳムリョウ⌉⌈ˢでᵖprt:case_particleʳデ⌉⌈ˢでᵖconjʳデ⌉⌈ˢそのᵖatʳソノ⌉⌈ˢ切符ᵖn:common_nounʳキップ⌉⌈ˢをᵖprt:case_particleʳヲ⌉⌈ˢ手ᵖn:common_noun:counter-possibleʳテ⌉⌈ˢにᵖprt:case_particleʳニ⌉⌈ˢ入れᵖv:general:e-ichidan-ra:conjunctiveᵇ入れるᵈ入れるʳイレ⌉⌈ˢましᵖauxv:auxv-masu:conjunctiveᵇますᵈますʳマシ⌉⌈ˢたᵖauxv:auxv-ta:terminalʳタ⌉⌈ˢ。ᵖauxs:period⌉
私は自分の信念にふさわしい生き方をします。	neutral	formal	⌈ˢ私ᵖpronʳワタクシ⌉⌈ˢはᵖprt:binding_particleʳハ⌉⌈ˢ自分ᵖn:common_nounʳジブン⌉⌈ˢのᵖprt:case_particleʳノ⌉⌈ˢ信念ᵖn:common_nounʳシンネン⌉⌈ˢにᵖprt:case_particleʳニ⌉⌈ˢふさわしいᵖadj:general:adjective:attributiveʳフサワシイ⌉⌈ˢ生き方ᵖn:common_nounʳイキカタ⌉⌈ˢをᵖprt:case_particleʳヲ⌉⌈ˢしᵖv:non_self_reliant:sa-irregular:conjunctiveᵇするᵈするʳシ⌉⌈ˢますᵖauxv:auxv-masu:terminalʳマス⌉⌈ˢ。ᵖauxs:period⌉
私は野鳥を観察していますぞ。	neutral	unpragmatic_formality	⌈ˢ私ᵖpronʳワタクシ⌉⌈ˢはᵖprt:binding_particleʳハ⌉⌈ˢ野鳥ᵖn:common_nounʳヤチョウ⌉⌈ˢをᵖprt:case_particleʳヲ⌉⌈ˢ観察ᵖn:common_noun:suru-possibleʳカンサツ⌉⌈ˢしᵖv:non_self_reliant:sa-irregular:conjunctiveᵇするᵈするʳシ⌉⌈ˢてᵖprt:conjunctive_particleʳテ⌉⌈ˢいᵖv:non_self_reliant:i-ichidan-a:conjunctiveᵇいるᵈいるʳイ⌉⌈ˢますᵖauxv:auxv-masu:terminalʳマス⌉⌈ˢぞᵖprt:sentence_final_particleʳゾ⌉⌈ˢ。ᵖauxs:period⌉
私を招待してくださってどうもありがとうぞわ。	neutral	very_formal	⌈ˢ私ᵖpronʳワタクシ⌉⌈ˢをᵖprt:case_particleʳヲ⌉⌈ˢ招待ᵖn:common_noun:suru-possibleʳショウタイ⌉⌈ˢしᵖv:non_self_reliant:sa-irregular:conjunctiveᵇするᵈするʳシ⌉⌈ˢてᵖprt:conjunctive_particleʳテ⌉⌈ˢくださっᵖv:non_self_reliant:godan-ra:conjunctive-geminateᵇくださるᵈくださるʳクダサッ⌉⌈ˢてᵖprt:conjunctive_particleʳテ⌉⌈ˢどうᵖadvʳドウ⌉⌈ˢもᵖprt:binding_particleʳモ⌉⌈ˢありがとうᵖint:generalʳアリガトウ⌉⌈ˢぞわᵖadvʳゾワ⌉⌈ˢ。ᵖauxs:period⌉
私達はその猫をマドンナと呼んでいるます。	neutral	formal	⌈ˢ私達ᵖpronʳワタシタチ⌉⌈ˢはᵖprt:binding_particleʳハ⌉⌈ˢそのᵖatʳソノ⌉⌈ˢ猫ᵖn:common_nounʳネコ⌉⌈ˢをᵖprt:case_particleʳヲ⌉⌈ˢマドンナᵖn:common_noun⌉⌈ˢとᵖprt:case_particleʳト⌉⌈ˢ呼んᵖv:general:godan-ba:conjunctive-nasalᵇ呼ぶᵈ呼ぶʳヨン⌉⌈ˢでᵖprt:conjunctive_particleʳデ⌉⌈ˢいるᵖv:non_self_reliant:i-ichidan-a:terminalʳイル⌉⌈ˢますᵖauxv:auxv-masu:terminalʳマス⌉⌈ˢ。ᵖauxs:period⌉
私達はピクニックで楽しく過ごしたぜわ。	unpragmatic_formality	casual	⌈ˢ私達ᵖpronʳワタシタチ⌉⌈ˢはᵖprt:binding_particleʳハ⌉⌈ˢピクニックᵖn:common_noun⌉⌈ˢでᵖprt:case_particleʳデ⌉⌈ˢ楽しくᵖadj:general:adjective:conjunctiveᵇ楽しいᵈ楽しいʳタノシク⌉⌈ˢ過ごしᵖv:general:godan-sa:conjunctiveᵇ過ごすᵈ過ごすʳスゴシ⌉⌈ˢたᵖauxv:auxv-ta:terminalʳタ⌉⌈ˢぜᵖprt:sentence_final_particleʳゼ⌉⌈ˢわᵖprt:sentence_final_particleʳワ⌉⌈ˢ。ᵖauxs:period⌉
私達はピクニックに行く計画をあきらめたです。	neutral	formal	⌈ˢ私達ᵖpronʳワタシタチ⌉⌈ˢはᵖprt:binding_particleʳハ⌉⌈ˢピクニックᵖn:common_noun⌉⌈ˢにᵖprt:case_particleʳニ⌉⌈ˢ行くᵖv:non_self_reliant:godan-ka:attributiveʳイク⌉⌈ˢ計画ᵖn:common_noun:suru-possibleʳケイカク⌉⌈ˢをᵖprt:case_particleʳヲ⌉⌈ˢあきらめᵖv:general:e-ichidan-ma:conjunctiveᵇあきらめるᵈあきらめるʳアキラメ⌉⌈ˢたᵖauxv:auxv-ta:terminalʳタ⌉⌈ˢですᵖauxv:auxv-desu:terminalʳデス⌉⌈ˢ。ᵖauxs:period⌉
窓の外を見たとき、戸口の上り段のところに見知らぬ人がみえたです。	neutral	formal	⌈ˢ窓ᵖn:common_nounʳマド⌉⌈ˢのᵖprt:case_particleʳノ⌉⌈ˢ外ᵖn:common_nounʳソト⌉⌈ˢをᵖprt:case_particleʳヲ⌉⌈ˢ見ᵖv:non_self_reliant:i-ichidan-ma:conjunctiveᵇ見るᵈ見るʳミ⌉⌈ˢたᵖauxv:auxv-ta:attributiveʳタ⌉⌈ˢときᵖn:common_noun:adverb-possibleʳトキ⌉⌈ˢ、ᵖauxs:comma⌉⌈ˢ戸口ᵖn:common_nounʳトグチ⌉⌈ˢのᵖprt:case_particleʳノ⌉⌈ˢ上りᵖn:common_nounʳノボリ⌉⌈ˢ段ᵖn:common_noun:counter-possibleʳダン⌉⌈ˢのᵖprt:case_particleʳノ⌉⌈ˢところᵖn:common_noun:adverb-possibleʳトコロ⌉⌈ˢにᵖprt:case_particleʳニ⌉⌈ˢ見知らᵖv:general:godan-ra:imperfectiveᵇ見知るᵈ見知るʳミシラ⌉⌈ˢぬᵖauxv:auxv-nu:attributiveʳヌ⌉⌈ˢ人ᵖn:common_nounʳヒト⌉⌈ˢがᵖprt:case_particleʳガ⌉⌈ˢみえᵖv:general:e-ichidan-a:conjunctiveᵇみえるᵈみえるʳミエ⌉⌈ˢたᵖauxv:auxv-ta:terminalʳタ⌉⌈ˢですᵖauxv:auxv-desu:terminalʳデス⌉⌈ˢ。ᵖauxs:period⌉
美しい包装紙に包んでもらえますぞか。	neutral	unpragmatic_formality	⌈ˢ美しいᵖadj:general:adjective:attributiveʳウツクシイ⌉⌈ˢ包装ᵖn:common_noun:suru-possibleʳホウソウ⌉⌈ˢ紙ᵖsuff:noun_likeʳシ⌉⌈ˢにᵖprt:case_particleʳニ⌉⌈ˢ包んᵖv:general:godan-ma:conjunctive-nasalᵇ包むᵈ包むʳツツン⌉⌈ˢでᵖprt:conjunctive_particleʳデ⌉⌈ˢもらえᵖv:non_self_reliant:e-ichidan-a:conjunctiveᵇもらえるᵈもらえるʳモラエ⌉⌈ˢますᵖauxv:auxv-masu:terminalʳマス⌉⌈ˢぞᵖprt:sentence_final_particleʳゾ⌉⌈ˢかᵖprt:sentence_final_particleʳカ⌉⌈ˢ。ᵖauxs:period⌉
聞いたところによると彼らの結婚は破綻をきたしているらしいだよ。	neutral	casual	⌈ˢ聞いᵖv:general:godan-ka:conjunctive-i-soundᵇ聞くᵈ聞くʳキイ⌉⌈ˢたᵖauxv:auxv-ta:attributiveʳタ⌉⌈ˢところᵖn:common_noun:adverb-possibleʳトコロ⌉⌈ˢにᵖprt:case_particleʳニ⌉⌈ˢよるᵖv:general:godan-ra:terminalʳヨル⌉⌈ˢとᵖprt:conjunctive_particleʳト⌉⌈ˢ彼ᵖpronʳカレ⌉⌈ˢらᵖsuff:noun_likeʳラ⌉⌈ˢのᵖprt:case_particleʳノ⌉⌈ˢ結婚ᵖn:common_noun:suru-possibleʳケッコン⌉⌈ˢはᵖprt:binding_particleʳハ⌉⌈ˢ破綻ᵖn:common_noun:suru-possibleʳハタン⌉⌈ˢをᵖprt:case_particleʳヲ⌉⌈ˢきたしᵖv:general:godan-sa:conjunctiveᵇきたすᵈきたすʳキタシ⌉⌈ˢてᵖprt:conjunctive_particleʳテ⌉⌈ˢいるᵖv:non_self_reliant:i-ichidan-a:terminalʳイル⌉⌈ˢらしいᵖauxv:auxv-rashii:terminalʳラシイ⌉⌈ˢだᵖauxv:auxv-da:terminalʳダ⌉⌈ˢよᵖprt:sentence_final_particleʳヨ⌉⌈ˢ。ᵖauxs:period⌉
聞きたくてたまらない。	formal	neutral	⌈ˢ聞きᵖv:general:godan-ka:conjunctiveᵇ聞くᵈ聞くʳキキ⌉⌈ˢたくᵖauxv:auxv-tai:conjunctiveᵇたいᵈたいʳタク⌉⌈ˢてᵖprt:conjunctive_particleʳテ⌉⌈ˢたまらᵖv:general:godan-ra:imperfectiveᵇたまるᵈたまるʳタマラ⌉⌈ˢないᵖauxv:auxv-nai:terminalʳナイ⌉⌈ˢ。ᵖauxs:period⌉
自分がかつてテロ集団の一員であっましたことをメアリーに打ち明けるのに、トムはありったけの勇気を振り絞らなくてはならなかった。	neutral	formal	⌈ˢ自分ᵖn:common_nounʳジブン⌉⌈ˢがᵖprt:case_particleʳガ⌉⌈ˢかつてᵖadvʳカツテ⌉⌈ˢテロ集団ᵖn:proper_nounʳテロシュウダン⌉⌈ˢのᵖprt:case_particleʳノ⌉⌈ˢ一員ᵖn:common_nounʳイチイン⌉⌈ˢでᵖauxv:auxv-da:conjunctiveᵇだᵈだʳデ⌉⌈ˢあっᵖv:non_self_reliant:godan-ra:conjunctive-geminateᵇあるᵈあるʳアッ⌉⌈ˢましᵖauxv:auxv-masu:conjunctiveᵇますᵈますʳマシ⌉⌈ˢたᵖauxv:auxv-ta:attributiveʳタ⌉⌈ˢことᵖn:common_nounʳコト⌉⌈ˢをᵖprt:case_particleʳヲ⌉⌈ˢメアリーᵖn:proper_noun:person-name⌉⌈ˢにᵖprt:case_particleʳニ⌉⌈ˢ打ち明けるᵖv:general:e-ichidan-ka:attributiveʳウチアケル⌉⌈ˢのᵖprt:pre_noun_particleʳノ⌉⌈ˢにᵖprt:case_particleʳニ⌉⌈ˢ、ᵖauxs:comma⌉⌈ˢトムᵖn:proper_noun:person-name⌉⌈ˢはᵖprt:binding_particleʳハ⌉⌈ˢありったけᵖn:common_nounʳアリッタケ⌉⌈ˢのᵖprt:case_particleʳノ⌉⌈ˢ勇気ᵖn:common_nounʳユウキ⌉⌈ˢをᵖprt:case_particleʳヲ⌉⌈ˢ振り絞らᵖv:general:godan-ra:imperfectiveᵇ振り絞るᵈ振り絞るʳフリシボラ⌉⌈ˢなくᵖauxv:auxv-nai:conjunctiveᵇないᵈないʳナク⌉⌈ˢてᵖprt:conjunctive_particleʳテ⌉⌈ˢはᵖprt:binding_particleʳハ⌉⌈ˢならᵖv:non_self_reliant:godan-ra:imperfectiveᵇなるᵈなるʳナラ⌉⌈ˢなかっᵖauxv:auxv-nai:conjunctive-geminateᵇないᵈないʳナカッ⌉⌈ˢたᵖauxv:auxv-ta:terminalʳタ⌉⌈ˢ。ᵖauxs:period⌉
自分のことをダメ人間とか，茶化しるた表現をして逃げまわっているのは君か。君はダメ人間どころかクズだよ，人間のクズ。	neutral	casual	⌈ˢ自分ᵖn:common_nounʳジブン⌉⌈ˢのᵖprt:case_particleʳノ⌉⌈ˢことᵖn:common_nounʳコト⌉⌈ˢをᵖprt:case_particleʳヲ⌉⌈ˢダメ人間ᵖn:proper_nounʳダメニンゲン⌉⌈ˢとᵖprt:case_particleʳト⌉⌈ˢかᵖprt:adverbial_particleʳカ⌉⌈ˢ，ᵖauxs:commaᵇ,ᵈ,ʳ,⌉⌈ˢ茶化しᵖv:general:godan-sa:conjunctiveᵇ茶化すᵈ茶化すʳチャカシ⌉⌈ˢるᵖauxv:auxv-ri:attributiveᵇりᵈりʳル⌉⌈ˢたᵖauxv:auxv-ta:attributiveʳタ⌉⌈ˢ表現ᵖn:common_noun:suru-possibleʳヒョウゲン⌉⌈ˢをᵖprt:case_particleʳヲ⌉⌈ˢしᵖv:non_self_reliant:sa-irregular:conjunctiveᵇするᵈするʳシ⌉⌈ˢてᵖprt:conjunctive_particleʳテ⌉⌈ˢ逃げまわっᵖv:general:godan-ra:conjunctive-geminateᵇ逃げまわるᵈ逃げまわるʳニゲマワッ⌉⌈ˢてᵖprt:conjunctive_particleʳテ⌉⌈ˢいるᵖv:non_self_reliant:i-ichidan-a:attributiveʳイル⌉⌈ˢのᵖprt:pre_noun_particleʳノ⌉⌈ˢはᵖprt:binding_particleʳハ⌉⌈ˢ君ᵖpronʳキミ⌉⌈ˢかᵖprt:sentence_final_particleʳカ⌉⌈ˢ。ᵖauxs:period⌉⌈ˢ君ᵖpronʳキミ⌉⌈ˢはᵖprt:binding_particleʳハ⌉⌈ˢダメ人間ᵖn:proper_nounʳダメニンゲン⌉⌈ˢどころᵖprt:adverbial_particleʳドコロ⌉⌈ˢかᵖprt:adverbial_particleʳカ⌉⌈ˢクズᵖn:common_noun⌉⌈ˢだᵖauxv:auxv-da:terminalʳダ⌉⌈ˢよᵖprt:sentence_final_particleʳヨ⌉⌈ˢ，ᵖauxs:commaᵇ,ᵈ,ʳ,⌉⌈ˢ人間のクズᵖn:proper_nounʳニンゲンノクズ⌉⌈ˢ。ᵖauxs:period⌉
良い娘は良い妻になるものだ。	neutral	casual	⌈ˢ良いᵖadj:non_self_reliant:adjective:attributiveʳヨイ⌉⌈ˢ娘ᵖn:common_nounʳムスメ⌉⌈ˢはᵖprt:binding_particleʳハ⌉⌈ˢ良いᵖadj:non_self_reliant:adjective:attributiveʳヨイ⌉⌈ˢ妻ᵖn:common_nounʳツマ⌉⌈ˢにᵖprt:case_particleʳニ⌉⌈ˢなるᵖv:non_self_reliant:godan-ra:attributiveʳナル⌉⌈ˢものᵖn:common_noun:suru-possibleʳモノ⌉⌈ˢだᵖauxv:auxv-da:terminalʳダ⌉⌈ˢ。ᵖauxs:period⌉
色は何色ありますのだか。	neutral	formal	⌈ˢ色ᵖn:common_nounʳイロ⌉⌈ˢはᵖprt:binding_particleʳハ⌉⌈ˢ何色ᵖn:common_nounʳナニイロ⌉⌈ˢありᵖv:non_self_reliant:godan-ra:conjunctiveᵇあるᵈあるʳアリ⌉⌈ˢますᵖauxv:auxv-masu:attributiveʳマス⌉⌈ˢのᵖprt:pre_noun_particleʳノ⌉⌈ˢだᵖauxv:auxv-da:terminalʳダ⌉⌈ˢかᵖprt:sentence_final_particleʳカ⌉⌈ˢ。ᵖauxs:period⌉
英字新聞もっとすらすら読めるようになりたいな。	neutral	casual	⌈ˢ英字新聞ᵖn:proper_nounʳエイジシンブン⌉⌈ˢもっとᵖadvʳモット⌉⌈ˢすらすらᵖadvʳスラスラ⌉⌈ˢ読めるᵖv:general:e-ichidan-ma:attributiveʳヨメル⌉⌈ˢようᵖshp:auxiliary_verb_stemʳヨウ⌉⌈ˢにᵖauxv:auxv-da:conjunctive-niᵇだᵈだʳニ⌉⌈ˢなりᵖv:non_self_reliant:godan-ra:conjunctiveᵇなるᵈなるʳナリ⌉⌈ˢたいᵖauxv:auxv-tai:terminalʳタイ⌉⌈ˢなᵖprt:sentence_final_particleʳナ⌉⌈ˢ。ᵖauxs:period⌉
草が庭のそこここに生えているぜわ。	unpragmatic_formality	casual	⌈ˢ草ᵖn:common_nounʳクサ⌉⌈ˢがᵖprt:case_particleʳガ⌉⌈ˢ庭ᵖn:common_nounʳニワ⌉⌈ˢのᵖprt:case_particleʳノ⌉⌈ˢそこここᵖpronʳソコココ⌉⌈ˢにᵖprt:case_particleʳニ⌉⌈ˢ生えᵖv:general:e-ichidan-a:conjunctiveᵇ生えるᵈ生えるʳハエ⌉⌈ˢてᵖprt:conjunctive_particleʳテ⌉⌈ˢいるᵖv:non_self_reliant:i-ichidan-a:terminalʳイル⌉⌈ˢぜᵖprt:sentence_final_particleʳゼ⌉⌈ˢわᵖprt:sentence_final_particleʳワ⌉⌈ˢ。ᵖauxs:period⌉
蚕が糸を吐いているぜわ。	unpragmatic_formality	casual	⌈ˢ蚕ᵖn:common_nounʳカイコ⌉⌈ˢがᵖprt:case_particleʳガ⌉⌈ˢ糸ᵖn:common_nounʳイト⌉⌈ˢをᵖprt:case_particleʳヲ⌉⌈ˢ吐いᵖv:general:godan-ka:conjunctive-i-soundᵇ吐くᵈ吐くʳハイ⌉⌈ˢてᵖprt:conjunctive_particleʳテ⌉⌈ˢいるᵖv:non_self_reliant:i-ichidan-a:terminalʳイル⌉⌈ˢぜᵖprt:sentence_final_particleʳゼ⌉⌈ˢわᵖprt:sentence_final_particleʳワ⌉⌈ˢ。ᵖauxs:period⌉
見様によては彼女は正しい。	neutral	casual	⌈ˢ見ᵖv:non_self_reliant:i-ichidan-ma:conjunctiveᵇ見るᵈ見るʳミ⌉⌈ˢ様ᵖsuff:noun_likeʳサマ⌉⌈ˢにᵖprt:case_particleʳニ⌉⌈ˢよᵖprt:sentence_final_particleʳヨ⌉⌈ˢてはᵖprt:conjunctive_particleʳテハ⌉⌈ˢ彼女ᵖpronʳカノジョ⌉⌈ˢはᵖprt:binding_particleʳハ⌉⌈ˢ正しいᵖadj:general:adjective:terminalʳタダシイ⌉⌈ˢ。ᵖauxs:period⌉
親をあてにしてはいけないぜわ。	unpragmatic_formality	casual	⌈ˢ親ᵖn:common_nounʳオヤ⌉⌈ˢをᵖprt:case_particleʳヲ⌉⌈ˢあてᵖn:common_nounʳアテ⌉⌈ˢにᵖprt:case_particleʳニ⌉⌈ˢしᵖv:non_self_reliant:sa-irregular:conjunctiveᵇするᵈするʳシ⌉⌈ˢてᵖprt:conjunctive_particleʳテ⌉⌈ˢはᵖprt:binding_particleʳハ⌉⌈ˢいけᵖv:non_self_reliant:e-ichidan-ka:imperfectiveᵇいけるᵈいけるʳイケ⌉⌈ˢないᵖauxv:auxv-nai:terminalʳナイ⌉⌈ˢぜᵖprt:sentence_final_particleʳゼ⌉⌈ˢわᵖprt:sentence_final_particleʳワ⌉⌈ˢ。ᵖauxs:period⌉
解決策がないのは明らかだったぜわ。	unpragmatic_formality	casual	⌈ˢ解決策ᵖn:common_nounʳカイケツサク⌉⌈ˢがᵖprt:case_particleʳガ⌉⌈ˢないᵖadj:non_self_reliant:adjective:attributiveʳナイ⌉⌈ˢのᵖprt:pre_noun_particleʳノ⌉⌈ˢはᵖprt:binding_particleʳハ⌉⌈ˢ明らかᵖshp:generalʳアキラカ⌉⌈ˢだっᵖauxv:auxv-da:conjunctive-geminateᵇだᵈだʳダッ⌉⌈ˢたᵖauxv:auxv-ta:terminalʳタ⌉⌈ˢぜᵖprt:sentence_final_particleʳゼ⌉⌈ˢわᵖprt:sentence_final_particleʳワ⌉⌈ˢ。ᵖauxs:period⌉
言外の意味を読み取るならば、この手紙はお金の無心ですのだ。	neutral	formal	⌈ˢ言外ᵖn:common_nounʳゲンガイ⌉⌈ˢのᵖprt:case_particleʳノ⌉⌈ˢ意味ᵖn:common_noun:suru-possibleʳイミ⌉⌈ˢをᵖprt:case_particleʳヲ⌉⌈ˢ読み取るᵖv:general:godan-ra:terminalʳヨミトル⌉⌈ˢならᵖauxv:auxv-da:conditionalᵇだᵈだʳナラ⌉⌈ˢばᵖprt:conjunctive_particleʳバ⌉⌈ˢ、ᵖauxs:comma⌉⌈ˢこのᵖatʳコノ⌉⌈ˢ手紙ᵖn:common_nounʳテガミ⌉⌈ˢはᵖprt:binding_particleʳハ⌉⌈ˢお金ᵖn:common_nounʳオカネ⌉⌈ˢのᵖprt:case_particleʳノ⌉⌈ˢ無心ᵖshp:generalʳムシン⌉⌈ˢですᵖauxv:auxv-desu:attributiveʳデス⌉⌈ˢのᵖprt:pre_noun_particleʳノ⌉⌈ˢだᵖauxv:auxv-da:terminalʳダ⌉⌈ˢ。ᵖauxs:period⌉
訳が分からないけど彼らは私のことが好きじゃないだ。	neutral	casual	⌈ˢ訳ᵖn:common_nounʳワケ⌉⌈ˢがᵖprt:case_particleʳガ⌉⌈ˢ分からᵖv:general:godan-ra:imperfectiveᵇ分かるᵈ分かるʳワカラ⌉⌈ˢないᵖauxv:auxv-nai:terminalʳナイ⌉⌈ˢけどᵖprt:conjunctive_particleʳケド⌉⌈ˢ彼ᵖpronʳカレ⌉⌈ˢらᵖsuff:noun_likeʳラ⌉⌈ˢはᵖprt:binding_particleʳハ⌉⌈ˢ私ᵖpronʳワタクシ⌉⌈ˢのᵖprt:case_particleʳノ⌉⌈ˢことᵖn:common_nounʳコト⌉⌈ˢがᵖprt:case_particleʳガ⌉⌈ˢ好きᵖshp:generalʳスキ⌉⌈ˢじゃᵖauxv:auxv-da:conjunctive-fusedᵇだᵈだʳジャ⌉⌈ˢないᵖadj:non_self_reliant:adjective:terminalʳナイ⌉⌈ˢだᵖauxv:auxv-da:terminalʳダ⌉⌈ˢ。ᵖauxs:period⌉
誰かこの単語を発音できる人はいますか。	neutral	formal	⌈ˢ誰ᵖpronʳダレ⌉⌈ˢかᵖprt:adverbial_particleʳカ⌉⌈ˢこのᵖatʳコノ⌉⌈ˢ単語ᵖn:common_nounʳタンゴ⌉⌈ˢをᵖprt:case_particleʳヲ⌉⌈ˢ発音ᵖn:common_noun:suru-possibleʳハツオン⌉⌈ˢできるᵖv:non_self_reliant:i-ichidan-ka:attributiveʳデキル⌉⌈ˢ人ᵖn:common_nounʳヒト⌉⌈ˢはᵖprt:binding_particleʳハ⌉⌈ˢいᵖv:non_self_reliant:i-ichidan-a:conjunctiveᵇいるᵈいるʳイ⌉⌈ˢますᵖauxv:auxv-masu:terminalʳマス⌉⌈ˢかᵖprt:sentence_final_particleʳカ⌉⌈ˢ。ᵖauxs:period⌉
誰かドアをノックいたしました。	neutral	very_formal	⌈ˢ誰ᵖpronʳダレ⌉⌈ˢかᵖprt:adverbial_particleʳカ⌉⌈ˢドアᵖn:common_noun⌉⌈ˢをᵖprt:case_particleʳヲ⌉⌈ˢノックᵖn:common_noun:suru-possible⌉⌈ˢいたしᵖv:non_self_reliant:godan-sa:conjunctiveᵇいたすᵈいたすʳイタシ⌉⌈ˢましᵖauxv:auxv-masu:conjunctiveᵇますᵈますʳマシ⌉⌈ˢたᵖauxv:auxv-ta:terminalʳタ⌉⌈ˢ。ᵖauxs:period⌉
警察は火事の原因をを調査するだろう。	neutral	casual	⌈ˢ警察ᵖn:common_nounʳケイサツ⌉⌈ˢはᵖprt:binding_particleʳハ⌉⌈ˢ火事ᵖn:common_nounʳカジ⌉⌈ˢのᵖprt:case_particleʳノ⌉⌈ˢ原因ᵖn:common_noun:suru-possibleʳゲンイン⌉⌈ˢをᵖprt:case_particleʳヲ⌉⌈ˢをᵖprt:case_particleʳヲ⌉⌈ˢ調査ᵖn:common_noun:suru-possibleʳチョウサ⌉⌈ˢするᵖv:non_self_reliant:sa-irregular:terminalʳスル⌉⌈ˢだろうᵖauxv:auxv-da:volitional-presumptiveᵇだᵈだʳダロウ⌉⌈ˢ。ᵖauxs:period⌉
警察官の姿を見て、彼はたちまち逃げ去ったです。	neutral	formal	⌈ˢ警察官ᵖn:common_nounʳケイサツカン⌉⌈ˢのᵖprt:case_particleʳノ⌉⌈ˢ姿ᵖn:common_nounʳスガタ⌉⌈ˢをᵖprt:case_particleʳヲ⌉⌈ˢ見ᵖv:non_self_reliant:i-ichidan-ma:conjunctiveᵇ見るᵈ見るʳミ⌉⌈ˢてᵖprt:conjunctive_particleʳテ⌉⌈ˢ、ᵖauxs:comma⌉⌈ˢ彼ᵖpronʳカレ⌉⌈ˢはᵖprt:binding_particleʳハ⌉⌈ˢたちまちᵖadvʳタチマチ⌉⌈ˢ逃げ去っᵖv:general:godan-ra:conjunctive-geminateᵇ逃げ去るᵈ逃げ去るʳニゲサッ⌉⌈ˢたᵖauxv:auxv-ta:terminalʳタ⌉⌈ˢですᵖauxv:auxv-desu:terminalʳデス⌉⌈ˢ。ᵖauxs:period⌉
議論には意見の多様さが肝要です。	neutral	formal	⌈ˢ議論ᵖn:common_noun:suru-possibleʳギロン⌉⌈ˢにᵖprt:case_particleʳニ⌉⌈ˢはᵖprt:binding_particleʳハ⌉⌈ˢ意見ᵖn:common_noun:suru-possibleʳイケン⌉⌈ˢのᵖprt:case_particleʳノ⌉⌈ˢ多様ᵖshp:generalʳタヨウ⌉⌈ˢさᵖsuff:noun_likeʳサ⌉⌈ˢがᵖprt:case_particleʳガ⌉⌈ˢ肝要ᵖshp:generalʳカンヨウ⌉⌈ˢですᵖauxv:auxv-desu:terminalʳデス⌉⌈ˢ。ᵖauxs:period⌉
貴方がた皆の願いがが叶いますように!	neutral	formal	⌈ˢ貴方ᵖpronʳアナタ⌉⌈ˢがたᵖadvʳガタ⌉⌈ˢ皆ᵖn:common_noun:adverb-possibleʳミナ⌉⌈ˢのᵖprt:case_particleʳノ⌉⌈ˢ願いᵖn:common_nounʳネガイ⌉⌈ˢがᵖprt:case_particleʳガ⌉⌈ˢがᵖprt:case_particleʳガ⌉⌈ˢ叶いᵖv:general:godan-waa:conjunctiveᵇ叶うᵈ叶うʳカナイ⌉⌈ˢますᵖauxv:auxv-masu:attributiveʳマス⌉⌈ˢようᵖshp:auxiliary_verb_stemʳヨウ⌉⌈ˢにᵖauxv:auxv-da:conjunctive-niᵇだᵈだʳニ⌉⌈ˢ!ᵖauxs:period⌉
貴社の最寄り駅を教えて下さい。	neutral	formal	⌈ˢ貴社ᵖn:common_nounʳキシャ⌉⌈ˢのᵖprt:case_particleʳノ⌉⌈ˢ最寄りᵖn:common_nounʳモヨリ⌉⌈ˢ駅ᵖn:common_nounʳエキ⌉⌈ˢをᵖprt:case_particleʳヲ⌉⌈ˢ教えᵖv:general:e-ichidan-a:conjunctiveᵇ教えるᵈ教えるʳオシエ⌉⌈ˢてᵖprt:conjunctive_particleʳテ⌉⌈ˢ下さいᵖv:non_self_reliant:godan-ra:imperativeᵇ下さるᵈ下さるʳクダサイ⌉⌈ˢ。ᵖauxs:period⌉
質問をしてもいいだですか。	neutral	formal	⌈ˢ質問ᵖn:common_noun:suru-possibleʳシツモン⌉⌈ˢをᵖprt:case_particleʳヲ⌉⌈ˢしᵖv:non_self_reliant:sa-irregular:conjunctiveᵇするᵈするʳシ⌉⌈ˢてᵖprt:conjunctive_particleʳテ⌉⌈ˢもᵖprt:binding_particleʳモ⌉⌈ˢいいᵖadj:non_self_reliant:adjective:terminalʳイイ⌉⌈ˢだᵖauxv:auxv-da:terminalʳダ⌉⌈ˢですᵖauxv:auxv-desu:terminalʳデス⌉⌈ˢかᵖprt:sentence_final_particleʳカ⌉⌈ˢ。ᵖauxs:period⌉
質問をもう一度言ってくださいませんかぜ？	unpragmatic_formality	very_formal	⌈ˢ質問ᵖn:common_noun:suru-possibleʳシツモン⌉⌈ˢをᵖprt:case_particleʳヲ⌉⌈ˢもう一度ᵖn:common_noun:adverb-possibleʳモウイチド⌉⌈ˢ言っᵖv:general:godan-waa:conjunctive-geminateᵇ言うᵈ言うʳイッ⌉⌈ˢてᵖprt:conjunctive_particleʳテ⌉⌈ˢくださいᵖv:non_self_reliant:godan-ra:conjunctive-i-soundᵇくださるᵈくださるʳクダサイ⌉⌈ˢませᵖauxv:auxv-masu:imperfectiveᵇますᵈますʳマセ⌉⌈ˢんᵖauxv:auxv-nu:terminal-nasalᵇぬᵈぬʳン⌉⌈ˢかᵖprt:sentence_final_particleʳカ⌉⌈ˢぜᵖprt:sentence_final_particleʳゼ⌉⌈ˢ？ᵖauxs:periodᵇ?ᵈ?ʳ?⌉
車を持っているをことは相当な出費だ。	neutral	casual	⌈ˢ車ᵖn:common_nounʳクルマ⌉⌈ˢをᵖprt:case_particleʳヲ⌉⌈ˢ持っᵖv:general:godan-ta:conjunctive-geminateᵇ持つᵈ持つʳモッ⌉⌈ˢてᵖprt:conjunctive_particleʳテ⌉⌈ˢいるᵖv:non_self_reliant:i-ichidan-a:terminalʳイル⌉⌈ˢをᵖprt:case_particleʳヲ⌉⌈ˢことᵖn:common_nounʳコト⌉⌈ˢはᵖprt:binding_particleʳハ⌉⌈ˢ相当ᵖshp:generalʳソウトウ⌉⌈ˢなᵖauxv:auxv-da:attributiveᵇだᵈだʳナ⌉⌈ˢ出費ᵖn:common_noun:suru-possibleʳシュッピ⌉⌈ˢだᵖauxv:auxv-da:terminalʳダ⌉⌈ˢ。ᵖauxs:period⌉
返事がが遅れて申し訳ありませんでした。このところ、仕事に忙殺されておりまして。	neutral	formal	⌈ˢ返事ᵖn:common_noun:suru-possibleʳヘンジ⌉⌈ˢがᵖprt:case_particleʳガ⌉⌈ˢがᵖprt:case_particleʳガ⌉⌈ˢ遅れᵖv:non_self_reliant:e-ichidan-ra:conjunctiveᵇ遅れるᵈ遅れるʳオクレ⌉⌈ˢてᵖprt:conjunctive_particleʳテ⌉⌈ˢ申し訳ᵖn:common_nounʳモウシワケ⌉⌈ˢありᵖv:non_self_reliant:godan-ra:conjunctiveᵇあるᵈあるʳアリ⌉⌈ˢませᵖauxv:auxv-masu:imperfectiveᵇますᵈますʳマセ⌉⌈ˢんᵖauxv:auxv-nu:terminal-nasalᵇぬᵈぬʳン⌉⌈ˢでしᵖauxv:auxv-desu:conjunctiveᵇですᵈですʳデシ⌉⌈ˢたᵖauxv:auxv-ta:terminalʳタ⌉⌈ˢ。ᵖauxs:period⌉⌈ˢこのᵖatʳコノ⌉⌈ˢところᵖn:common_noun:adverb-possibleʳトコロ⌉⌈ˢ、ᵖauxs:comma⌉⌈ˢ仕事ᵖn:common_noun:suru-possibleʳシゴト⌉⌈ˢにᵖprt:case_particleʳニ⌉⌈ˢ忙殺ᵖn:common_noun:suru-possibleʳボウサツ⌉⌈ˢさᵖv:non_self_reliant:sa-irregular:imperfective-saᵇするᵈするʳサ⌉⌈ˢれᵖauxv:auxv-reru:conjunctiveᵇれるᵈれるʳレ⌉⌈ˢてᵖprt:conjunctive_particleʳテ⌉⌈ˢおりᵖv:non_self_reliant:godan-ra:conjunctiveᵇおるᵈおるʳオリ⌉⌈ˢましᵖauxv:auxv-masu:conjunctiveᵇますᵈますʳマシ⌉⌈ˢてᵖprt:conjunctive_particleʳテ⌉⌈ˢ。ᵖauxs:period⌉
部員は先輩に一人ずつブローチを贈ることにしたです。	neutral	formal	⌈ˢ部員ᵖn:common_nounʳブイン⌉⌈ˢはᵖprt:binding_particleʳハ⌉⌈ˢ先輩ᵖn:common_nounʳセンパイ⌉⌈ˢにᵖprt:case_particleʳニ⌉⌈ˢ一人ᵖn:common_noun:adverb-possibleʳヒトリ⌉⌈ˢずつᵖprt:adverbial_particleʳズツ⌉⌈ˢブローチᵖn:common_noun⌉⌈ˢをᵖprt:case_particleʳヲ⌉⌈ˢ贈るᵖv:general:godan-ra:attributiveʳオクル⌉⌈ˢことᵖn:common_nounʳコト⌉⌈ˢにᵖprt:case_particleʳニ⌉⌈ˢしᵖv:non_self_reliant:sa-irregular:conjunctiveᵇするᵈするʳシ⌉⌈ˢたᵖauxv:auxv-ta:terminalʳタ⌉⌈ˢですᵖauxv:auxv-desu:terminalʳデス⌉⌈ˢ。ᵖauxs:period⌉
郵便局は半マイル向こうにあるます。	neutral	formal	⌈ˢ郵便局ᵖn:common_nounʳユウビンキョク⌉⌈ˢはᵖprt:binding_particleʳハ⌉⌈ˢ半ᵖn:common_nounʳハン⌉⌈ˢマイルᵖn:common_noun:counter-possible⌉⌈ˢ向こうᵖn:common_nounʳムコウ⌉⌈ˢにᵖprt:case_particleʳニ⌉⌈ˢあるᵖv:non_self_reliant:godan-ra:terminalʳアル⌉⌈ˢますᵖauxv:auxv-masu:terminalʳマス⌉⌈ˢ。ᵖauxs:period⌉
金持ちも貧しい人と同様に苦労があるます。	neutral	formal	⌈ˢ金持ちᵖn:common_nounʳカネモチ⌉⌈ˢもᵖprt:binding_particleʳモ⌉⌈ˢ貧しいᵖadj:general:adjective:attributiveʳマズシイ⌉⌈ˢ人ᵖn:common_nounʳヒト⌉⌈ˢとᵖprt:case_particleʳト⌉⌈ˢ同様ᵖshp:generalʳドウヨウ⌉⌈ˢにᵖauxv:auxv-da:conjunctive-niᵇだᵈだʳニ⌉⌈ˢ苦労ᵖn:common_noun:pos2-unk2ʳクロウ⌉⌈ˢがᵖprt:case_particleʳガ⌉⌈ˢあるᵖv:non_self_reliant:godan-ra:terminalʳアル⌉⌈ˢますᵖauxv:auxv-masu:terminalʳマス⌉⌈ˢ。ᵖauxs:period⌉
長くお待たせしてすみませんでしたぞ。	formal	unpragmatic_formality	⌈ˢ長くᵖadj:general:adjective:conjunctiveᵇ長いᵈ長いʳナガク⌉⌈ˢおᵖprefʳオ⌉⌈ˢ待たᵖv:general:godan-ta:imperfectiveᵇ待つᵈ待つʳマタ⌉⌈ˢせᵖauxv:e-ichidan-sa:conjunctiveᵇせるᵈせるʳセ⌉⌈ˢしᵖv:non_self_reliant:sa-irregular:conjunctiveᵇするᵈするʳシ⌉⌈ˢてᵖprt:conjunctive_particleʳテ⌉⌈ˢすみᵖv:general:godan-ma:conjunctiveᵇすむᵈすむʳスミ⌉⌈ˢませᵖauxv:auxv-masu:imperfectiveᵇますᵈますʳマセ⌉⌈ˢんᵖauxv:auxv-nu:terminal-nasalᵇぬᵈぬʳン⌉⌈ˢでしᵖauxv:auxv-desu:conjunctiveᵇですᵈですʳデシ⌉⌈ˢたᵖauxv:auxv-ta:terminalʳタ⌉⌈ˢぞᵖprt:sentence_final_particleʳゾ⌉⌈ˢ。ᵖauxs:period⌉
雨が激しく降っていますそれでも私は行かなければならない。	neutral	formal	⌈ˢ雨ᵖn:common_nounʳアメ⌉⌈ˢがᵖprt:case_particleʳガ⌉⌈ˢ激しくᵖadj:general:adjective:conjunctiveᵇ激しいᵈ激しいʳハゲシク⌉⌈ˢ降っᵖv:general:godan-ra:conjunctive-geminateᵇ降るᵈ降るʳフッ⌉⌈ˢてᵖprt:conjunctive_particleʳテ⌉⌈ˢいᵖv:non_self_reliant:i-ichidan-a:conjunctiveᵇいるᵈいるʳイ⌉⌈ˢますᵖauxv:auxv-masu:terminalʳマス⌉⌈ˢそれᵖpronʳソレ⌉⌈ˢでᵖprt:case_particleʳデ⌉⌈ˢもᵖprt:binding_particleʳモ⌉⌈ˢ私ᵖpronʳワタクシ⌉⌈ˢはᵖprt:binding_particleʳハ⌉⌈ˢ行かᵖv:non_self_reliant:godan-ka:imperfectiveᵇ行くᵈ行くʳイカ⌉⌈ˢなけれᵖauxv:auxv-nai:conditionalᵇないᵈないʳナケレ⌉⌈ˢばᵖprt:conjunctive_particleʳバ⌉⌈ˢならᵖv:non_self_reliant:godan-ra:imperfectiveᵇなるᵈなるʳナラ⌉⌈ˢないᵖauxv:auxv-nai:terminalʳナイ⌉⌈ˢ。ᵖauxs:period⌉
音楽はすきですか。	neutral	formal	⌈ˢ音楽ᵖn:common_nounʳオンガク⌉⌈ˢはᵖprt:binding_particleʳハ⌉⌈ˢすきᵖshp:generalʳスキ⌉⌈ˢですᵖauxv:auxv-desu:terminalʳデス⌉⌈ˢかᵖprt:sentence_final_particleʳカ⌉⌈ˢ。ᵖauxs:period⌉
音楽は耳を楽しませてくれるます。	neutral	formal	⌈ˢ音楽ᵖn:common_nounʳオンガク⌉⌈ˢはᵖprt:binding_particleʳハ⌉⌈ˢ耳ᵖn:common_nounʳミミ⌉⌈ˢをᵖprt:case_particleʳヲ⌉⌈ˢ楽しまᵖv:general:godan-ma:imperfectiveᵇ楽しむᵈ楽しむʳタノシマ⌉⌈ˢせᵖauxv:e-ichidan-sa:conjunctiveᵇせるᵈせるʳセ⌉⌈ˢてᵖprt:conjunctive_particleʳテ⌉⌈ˢくれるᵖv:non_self_reliant:e-ichidan-ra:terminalʳクレル⌉⌈ˢますᵖauxv:auxv-masu:terminalʳマス⌉⌈ˢ。ᵖauxs:period⌉
頭ががクラクラします。	neutral	formal	⌈ˢ頭ᵖn:common_nounʳアタマ⌉⌈ˢがᵖprt:case_particleʳガ⌉⌈ˢがᵖprt:case_particleʳガ⌉⌈ˢクラクラᵖadv⌉⌈ˢしᵖv:non_self_reliant:sa-irregular:conjunctiveᵇするᵈするʳシ⌉⌈ˢますᵖauxv:auxv-masu:terminalʳマス⌉⌈ˢ。ᵖauxs:period⌉
風邪気味だったので、家族と指宿には行けなかった。	neutral	casual	⌈ˢ風邪ᵖn:common_nounʳカゼ⌉⌈ˢ気味ᵖn:common_nounʳキミ⌉⌈ˢだっᵖauxv:auxv-da:conjunctive-geminateᵇだᵈだʳダッ⌉⌈ˢたᵖauxv:auxv-ta:attributiveʳタ⌉⌈ˢのᵖprt:pre_noun_particleʳノ⌉⌈ˢでᵖauxv:auxv-da:conjunctiveᵇだᵈだʳデ⌉⌈ˢ、ᵖauxs:comma⌉⌈ˢ家族ᵖn:common_nounʳカゾク⌉⌈ˢとᵖprt:case_particleʳト⌉⌈ˢ指宿ᵖn:proper_noun:place-nameʳイブスキ⌉⌈ˢにᵖprt:case_particleʳニ⌉⌈ˢはᵖprt:binding_particleʳハ⌉⌈ˢ行けᵖv:non_self_reliant:e-ichidan-ka:imperfectiveᵇ行けるᵈ行けるʳイケ⌉⌈ˢなかっᵖauxv:auxv-nai:conjunctive-geminateᵇないᵈないʳナカッ⌉⌈ˢたᵖauxv:auxv-ta:terminalʳタ⌉⌈ˢ。ᵖauxs:period⌉
飛行機は頭上をゆうゆうと飛んで行ったです。	neutral	formal	⌈ˢ飛行機ᵖn:common_nounʳヒコウキ⌉⌈ˢはᵖprt:binding_particleʳハ⌉⌈ˢ頭上ᵖn:common_nounʳズジョウ⌉⌈ˢをᵖprt:case_particleʳヲ⌉⌈ˢゆうゆうᵖshp:tariʳユウユウ⌉⌈ˢとᵖprt:case_particleʳト⌉⌈ˢ飛んᵖv:general:godan-ba:conjunctive-nasalᵇ飛ぶᵈ飛ぶʳトン⌉⌈ˢでᵖprt:conjunctive_particleʳデ⌉⌈ˢ行っᵖv:non_self_reliant:godan-ka:conjunctive-geminateᵇ行くᵈ行くʳイッ⌉⌈ˢたᵖauxv:auxv-ta:terminalʳタ⌉⌈ˢですᵖauxv:auxv-desu:terminalʳデス⌉⌈ˢ。ᵖauxs:period⌉
食べ物をを口に入れる最も良い方法は何だろう。	neutral	casual	⌈ˢ食べ物ᵖn:common_nounʳタベモノ⌉⌈ˢをᵖprt:case_particleʳヲ⌉⌈ˢをᵖprt:case_particleʳヲ⌉⌈ˢ口ᵖn:common_nounʳクチ⌉⌈ˢにᵖprt:case_particleʳニ⌉⌈ˢ入れるᵖv:general:e-ichidan-ra:attributiveʳイレル⌉⌈ˢ最もᵖadvʳモットモ⌉⌈ˢ良いᵖadj:non_self_reliant:adjective:attributiveʳヨイ⌉⌈ˢ方法ᵖn:common_nounʳホウホウ⌉⌈ˢはᵖprt:binding_particleʳハ⌉⌈ˢ何ᵖpronʳナン⌉⌈ˢだろうᵖauxv:auxv-da:volitional-presumptiveᵇだᵈだʳダロウ⌉⌈ˢ。ᵖauxs:period⌉
食卓にたくさんの皿がのっているです。	neutral	formal	⌈ˢ食卓ᵖn:common_nounʳショクタク⌉⌈ˢにᵖprt:case_particleʳニ⌉⌈ˢたくさんᵖshp:generalʳタクサン⌉⌈ˢのᵖprt:case_particleʳノ⌉⌈ˢ皿ᵖn:common_noun:counter-possibleʳサラ⌉⌈ˢがᵖprt:case_particleʳガ⌉⌈ˢのっᵖv:general:godan-ra:conjunctive-geminateᵇのるᵈのるʳノッ⌉⌈ˢてᵖprt:conjunctive_particleʳテ⌉⌈ˢいるᵖv:non_self_reliant:i-ichidan-a:terminalʳイル⌉⌈ˢですᵖauxv:auxv-desu:terminalʳデス⌉⌈ˢ。ᵖauxs:period⌉
食後ににコーヒーを差し上げます。	neutral	formal	⌈ˢ食後ᵖn:common_nounʳショクゴ⌉⌈ˢにᵖprt:case_particleʳニ⌉⌈ˢにᵖprt:case_particleʳニ⌉⌈ˢコーヒーᵖn:common_noun⌉⌈ˢをᵖprt:case_particleʳヲ⌉⌈ˢ差し上げᵖv:general:e-ichidan-ga:conjunctiveᵇ差し上げるᵈ差し上げるʳサシアゲ⌉⌈ˢますᵖauxv:auxv-masu:terminalʳマス⌉⌈ˢ。ᵖauxs:period⌉
飲み物は水だけでございます。	neutral	formal	⌈ˢ飲み物ᵖn:common_nounʳノミモノ⌉⌈ˢはᵖprt:binding_particleʳハ⌉⌈ˢ水ᵖn:common_nounʳミズ⌉⌈ˢだけᵖprt:adverbial_particleʳダケ⌉⌈ˢでᵖauxv:auxv-da:conjunctiveᵇだᵈだʳデ⌉⌈ˢございᵖv:non_self_reliant:godan-ra:conjunctive-i-soundᵇござるᵈござるʳゴザイ⌉⌈ˢますᵖauxv:auxv-masu:terminalʳマス⌉⌈ˢ。ᵖauxs:period⌉
首を横に振ることで不承認を与えるだ。	neutral	casual	⌈ˢ首ᵖn:common_nounʳクビ⌉⌈ˢをᵖprt:case_particleʳヲ⌉⌈ˢ横ᵖn:common_nounʳヨコ⌉⌈ˢにᵖprt:case_particleʳニ⌉⌈ˢ振るᵖv:general:godan-ra:attributiveʳフル⌉⌈ˢことᵖn:common_nounʳコト⌉⌈ˢでᵖprt:case_particleʳデ⌉⌈ˢ不承ᵖn:common_noun:suru-possibleʳフショウ⌉⌈ˢ認ᵖsuff:noun_likeʳニン⌉⌈ˢをᵖprt:case_particleʳヲ⌉⌈ˢ与えるᵖv:general:e-ichidan-a:terminalʳアタエル⌉⌈ˢだᵖauxv:auxv-da:terminalʳダ⌉⌈ˢ。ᵖauxs:period⌉
駐車場がないホテルは不便ですよね。	neutral	formal	⌈ˢ駐車場ᵖn:common_nounʳチュウシャジョウ⌉⌈ˢがᵖprt:case_particleʳガ⌉⌈ˢないᵖadj:non_self_reliant:adjective:attributiveʳナイ⌉⌈ˢホテルᵖn:common_noun⌉⌈ˢはᵖprt:binding_particleʳハ⌉⌈ˢ不便ᵖn:common_noun:pos2-unk1ʳフベン⌉⌈ˢですᵖauxv:auxv-desu:terminalʳデス⌉⌈ˢよᵖprt:sentence_final_particleʳヨ⌉⌈ˢねᵖprt:sentence_final_particleʳネ⌉⌈ˢ。ᵖauxs:period⌉
騒々しいな少年達のグループは、手が付けられなくなっていた。	neutral	casual	⌈ˢ騒々しいᵖadj:general:adjective:terminalʳソウゾウシイ⌉⌈ˢなᵖprt:sentence_final_particleʳナ⌉⌈ˢ少年ᵖn:common_nounʳショウネン⌉⌈ˢ達ᵖsuff:noun_likeʳタチ⌉⌈ˢのᵖprt:case_particleʳノ⌉⌈ˢグループᵖn:common_noun⌉⌈ˢはᵖprt:binding_particleʳハ⌉⌈ˢ、ᵖauxs:comma⌉⌈ˢ手ᵖn:common_noun:counter-possibleʳテ⌉⌈ˢがᵖprt:case_particleʳガ⌉⌈ˢ付けᵖv:non_self_reliant:e-ichidan-ka:imperfectiveᵇ付けるᵈ付けるʳツケ⌉⌈ˢられᵖauxv:auxv-reru:imperfectiveᵇられるᵈられるʳラレ⌉⌈ˢなくᵖauxv:auxv-nai:conjunctiveᵇないᵈないʳナク⌉⌈ˢなっᵖv:non_self_reliant:godan-ra:conjunctive-geminateᵇなるᵈなるʳナッ⌉⌈ˢてᵖprt:conjunctive_particleʳテ⌉⌈ˢいᵖv:non_self_reliant:i-ichidan-a:conjunctiveᵇいるᵈいるʳイ⌉⌈ˢたᵖauxv:auxv-ta:terminalʳタ⌉⌈ˢ。ᵖauxs:period⌉
黄色いレインコートをを着ている女の子はだれですか。	neutral	formal	⌈ˢ黄色いᵖadj:general:adjective:attributiveʳキイロイ⌉⌈ˢレインコートᵖn:common_noun⌉⌈ˢをᵖprt:case_particleʳヲ⌉⌈ˢをᵖprt:case_particleʳヲ⌉⌈ˢ着ᵖv:general:i-ichidan-ka:conjunctiveᵇ着るᵈ着るʳキ⌉⌈ˢてᵖprt:conjunctive_particleʳテ⌉⌈ˢいるᵖv:non_self_reliant:i-ichidan-a:attributiveʳイル⌉⌈ˢ女の子ᵖn:common_nounʳオンナノコ⌉⌈ˢはᵖprt:binding_particleʳハ⌉⌈ˢだれᵖpronʳダレ⌉⌈ˢですᵖauxv:auxv-desu:terminalʳデス⌉⌈ˢかᵖprt:sentence_final_particleʳカ⌉⌈ˢ。ᵖauxs:period⌉
１０ドルを郵便為替でお願いしますのだ。	neutral	formal	⌈ˢ１０ᵖn:numeralᵇ10ᵈ10ʳイチレイ⌉⌈ˢドルᵖn:common_noun:counter-possible⌉⌈ˢをᵖprt:case_particleʳヲ⌉⌈ˢ郵便為替ᵖn:proper_nounʳユウビンカワセ⌉⌈ˢでᵖprt:case_particleʳデ⌉⌈ˢおᵖprefʳオ⌉⌈ˢ願いᵖv:non_self_reliant:godan-waa:conjunctiveᵇ願うᵈ願うʳネガイ⌉⌈ˢしᵖv:non_self_reliant:sa-irregular:conjunctiveᵇするᵈするʳシ⌉⌈ˢますᵖauxv:auxv-masu:attributiveʳマス⌉⌈ˢのᵖprt:pre_noun_particleʳノ⌉⌈ˢだᵖauxv:auxv-da:terminalʳダ⌉⌈ˢ。ᵖauxs:period⌉
１０時に東京に向けて大阪を出発するだ。	neutral	casual	⌈ˢ１０ᵖn:numeralᵇ10ᵈ10ʳイチレイ⌉⌈ˢ時ᵖn:common_noun:counter-possibleʳジ⌉⌈ˢにᵖprt:case_particleʳニ⌉⌈ˢ東京ᵖn:proper_noun:place-nameʳトウキョウ⌉⌈ˢにᵖprt:case_particleʳニ⌉⌈ˢ向けᵖv:general:e-ichidan-ka:conjunctiveᵇ向けるᵈ向けるʳムケ⌉⌈ˢてᵖprt:conjunctive_particleʳテ⌉⌈ˢ大阪ᵖn:proper_noun:place-nameʳオオサカ⌉⌈ˢをᵖprt:case_particleʳヲ⌉⌈ˢ出発ᵖn:common_noun:suru-possibleʳシュッパツ⌉⌈ˢするᵖv:non_self_reliant:sa-irregular:terminalʳスル⌉⌈ˢだᵖauxv:auxv-da:terminalʳダ⌉⌈ˢ。ᵖauxs:period⌉
３月は２月と４月の間にあるだ。	neutral	casual	⌈ˢ３ᵖn:numeralᵇ3ᵈ3ʳサン⌉⌈ˢ月ᵖn:common_noun:counter-possibleʳガツ⌉⌈ˢはᵖprt:binding_particleʳハ⌉⌈ˢ２ᵖn:numeralᵇ2ᵈ2ʳニ⌉⌈ˢ月ᵖn:common_noun:counter-possibleʳガツ⌉⌈ˢとᵖprt:case_particleʳト⌉⌈ˢ４ᵖn:numeralᵇ4ᵈ4ʳヨン⌉⌈ˢ月ᵖn:common_noun:counter-possibleʳガツ⌉⌈ˢのᵖprt:case_particleʳノ⌉⌈ˢ間ᵖn:common_noun:adverb-possibleʳアイダ⌉⌈ˢにᵖprt:case_particleʳニ⌉⌈ˢあるᵖv:non_self_reliant:godan-ra:terminalʳアル⌉⌈ˢだᵖauxv:auxv-da:terminalʳダ⌉⌈ˢ。ᵖauxs:period⌉
３週間学校をを休んでいる人はだれですか。	neutral	formal	⌈ˢ３ᵖn:numeralᵇ3ᵈ3ʳサン⌉⌈ˢ週間ᵖn:common_noun:counter-possibleʳシュウカン⌉⌈ˢ学校ᵖn:common_nounʳガッコウ⌉⌈ˢをᵖprt:case_particleʳヲ⌉⌈ˢをᵖprt:case_particleʳヲ⌉⌈ˢ休んᵖv:general:godan-ma:conjunctive-nasalᵇ休むᵈ休むʳヤスン⌉⌈ˢでᵖprt:conjunctive_particleʳデ⌉⌈ˢいるᵖv:non_self_reliant:i-ichidan-a:attributiveʳイル⌉⌈ˢ人ᵖn:common_nounʳヒト⌉⌈ˢはᵖprt:binding_particleʳハ⌉⌈ˢだれᵖpronʳダレ⌉⌈ˢですᵖauxv:auxv-desu:terminalʳデス⌉⌈ˢかᵖprt:sentence_final_particleʳカ⌉⌈ˢ。ᵖauxs:period⌉
４．煮え立たせる寸前で弱火にして、もう一度灰汁を取り除きますのだ。	neutral	formal	⌈ˢ４ᵖn:numeralᵇ4ᵈ4ʳヨン⌉⌈ˢ．ᵖauxs:periodᵇ.ᵈ.⌉⌈ˢ煮え立たᵖv:general:godan-ta:imperfectiveᵇ煮え立つᵈ煮え立つʳニエタタ⌉⌈ˢせるᵖauxv:e-ichidan-sa:attributiveʳセル⌉⌈ˢ寸前ᵖn:common_nounʳスンゼン⌉⌈ˢでᵖprt:case_particleʳデ⌉⌈ˢ弱火ᵖn:common_nounʳヨワビ⌉⌈ˢにᵖprt:case_particleʳニ⌉⌈ˢしᵖv:non_self_reliant:sa-irregular:conjunctiveᵇするᵈするʳシ⌉⌈ˢてᵖprt:conjunctive_particleʳテ⌉⌈ˢ、ᵖauxs:comma⌉⌈ˢもう一度ᵖn:common_noun:adverb-possibleʳモウイチド⌉⌈ˢ灰汁ᵖn:common_nounʳアク⌉⌈ˢをᵖprt:case_particleʳヲ⌉⌈ˢ取り除きᵖv:general:godan-ka:conjunctiveᵇ取り除くᵈ取り除くʳトリノゾキ⌉⌈ˢますᵖauxv:auxv-masu:attributiveʳマス⌉⌈ˢのᵖprt:pre_noun_particleʳノ⌉⌈ˢだᵖauxv:auxv-da:terminalʳダ⌉⌈ˢ。ᵖauxs:period⌉
５００ドルなんてかれにとってははした金だ。	neutral	casual	⌈ˢ５００ᵖn:numeralᵇ500ᵈ500ʳゴレイレイ⌉⌈ˢドルᵖn:common_noun:counter-possible⌉⌈ˢなんてᵖprt:adverbial_particleʳナンテ⌉⌈ˢかれᵖpronʳカレ⌉⌈ˢにᵖprt:case_particleʳニ⌉⌈ˢとっᵖv:general:godan-ra:conjunctive-geminateᵇとるᵈとるʳトッ⌉⌈ˢてᵖprt:conjunctive_particleʳテ⌉⌈ˢはᵖprt:binding_particleʳハ⌉⌈ˢはした金ᵖn:common_nounʳハシタガネ⌉⌈ˢだᵖauxv:auxv-da:terminalʳダ⌉⌈ˢ。ᵖauxs:period⌉
６月末に参加者を募ったら１週間弱で約５００席が予約でいっぱいになったです。	neutral	formal	⌈ˢ６ᵖn:numeralᵇ6ᵈ6ʳロク⌉⌈ˢ月ᵖn:common_noun:counter-possibleʳガツ⌉⌈ˢ末ᵖsuff:noun_like:adverb-possibleʳマツ⌉⌈ˢにᵖprt:case_particleʳニ⌉⌈ˢ参加者ᵖn:common_nounʳサンカシャ⌉⌈ˢをᵖprt:case_particleʳヲ⌉⌈ˢ募っᵖv:general:godan-ra:conjunctive-geminateᵇ募るᵈ募るʳツノッ⌉⌈ˢたらᵖauxv:auxv-ta:conditionalᵇたᵈたʳタラ⌉⌈ˢ１ᵖn:numeralᵇ1ᵈ1ʳイチ⌉⌈ˢ週間ᵖn:common_noun:counter-possibleʳシュウカン⌉⌈ˢ弱ᵖsuff:noun_likeʳジャク⌉⌈ˢでᵖprt:case_particleʳデ⌉⌈ˢ約ᵖprefʳヤク⌉⌈ˢ５００ᵖn:numeralᵇ500ᵈ500ʳゴレイレイ⌉⌈ˢ席ᵖn:common_nounʳセキ⌉⌈ˢがᵖprt:case_particleʳガ⌉⌈ˢ予約ᵖn:common_noun:suru-possibleʳヨヤク⌉⌈ˢでᵖprt:case_particleʳデ⌉⌈ˢいっぱいᵖn:common_noun:pos2-unk1ʳイッパイ⌉⌈ˢにᵖauxv:auxv-da:conjunctive-niᵇだᵈだʳニ⌉⌈ˢなっᵖv:non_self_reliant:godan-ra:conjunctive-geminateᵇなるᵈなるʳナッ⌉⌈ˢたᵖauxv:auxv-ta:terminalʳタ⌉⌈ˢですᵖauxv:auxv-desu:terminalʳデス⌉⌈ˢ。ᵖauxs:period⌉
ＵＦＯが空を飛んでいるだ。	neutral	casual	⌈ˢＵＦＯᵖn:common_nounᵇUFOᵈUFOʳユーフォー⌉⌈ˢがᵖprt:case_particleʳガ⌉⌈ˢ空ᵖn:common_nounʳソラ⌉⌈ˢをᵖprt:case_particleʳヲ⌉⌈ˢ飛んᵖv:general:godan-ba:conjunctive-nasalᵇ飛ぶᵈ飛ぶʳトン⌉⌈ˢでᵖprt:conjunctive_particleʳデ⌉⌈ˢいるᵖv:non_self_reliant:i-ichidan-a:terminalʳイル⌉⌈ˢだᵖauxv:auxv-da:terminalʳダ⌉⌈ˢ。ᵖauxs:period⌉
