sentence	predicted	actual	kotogram
Tatoebaに復帰してしまった。以前にポストした長文が訳されていたりしてちょっと感動した。また前のようにメールから抜き出してオリジナル例文として投稿するはというのをやっていて、今昨年末まで終わったとこ。	grammatic	agrammatic	⌈ˢTatoebaᵖn:common_nounᵇtatoebaᵈtatoebaʳtatoeba⌉⌈ˢにᵖprt:case_particleʳニ⌉⌈ˢ復帰ᵖn:common_noun:suru-possibleʳフッキ⌉⌈ˢしᵖv:non_self_reliant:sa-irregular:conjunctiveᵇするᵈするʳシ⌉⌈ˢてᵖprt:conjunctive_particleʳテ⌉⌈ˢしまっᵖv:non_self_reliant:godan-waa:conjunctive-geminateᵇしまうᵈしまうʳシマッ⌉⌈ˢたᵖauxv:auxv-ta:terminalʳタ⌉⌈ˢ。ᵖauxs:period⌉⌈ˢ以前ᵖn:common_noun:adverb-possibleʳイゼン⌉⌈ˢにᵖprt:case_particleʳニ⌉⌈ˢポストᵖn:common_noun⌉⌈ˢしᵖv:non_self_reliant:sa-irregular:conjunctiveᵇするᵈするʳシ⌉⌈ˢたᵖauxv:auxv-ta:attributiveʳタ⌉⌈ˢ長文ᵖn:common_nounʳチョウブン⌉⌈ˢがᵖprt:case_particleʳガ⌉⌈ˢ訳さᵖv:general:godan-sa:imperfectiveᵇ訳すᵈ訳すʳヤクサ⌉⌈ˢれᵖauxv:auxv-reru:conjunctiveᵇれるᵈれるʳレ⌉⌈ˢてᵖprt:conjunctive_particleʳテ⌉⌈ˢいᵖv:non_self_reliant:i-ichidan-a:conjunctiveᵇいるᵈいるʳイ⌉⌈ˢたりᵖprt:adverbial_particleʳタリ⌉⌈ˢしᵖv:non_self_reliant:sa-irregular:conjunctiveᵇするᵈするʳシ⌉⌈ˢてᵖprt:conjunctive_particleʳテ⌉⌈ˢちょっとᵖadvʳチョット⌉⌈ˢ感動ᵖn:common_noun:suru-possibleʳカンドウ⌉⌈ˢしᵖv:non_self_reliant:sa-irregular:conjunctiveᵇするᵈするʳシ⌉⌈ˢたᵖauxv:auxv-ta:terminalʳタ⌉⌈ˢ。ᵖauxs:period⌉⌈ˢまたᵖconjʳマタ⌉⌈ˢ前ᵖn:common_noun:adverb-possibleʳマエ⌉⌈ˢのᵖprt:case_particleʳノ⌉⌈ˢようᵖshp:auxiliary_verb_stemʳヨウ⌉⌈ˢにᵖauxv:auxv-da:conjunctive-niᵇだᵈだʳニ⌉⌈ˢメールᵖn:common_noun:suru-possible⌉⌈ˢからᵖprt:case_particleʳカラ⌉⌈ˢ抜き出しᵖv:general:godan-sa:conjunctiveᵇ抜き出すᵈ抜き出すʳヌキダシ⌉⌈ˢてᵖprt:conjunctive_particleʳテ⌉⌈ˢオリジナルᵖn:common_noun:pos2-unk1⌉⌈ˢ例文ᵖn:common_nounʳレイブン⌉⌈ˢとᵖprt:case_particleʳト⌉⌈ˢしᵖv:non_self_reliant:sa-irregular:conjunctiveᵇするᵈするʳシ⌉⌈ˢてᵖprt:conjunctive_particleʳテ⌉⌈ˢ投稿ᵖn:common_noun:suru-possibleʳトウコウ⌉⌈ˢするᵖv:non_self_reliant:sa-irregular:terminalʳスル⌉⌈ˢはᵖprt:binding_particleʳハ⌉⌈ˢとᵖprt:case_particleʳト⌉⌈ˢいうᵖv:general:godan-waa:attributiveʳイウ⌉⌈ˢのᵖprt:pre_noun_particleʳノ⌉⌈ˢをᵖprt:case_particleʳヲ⌉⌈ˢやっᵖv:non_self_reliant:godan-ra:conjunctive-geminateᵇやるᵈやるʳヤッ⌉⌈ˢてᵖprt:conjunctive_particleʳテ⌉⌈ˢいᵖv:non_self_reliant:i-ichidan-a:conjunctiveᵇいるᵈいるʳイ⌉⌈ˢてᵖprt:conjunctive_particleʳテ⌉⌈ˢ、ᵖauxs:comma⌉⌈ˢ今ᵖn:common_noun:adverb-possibleʳイマ⌉⌈ˢ昨年末ᵖn:common_nounʳサクネンマツ⌉⌈ˢまでᵖprt:adverbial_particleʳマデ⌉⌈ˢ終わっᵖv:non_self_reliant:godan-ra:conjunctive-geminateᵇ終わるᵈ終わるʳオワッ⌉⌈ˢたᵖauxv:auxv-ta:attributiveʳタ⌉⌈ˢとこᵖn:common_nounʳトコ⌉⌈ˢ。ᵖauxs:period⌉
iTunesのＭＰ３エンコーダは音質が悪いだって本当？	grammatic	agrammatic	⌈ˢiTunesᵖn:proper_nounʳアイチューンズ⌉⌈ˢのᵖprt:case_particleʳノ⌉⌈ˢＭＰᵖn:common_nounᵇMPᵈMPʳエムピー⌉⌈ˢ３ᵖn:numeralᵇ3ᵈ3ʳサン⌉⌈ˢエンコーダᵖn:common_noun⌉⌈ˢはᵖprt:binding_particleʳハ⌉⌈ˢ音質ᵖn:common_nounʳオンシツ⌉⌈ˢがᵖprt:case_particleʳガ⌉⌈ˢ悪いᵖadj:general:adjective:terminalʳワルイ⌉⌈ˢだってᵖprt:conjunctive_particleʳダッテ⌉⌈ˢ本当ᵖn:common_nounʳホントウ⌉⌈ˢ？ᵖauxs:periodᵇ?ᵈ?ʳ?⌉
ß はとても美しい文字なので、あんなに多くの単語でこれを棄てて ss と書く気にはなれないのです。	agrammatic	grammatic	⌈ˢßᵖn:common_noun⌉⌈ˢ ᵖspaceʳキゴウ⌉⌈ˢはᵖprt:binding_particleʳハ⌉⌈ˢとてもᵖadvʳトテモ⌉⌈ˢ美しいᵖadj:general:adjective:attributiveʳウツクシイ⌉⌈ˢ文字ᵖn:common_nounʳモジ⌉⌈ˢなᵖauxv:auxv-da:attributiveᵇだᵈだʳナ⌉⌈ˢのᵖprt:pre_noun_particleʳノ⌉⌈ˢでᵖauxv:auxv-da:conjunctiveᵇだᵈだʳデ⌉⌈ˢ、ᵖauxs:comma⌉⌈ˢあんなᵖshp:generalʳアンナ⌉⌈ˢにᵖauxv:auxv-da:conjunctive-niᵇだᵈだʳニ⌉⌈ˢ多くᵖn:common_noun:adverb-possibleʳオオク⌉⌈ˢのᵖprt:case_particleʳノ⌉⌈ˢ単語ᵖn:common_nounʳタンゴ⌉⌈ˢでᵖprt:case_particleʳデ⌉⌈ˢこれᵖpronʳコレ⌉⌈ˢをᵖprt:case_particleʳヲ⌉⌈ˢ棄てᵖv:general:e-ichidan-ta:conjunctiveᵇ棄てるᵈ棄てるʳステ⌉⌈ˢてᵖprt:conjunctive_particleʳテ⌉⌈ˢ ᵖspaceʳキゴウ⌉⌈ˢssᵖn:common_nounᵇSSᵈSSʳエスエス⌉⌈ˢ ᵖspaceʳキゴウ⌉⌈ˢとᵖprt:case_particleʳト⌉⌈ˢ書くᵖv:general:godan-ka:attributiveʳカク⌉⌈ˢ気ᵖn:common_nounʳキ⌉⌈ˢにᵖprt:case_particleʳニ⌉⌈ˢはᵖprt:binding_particleʳハ⌉⌈ˢなれᵖv:non_self_reliant:e-ichidan-ra:imperfectiveᵇなれるᵈなれるʳナレ⌉⌈ˢないᵖauxv:auxv-nai:attributiveʳナイ⌉⌈ˢのᵖprt:pre_noun_particleʳノ⌉⌈ˢですᵖauxv:auxv-desu:terminalʳデス⌉⌈ˢ。ᵖauxs:period⌉
「コーヒーのお替わりいる？」「うん、ぼくのは少なめ、弟のには多めについでね」	agrammatic	grammatic	⌈ˢ「ᵖauxs:bracket_openʳキゴウ⌉⌈ˢコーヒーᵖn:common_noun⌉⌈ˢのᵖprt:case_particleʳノ⌉⌈ˢおᵖprefʳオ⌉⌈ˢ替わりᵖv:general:godan-ra:conjunctiveᵇ替わるᵈ替わるʳカワリ⌉⌈ˢいるᵖv:non_self_reliant:i-ichidan-a:terminalʳイル⌉⌈ˢ？ᵖauxs:periodᵇ?ᵈ?ʳ?⌉⌈ˢ」ᵖauxs:bracket_closeʳキゴウ⌉⌈ˢ「ᵖauxs:bracket_openʳキゴウ⌉⌈ˢうんᵖint:generalʳウン⌉⌈ˢ、ᵖauxs:comma⌉⌈ˢぼくᵖpronʳボク⌉⌈ˢのᵖprt:pre_noun_particleʳノ⌉⌈ˢはᵖprt:binding_particleʳハ⌉⌈ˢ少なめᵖshp:generalʳスクナメ⌉⌈ˢ、ᵖauxs:comma⌉⌈ˢ弟ᵖn:common_nounʳオトウト⌉⌈ˢのᵖprt:case_particleʳノ⌉⌈ˢにᵖprt:case_particleʳニ⌉⌈ˢはᵖprt:binding_particleʳハ⌉⌈ˢ多めᵖshp:generalʳオオメ⌉⌈ˢにᵖauxv:auxv-da:conjunctive-niᵇだᵈだʳニ⌉⌈ˢついᵖv:general:godan-ga:conjunctive-i-soundᵇつぐᵈつぐʳツイ⌉⌈ˢでᵖprt:conjunctive_particleʳデ⌉⌈ˢねᵖprt:sentence_final_particleʳネ⌉⌈ˢ」ᵖauxs:bracket_closeʳキゴウ⌉
あなたは本当に頑張りを屋さんだ。	grammatic	agrammatic	⌈ˢあなたᵖpronʳアナタ⌉⌈ˢはᵖprt:binding_particleʳハ⌉⌈ˢ本当ᵖn:common_nounʳホントウ⌉⌈ˢにᵖprt:case_particleʳニ⌉⌈ˢ頑張りᵖn:common_nounʳガンバリ⌉⌈ˢをᵖprt:case_particleʳヲ⌉⌈ˢ屋ᵖsuff:noun_likeʳヤ⌉⌈ˢさんᵖsuff:noun_likeʳサン⌉⌈ˢだᵖauxv:auxv-da:terminalʳダ⌉⌈ˢ。ᵖauxs:period⌉
あの俳優はハンサムだし、演技もうまいだ。	grammatic	agrammatic	⌈ˢあのᵖatʳアノ⌉⌈ˢ俳優ᵖn:common_nounʳハイユウ⌉⌈ˢはᵖprt:binding_particleʳハ⌉⌈ˢハンサムᵖshp:general⌉⌈ˢだᵖauxv:auxv-da:terminalʳダ⌉⌈ˢしᵖprt:conjunctive_particleʳシ⌉⌈ˢ、ᵖauxs:comma⌉⌈ˢ演技ᵖn:common_noun:suru-possibleʳエンギ⌉⌈ˢもうまいᵖn:common_noun:pos2-unk1ʳモウマイ⌉⌈ˢだᵖauxv:auxv-da:terminalʳダ⌉⌈ˢ。ᵖauxs:period⌉
あの話は面白くて仕方がないですから、みんなに話したかったです。	agrammatic	grammatic	⌈ˢあのᵖatʳアノ⌉⌈ˢ話ᵖn:common_noun:suru-possibleʳハナシ⌉⌈ˢはᵖprt:binding_particleʳハ⌉⌈ˢ面白くᵖadj:general:adjective:conjunctiveᵇ面白いᵈ面白いʳオモシロク⌉⌈ˢてᵖprt:conjunctive_particleʳテ⌉⌈ˢ仕方ᵖn:common_nounʳシカタ⌉⌈ˢがᵖprt:case_particleʳガ⌉⌈ˢないᵖadj:non_self_reliant:adjective:terminalʳナイ⌉⌈ˢですᵖauxv:auxv-desu:terminalʳデス⌉⌈ˢからᵖprt:conjunctive_particleʳカラ⌉⌈ˢ、ᵖauxs:comma⌉⌈ˢみんなᵖn:common_noun:adverb-possibleʳミンナ⌉⌈ˢにᵖprt:case_particleʳニ⌉⌈ˢ話しᵖv:general:godan-sa:conjunctiveᵇ話すᵈ話すʳハナシ⌉⌈ˢたかっᵖauxv:auxv-tai:conjunctive-geminateᵇたいᵈたいʳタカッ⌉⌈ˢたᵖauxv:auxv-ta:terminalʳタ⌉⌈ˢですᵖauxv:auxv-desu:terminalʳデス⌉⌈ˢ。ᵖauxs:period⌉
あることにすすんで割こうとする時間量で、それが当人にとてどのくらい重要なのかが分かる。	grammatic	agrammatic	⌈ˢあるᵖatʳアル⌉⌈ˢことᵖn:common_nounʳコト⌉⌈ˢにᵖprt:case_particleʳニ⌉⌈ˢすすんᵖv:general:godan-ma:conjunctive-nasalᵇすすむᵈすすむʳススン⌉⌈ˢでᵖprt:conjunctive_particleʳデ⌉⌈ˢ割こうᵖv:general:godan-ka:volitional-presumptiveᵇ割くᵈ割くʳサコウ⌉⌈ˢとᵖprt:case_particleʳト⌉⌈ˢするᵖv:non_self_reliant:sa-irregular:attributiveʳスル⌉⌈ˢ時間ᵖn:common_noun:counter-possibleʳジカン⌉⌈ˢ量ᵖn:common_nounʳリョウ⌉⌈ˢでᵖprt:case_particleʳデ⌉⌈ˢ、ᵖauxs:comma⌉⌈ˢそれᵖpronʳソレ⌉⌈ˢがᵖprt:case_particleʳガ⌉⌈ˢ当人ᵖn:common_nounʳトウニン⌉⌈ˢにᵖprt:case_particleʳニ⌉⌈ˢとてᵖprt:case_particleʳトテ⌉⌈ˢどのᵖatʳドノ⌉⌈ˢくらいᵖprt:adverbial_particleʳクライ⌉⌈ˢ重要ᵖshp:generalʳジュウヨウ⌉⌈ˢなᵖauxv:auxv-da:attributiveᵇだᵈだʳナ⌉⌈ˢのᵖprt:pre_noun_particleʳノ⌉⌈ˢかᵖprt:adverbial_particleʳカ⌉⌈ˢがᵖprt:case_particleʳガ⌉⌈ˢ分かるᵖv:general:godan-ra:terminalʳワカル⌉⌈ˢ。ᵖauxs:period⌉
ある軍事政権は台風による国民の悲惨な状況を報道しないよう週刊誌に指示した。	agrammatic	grammatic	⌈ˢあるᵖatʳアル⌉⌈ˢ軍事政権ᵖn:common_nounʳグンジセイケン⌉⌈ˢはᵖprt:binding_particleʳハ⌉⌈ˢ台風ᵖn:common_nounʳタイフウ⌉⌈ˢにᵖprt:case_particleʳニ⌉⌈ˢよるᵖv:general:godan-ra:attributiveʳヨル⌉⌈ˢ国民ᵖn:common_nounʳコクミン⌉⌈ˢのᵖprt:case_particleʳノ⌉⌈ˢ悲惨ᵖn:common_noun:pos2-unk1ʳヒサン⌉⌈ˢなᵖauxv:auxv-da:attributiveᵇだᵈだʳナ⌉⌈ˢ状況ᵖn:common_nounʳジョウキョウ⌉⌈ˢをᵖprt:case_particleʳヲ⌉⌈ˢ報道ᵖn:common_noun:suru-possibleʳホウドウ⌉⌈ˢしᵖv:non_self_reliant:sa-irregular:imperfectiveᵇするᵈするʳシ⌉⌈ˢないᵖauxv:auxv-nai:attributiveʳナイ⌉⌈ˢようᵖshp:auxiliary_verb_stemʳヨウ⌉⌈ˢ週刊誌ᵖn:common_nounʳシュウカンシ⌉⌈ˢにᵖprt:case_particleʳニ⌉⌈ˢ指示ᵖn:common_noun:suru-possibleʳシジ⌉⌈ˢしᵖv:non_self_reliant:sa-irregular:conjunctiveᵇするᵈするʳシ⌉⌈ˢたᵖauxv:auxv-ta:terminalʳタ⌉⌈ˢ。ᵖauxs:period⌉
うん。前の先生に紹介してもらて、転院したの。	grammatic	agrammatic	⌈ˢうんᵖint:generalʳウン⌉⌈ˢ。ᵖauxs:period⌉⌈ˢ前ᵖn:common_noun:adverb-possibleʳマエ⌉⌈ˢのᵖprt:case_particleʳノ⌉⌈ˢ先生ᵖn:common_nounʳセンセイ⌉⌈ˢにᵖprt:case_particleʳニ⌉⌈ˢ紹介ᵖn:common_noun:suru-possibleʳショウカイ⌉⌈ˢしᵖv:non_self_reliant:sa-irregular:conjunctiveᵇするᵈするʳシ⌉⌈ˢてᵖprt:conjunctive_particleʳテ⌉⌈ˢもᵖprt:binding_particleʳモ⌉⌈ˢらてᵖn:proper_noun:person-nameʳラテ⌉⌈ˢ、ᵖauxs:comma⌉⌈ˢ転院ᵖn:common_noun:suru-possibleʳテンイン⌉⌈ˢしᵖv:non_self_reliant:sa-irregular:conjunctiveᵇするᵈするʳシ⌉⌈ˢたᵖauxv:auxv-ta:attributiveʳタ⌉⌈ˢのᵖprt:sentence_final_particleʳノ⌉⌈ˢ。ᵖauxs:period⌉
おめでとうございます、元気女の子ですよ。	grammatic	agrammatic	⌈ˢおめでとうᵖint:generalʳオメデトウ⌉⌈ˢございᵖv:non_self_reliant:godan-ra:conjunctive-i-soundᵇござるᵈござるʳゴザイ⌉⌈ˢますᵖauxv:auxv-masu:terminalʳマス⌉⌈ˢ、ᵖauxs:comma⌉⌈ˢ元気ᵖn:common_noun:pos2-unk1ʳゲンキ⌉⌈ˢ女の子ᵖn:common_nounʳオンナノコ⌉⌈ˢですᵖauxv:auxv-desu:terminalʳデス⌉⌈ˢよᵖprt:sentence_final_particleʳヨ⌉⌈ˢ。ᵖauxs:period⌉
お若いかたがあなたにお会いしるたいそうです。	grammatic	agrammatic	⌈ˢおᵖprefʳオ⌉⌈ˢ若いᵖadj:general:adjective:attributiveʳワカイ⌉⌈ˢかたᵖn:common_nounʳカタ⌉⌈ˢがᵖprt:case_particleʳガ⌉⌈ˢあなたᵖpronʳアナタ⌉⌈ˢにᵖprt:case_particleʳニ⌉⌈ˢおᵖprefʳオ⌉⌈ˢ会いᵖv:general:godan-waa:conjunctiveᵇ会うᵈ会うʳアイ⌉⌈ˢしるᵖn:common_nounʳシル⌉⌈ˢたいそうᵖshp:generalʳタイソウ⌉⌈ˢですᵖauxv:auxv-desu:terminalʳデス⌉⌈ˢ。ᵖauxs:period⌉
お釣り・カードの取りを忘れにご注意ください。	grammatic	agrammatic	⌈ˢお釣りᵖn:common_nounʳオツリ⌉⌈ˢ・ᵖauxs:general⌉⌈ˢカードᵖn:common_noun⌉⌈ˢのᵖprt:case_particleʳノ⌉⌈ˢ取りᵖn:common_nounʳトリ⌉⌈ˢをᵖprt:case_particleʳヲ⌉⌈ˢ忘れᵖv:non_self_reliant:e-ichidan-ra:conjunctiveᵇ忘れるᵈ忘れるʳワスレ⌉⌈ˢにᵖprt:case_particleʳニ⌉⌈ˢごᵖprefʳゴ⌉⌈ˢ注意ᵖn:common_noun:suru-possibleʳチュウイ⌉⌈ˢくださいᵖv:non_self_reliant:godan-ra:imperativeᵇくださるᵈくださるʳクダサイ⌉⌈ˢ。ᵖauxs:period⌉
このようのしてその出来事は起こった。	agrammatic	grammatic	⌈ˢこのᵖatʳコノ⌉⌈ˢようᵖshp:auxiliary_verb_stemʳヨウ⌉⌈ˢのしᵖv:general:godan-sa:conjunctiveᵇのすᵈのすʳノシ⌉⌈ˢてᵖprt:conjunctive_particleʳテ⌉⌈ˢそのᵖatʳソノ⌉⌈ˢ出来事ᵖn:common_nounʳデキゴト⌉⌈ˢはᵖprt:binding_particleʳハ⌉⌈ˢ起こっᵖv:general:godan-ra:conjunctive-geminateᵇ起こるᵈ起こるʳオコッ⌉⌈ˢたᵖauxv:auxv-ta:terminalʳタ⌉⌈ˢ。ᵖauxs:period⌉
この安全マニュアルは、新入社員に限らず、ベテランの従業員にも不可欠です。	agrammatic	grammatic	⌈ˢこのᵖatʳコノ⌉⌈ˢ安全ᵖn:common_noun:pos2-unk1ʳアンゼン⌉⌈ˢマニュアルᵖn:common_noun⌉⌈ˢはᵖprt:binding_particleʳハ⌉⌈ˢ、ᵖauxs:comma⌉⌈ˢ新入社員ᵖn:common_nounʳシンニュウシャイン⌉⌈ˢにᵖprt:case_particleʳニ⌉⌈ˢ限らᵖv:general:godan-ra:imperfectiveᵇ限るᵈ限るʳカギラ⌉⌈ˢずᵖauxv:auxv-nu:conjunctiveʳズ⌉⌈ˢ、ᵖauxs:comma⌉⌈ˢベテランᵖn:common_noun⌉⌈ˢのᵖprt:case_particleʳノ⌉⌈ˢ従業員ᵖn:common_nounʳジュウギョウイン⌉⌈ˢにᵖprt:case_particleʳニ⌉⌈ˢもᵖprt:binding_particleʳモ⌉⌈ˢ不可欠ᵖshp:generalʳフカケツ⌉⌈ˢですᵖauxv:auxv-desu:terminalʳデス⌉⌈ˢ。ᵖauxs:period⌉
この小さな村には新鮮な野菜を買えるどこもありません。	agrammatic	grammatic	⌈ˢこのᵖatʳコノ⌉⌈ˢ小さなᵖatʳチイサナ⌉⌈ˢ村ᵖn:common_nounʳムラ⌉⌈ˢにᵖprt:case_particleʳニ⌉⌈ˢはᵖprt:binding_particleʳハ⌉⌈ˢ新鮮ᵖshp:generalʳシンセン⌉⌈ˢなᵖauxv:auxv-da:attributiveᵇだᵈだʳナ⌉⌈ˢ野菜ᵖn:common_nounʳヤサイ⌉⌈ˢをᵖprt:case_particleʳヲ⌉⌈ˢ買えるᵖv:general:e-ichidan-a:attributiveʳカエル⌉⌈ˢどこᵖpronʳドコ⌉⌈ˢもᵖprt:binding_particleʳモ⌉⌈ˢありᵖv:non_self_reliant:godan-ra:conjunctiveᵇあるᵈあるʳアリ⌉⌈ˢませᵖauxv:auxv-masu:imperfectiveᵇますᵈますʳマセ⌉⌈ˢんᵖauxv:auxv-nu:terminal-nasalᵇぬᵈぬʳン⌉⌈ˢ。ᵖauxs:period⌉
この新しいゲームはレトロピクセルアート風のグラフィックです。	agrammatic	grammatic	⌈ˢこのᵖatʳコノ⌉⌈ˢ新しいᵖadj:general:adjective:attributiveʳアタラシイ⌉⌈ˢゲームᵖn:common_noun⌉⌈ˢはᵖprt:binding_particleʳハ⌉⌈ˢレトロᵖn:common_noun:pos2-unk1⌉⌈ˢピクセルᵖn:common_noun⌉⌈ˢアートᵖn:common_noun⌉⌈ˢ風ᵖsuff:shape_word_likeʳフウ⌉⌈ˢのᵖprt:case_particleʳノ⌉⌈ˢグラフィックᵖn:common_noun:pos2-unk1⌉⌈ˢですᵖauxv:auxv-desu:terminalʳデス⌉⌈ˢ。ᵖauxs:period⌉
この試合はいただきだ。	agrammatic	grammatic	⌈ˢこのᵖatʳコノ⌉⌈ˢ試合ᵖn:common_noun:suru-possibleʳシアイ⌉⌈ˢはᵖprt:binding_particleʳハ⌉⌈ˢいただきᵖv:non_self_reliant:godan-ka:conjunctiveᵇいただくᵈいただくʳイタダキ⌉⌈ˢだᵖauxv:auxv-da:terminalʳダ⌉⌈ˢ。ᵖauxs:period⌉
これらの点は同じ項目にまとめで扱うことができる。	grammatic	agrammatic	⌈ˢこれᵖpronʳコレ⌉⌈ˢらᵖsuff:noun_likeʳラ⌉⌈ˢのᵖprt:case_particleʳノ⌉⌈ˢ点ᵖn:common_noun:counter-possibleʳテン⌉⌈ˢはᵖprt:binding_particleʳハ⌉⌈ˢ同じᵖatʳオナジ⌉⌈ˢ項目ᵖn:common_nounʳコウモク⌉⌈ˢにᵖprt:case_particleʳニ⌉⌈ˢまとめᵖn:common_nounʳマトメ⌉⌈ˢでᵖprt:case_particleʳデ⌉⌈ˢ扱うᵖv:general:godan-waa:attributiveʳアツカウ⌉⌈ˢことᵖn:common_nounʳコト⌉⌈ˢがᵖprt:case_particleʳガ⌉⌈ˢできるᵖv:non_self_reliant:i-ichidan-ka:terminalʳデキル⌉⌈ˢ。ᵖauxs:period⌉
しきりに「恋人欲しい」を言う人って恋人が欲しいのではなくて、暇な時、イベントごとにとりあえずおもちゃ箱から出しで退屈をしのげる存在か、嫌なことがあった時、何から何まで肯定して絶対的味方でいてくれる精神安定剤みたいな存在が欲しい訳で、偶然両方の効用を持つのが恋人だった、ってところ？	grammatic	agrammatic	⌈ˢしきりᵖadvʳシキリ⌉⌈ˢにᵖprt:case_particleʳニ⌉⌈ˢ「ᵖauxs:bracket_openʳキゴウ⌉⌈ˢ恋人ᵖn:common_nounʳコイビト⌉⌈ˢ欲しいᵖadj:non_self_reliant:adjective:terminalʳホシイ⌉⌈ˢ」ᵖauxs:bracket_closeʳキゴウ⌉⌈ˢをᵖprt:case_particleʳヲ⌉⌈ˢ言うᵖv:general:godan-waa:attributiveʳイウ⌉⌈ˢ人ᵖn:common_nounʳヒト⌉⌈ˢってᵖprt:adverbial_particleʳッテ⌉⌈ˢ恋人ᵖn:common_nounʳコイビト⌉⌈ˢがᵖprt:case_particleʳガ⌉⌈ˢ欲しいᵖadj:non_self_reliant:adjective:attributiveʳホシイ⌉⌈ˢのᵖprt:pre_noun_particleʳノ⌉⌈ˢでᵖauxv:auxv-da:conjunctiveᵇだᵈだʳデ⌉⌈ˢはᵖprt:binding_particleʳハ⌉⌈ˢなくᵖadj:non_self_reliant:adjective:conjunctiveᵇないᵈないʳナク⌉⌈ˢてᵖprt:conjunctive_particleʳテ⌉⌈ˢ、ᵖauxs:comma⌉⌈ˢ暇ᵖn:common_noun:pos2-unk1ʳヒマ⌉⌈ˢなᵖauxv:auxv-da:attributiveᵇだᵈだʳナ⌉⌈ˢ時ᵖn:common_noun:adverb-possibleʳトキ⌉⌈ˢ、ᵖauxs:comma⌉⌈ˢイベントᵖn:common_noun⌉⌈ˢごとᵖsuff:noun_likeʳゴト⌉⌈ˢにᵖprt:case_particleʳニ⌉⌈ˢとりあえずᵖadvʳトリアエズ⌉⌈ˢおもちゃ箱ᵖn:common_nounʳオモチャバコ⌉⌈ˢからᵖprt:case_particleʳカラ⌉⌈ˢ出しᵖn:common_nounʳダシ⌉⌈ˢでᵖprt:case_particleʳデ⌉⌈ˢ退屈ᵖn:common_noun:pos2-unk2ʳタイクツ⌉⌈ˢをᵖprt:case_particleʳヲ⌉⌈ˢしのげるᵖv:general:e-ichidan-ga:attributiveʳシノゲル⌉⌈ˢ存在ᵖn:common_noun:suru-possibleʳソンザイ⌉⌈ˢかᵖprt:adverbial_particleʳカ⌉⌈ˢ、ᵖauxs:comma⌉⌈ˢ嫌ᵖshp:generalʳイヤ⌉⌈ˢなᵖauxv:auxv-da:attributiveᵇだᵈだʳナ⌉⌈ˢことᵖn:common_nounʳコト⌉⌈ˢがᵖprt:case_particleʳガ⌉⌈ˢあっᵖv:non_self_reliant:godan-ra:conjunctive-geminateᵇあるᵈあるʳアッ⌉⌈ˢたᵖauxv:auxv-ta:attributiveʳタ⌉⌈ˢ時ᵖn:common_noun:adverb-possibleʳトキ⌉⌈ˢ、ᵖauxs:comma⌉⌈ˢ何ᵖpronʳナン⌉⌈ˢからᵖprt:case_particleʳカラ⌉⌈ˢ何ᵖpronʳナン⌉⌈ˢまでᵖprt:adverbial_particleʳマデ⌉⌈ˢ肯定ᵖn:common_noun:suru-possibleʳコウテイ⌉⌈ˢしᵖv:non_self_reliant:sa-irregular:conjunctiveᵇするᵈするʳシ⌉⌈ˢてᵖprt:conjunctive_particleʳテ⌉⌈ˢ絶対的ᵖn:common_noun:pos2-unk1ʳゼッタイテキ⌉⌈ˢ味方ᵖn:common_noun:suru-possibleʳミカタ⌉⌈ˢでᵖauxv:auxv-da:conjunctiveᵇだᵈだʳデ⌉⌈ˢいᵖv:non_self_reliant:i-ichidan-a:conjunctiveᵇいるᵈいるʳイ⌉⌈ˢてᵖprt:conjunctive_particleʳテ⌉⌈ˢくれるᵖv:non_self_reliant:e-ichidan-ra:attributiveʳクレル⌉⌈ˢ精神安定剤ᵖn:common_nounʳセイシンアンテイザイ⌉⌈ˢみたいᵖshp:auxiliary_verb_stemʳミタイ⌉⌈ˢなᵖauxv:auxv-da:attributiveᵇだᵈだʳナ⌉⌈ˢ存在ᵖn:common_noun:suru-possibleʳソンザイ⌉⌈ˢがᵖprt:case_particleʳガ⌉⌈ˢ欲しいᵖadj:non_self_reliant:adjective:attributiveʳホシイ⌉⌈ˢ訳ᵖn:common_nounʳワケ⌉⌈ˢでᵖauxv:auxv-da:conjunctiveᵇだᵈだʳデ⌉⌈ˢ、ᵖauxs:comma⌉⌈ˢ偶然ᵖadvʳグウゼン⌉⌈ˢ両方ᵖn:common_nounʳリョウホウ⌉⌈ˢのᵖprt:case_particleʳノ⌉⌈ˢ効用ᵖn:common_nounʳコウヨウ⌉⌈ˢをᵖprt:case_particleʳヲ⌉⌈ˢ持つᵖv:general:godan-ta:attributiveʳモツ⌉⌈ˢのᵖprt:pre_noun_particleʳノ⌉⌈ˢがᵖprt:case_particleʳガ⌉⌈ˢ恋人ᵖn:common_nounʳコイビト⌉⌈ˢだっᵖauxv:auxv-da:conjunctive-geminateᵇだᵈだʳダッ⌉⌈ˢたᵖauxv:auxv-ta:terminalʳタ⌉⌈ˢ、ᵖauxs:comma⌉⌈ˢってᵖprt:adverbial_particleʳッテ⌉⌈ˢところᵖn:common_noun:adverb-possibleʳトコロ⌉⌈ˢ？ᵖauxs:periodᵇ?ᵈ?ʳ?⌉
すべて人は、人種、皮膚の色、性、言語、宗教、政治上その他の意見、国民的若しくは社会的出身、財産、門地その他の地位又はこれにに類するいかなる事由による差別をも受けることなく、この宣言に掲げるすべての権利と自由とを享有することができる。	grammatic	agrammatic	⌈ˢすべてᵖn:common_noun:adverb-possibleʳスベテ⌉⌈ˢ人ᵖn:common_nounʳヒト⌉⌈ˢはᵖprt:binding_particleʳハ⌉⌈ˢ、ᵖauxs:comma⌉⌈ˢ人種ᵖn:common_nounʳジンシュ⌉⌈ˢ、ᵖauxs:comma⌉⌈ˢ皮膚ᵖn:common_nounʳヒフ⌉⌈ˢのᵖprt:case_particleʳノ⌉⌈ˢ色ᵖn:common_nounʳイロ⌉⌈ˢ、ᵖauxs:comma⌉⌈ˢ性ᵖn:common_nounʳセイ⌉⌈ˢ、ᵖauxs:comma⌉⌈ˢ言語ᵖn:common_nounʳゲンゴ⌉⌈ˢ、ᵖauxs:comma⌉⌈ˢ宗教ᵖn:common_nounʳシュウキョウ⌉⌈ˢ、ᵖauxs:comma⌉⌈ˢ政治上ᵖn:common_nounʳセイジジョウ⌉⌈ˢそのᵖatʳソノ⌉⌈ˢ他ᵖn:common_noun:adverb-possibleʳタ⌉⌈ˢのᵖprt:case_particleʳノ⌉⌈ˢ意見ᵖn:common_noun:suru-possibleʳイケン⌉⌈ˢ、ᵖauxs:comma⌉⌈ˢ国民的ᵖn:common_noun:pos2-unk1ʳコクミンテキ⌉⌈ˢ若しくはᵖconjʳモシクワ⌉⌈ˢ社会的ᵖn:common_noun:pos2-unk1ʳシャカイテキ⌉⌈ˢ出身ᵖn:common_nounʳシュッシン⌉⌈ˢ、ᵖauxs:comma⌉⌈ˢ財産ᵖn:common_nounʳザイサン⌉⌈ˢ、ᵖauxs:comma⌉⌈ˢ門地ᵖn:common_nounʳモンチ⌉⌈ˢそのᵖatʳソノ⌉⌈ˢ他ᵖn:common_noun:adverb-possibleʳタ⌉⌈ˢのᵖprt:case_particleʳノ⌉⌈ˢ地位ᵖn:common_nounʳチイ⌉⌈ˢ又ᵖconjʳマタ⌉⌈ˢはᵖprt:binding_particleʳハ⌉⌈ˢこれᵖpronʳコレ⌉⌈ˢにᵖprt:case_particleʳニ⌉⌈ˢにᵖprt:case_particleʳニ⌉⌈ˢ類するᵖv:general:sa-irregular:attributiveʳルイスル⌉⌈ˢいかなるᵖatʳイカナル⌉⌈ˢ事由ᵖn:common_nounʳジユウ⌉⌈ˢにᵖprt:case_particleʳニ⌉⌈ˢよるᵖv:general:godan-ra:attributiveʳヨル⌉⌈ˢ差別ᵖn:common_noun:suru-possibleʳサベツ⌉⌈ˢをᵖprt:case_particleʳヲ⌉⌈ˢもᵖprt:binding_particleʳモ⌉⌈ˢ受けるᵖv:general:e-ichidan-ka:attributiveʳウケル⌉⌈ˢことᵖn:common_nounʳコト⌉⌈ˢなくᵖadj:non_self_reliant:adjective:conjunctiveᵇないᵈないʳナク⌉⌈ˢ、ᵖauxs:comma⌉⌈ˢこのᵖatʳコノ⌉⌈ˢ宣言ᵖn:common_noun:suru-possibleʳセンゲン⌉⌈ˢにᵖprt:case_particleʳニ⌉⌈ˢ掲げるᵖv:general:e-ichidan-ga:attributiveʳカカゲル⌉⌈ˢすべてᵖn:common_noun:adverb-possibleʳスベテ⌉⌈ˢのᵖprt:case_particleʳノ⌉⌈ˢ権利ᵖn:common_nounʳケンリ⌉⌈ˢとᵖprt:case_particleʳト⌉⌈ˢ自由ᵖn:common_noun:pos2-unk1ʳジユウ⌉⌈ˢとᵖprt:case_particleʳト⌉⌈ˢをᵖprt:case_particleʳヲ⌉⌈ˢ享有ᵖn:common_noun:suru-possibleʳキョウユウ⌉⌈ˢするᵖv:non_self_reliant:sa-irregular:attributiveʳスル⌉⌈ˢことᵖn:common_nounʳコト⌉⌈ˢがᵖprt:case_particleʳガ⌉⌈ˢできるᵖv:non_self_reliant:i-ichidan-ka:terminalʳデキル⌉⌈ˢ。ᵖauxs:period⌉
そしてこの国の次のファーストレディ、ミシェル・オバマ。彼女が絶え間なく私を支えてくれなければ、16年前からずっと最高の親友でいてくれたた彼女が、礎となって家族を支えてくれた彼女が、私にとって最愛の彼女がいなければ、私は今夜ここに立っていません。	grammatic	agrammatic	⌈ˢそしてᵖconjʳソシテ⌉⌈ˢこのᵖatʳコノ⌉⌈ˢ国ᵖn:common_nounʳクニ⌉⌈ˢのᵖprt:case_particleʳノ⌉⌈ˢ次ᵖn:common_nounʳツギ⌉⌈ˢのᵖprt:case_particleʳノ⌉⌈ˢファーストᵖn:common_noun⌉⌈ˢレディᵖn:common_noun⌉⌈ˢ、ᵖauxs:comma⌉⌈ˢミシェル・オバマᵖn:proper_noun:person-name⌉⌈ˢ。ᵖauxs:period⌉⌈ˢ彼女ᵖpronʳカノジョ⌉⌈ˢがᵖprt:case_particleʳガ⌉⌈ˢ絶え間ᵖn:common_nounʳタエマ⌉⌈ˢなくᵖadj:non_self_reliant:adjective:conjunctiveᵇないᵈないʳナク⌉⌈ˢ私ᵖpronʳワタクシ⌉⌈ˢをᵖprt:case_particleʳヲ⌉⌈ˢ支えᵖv:general:e-ichidan-a:conjunctiveᵇ支えるᵈ支えるʳササエ⌉⌈ˢてᵖprt:conjunctive_particleʳテ⌉⌈ˢくれᵖv:non_self_reliant:e-ichidan-ra:imperfectiveᵇくれるᵈくれるʳクレ⌉⌈ˢなけれᵖauxv:auxv-nai:conditionalᵇないᵈないʳナケレ⌉⌈ˢばᵖprt:conjunctive_particleʳバ⌉⌈ˢ、ᵖauxs:comma⌉⌈ˢ16ᵖn:numeralʳイチロク⌉⌈ˢ年ᵖn:common_noun:counter-possibleʳネン⌉⌈ˢ前ᵖn:common_noun:adverb-possibleʳマエ⌉⌈ˢからᵖprt:case_particleʳカラ⌉⌈ˢずっとᵖadvʳズット⌉⌈ˢ最高ᵖn:common_noun:pos2-unk1ʳサイコウ⌉⌈ˢのᵖprt:case_particleʳノ⌉⌈ˢ親友ᵖn:common_nounʳシンユウ⌉⌈ˢでᵖauxv:auxv-da:conjunctiveᵇだᵈだʳデ⌉⌈ˢいᵖv:non_self_reliant:i-ichidan-a:conjunctiveᵇいるᵈいるʳイ⌉⌈ˢてᵖprt:conjunctive_particleʳテ⌉⌈ˢくれᵖv:non_self_reliant:e-ichidan-ra:conjunctiveᵇくれるᵈくれるʳクレ⌉⌈ˢたᵖauxv:auxv-ta:terminalʳタ⌉⌈ˢたᵖauxv:auxv-ta:attributiveʳタ⌉⌈ˢ彼女ᵖpronʳカノジョ⌉⌈ˢがᵖprt:case_particleʳガ⌉⌈ˢ、ᵖauxs:comma⌉⌈ˢ礎ᵖn:common_nounʳイシズエ⌉⌈ˢとᵖprt:case_particleʳト⌉⌈ˢなっᵖv:non_self_reliant:godan-ra:conjunctive-geminateᵇなるᵈなるʳナッ⌉⌈ˢてᵖprt:conjunctive_particleʳテ⌉⌈ˢ家族ᵖn:common_nounʳカゾク⌉⌈ˢをᵖprt:case_particleʳヲ⌉⌈ˢ支えᵖv:general:e-ichidan-a:conjunctiveᵇ支えるᵈ支えるʳササエ⌉⌈ˢてᵖprt:conjunctive_particleʳテ⌉⌈ˢくれᵖv:non_self_reliant:e-ichidan-ra:conjunctiveᵇくれるᵈくれるʳクレ⌉⌈ˢたᵖauxv:auxv-ta:attributiveʳタ⌉⌈ˢ彼女ᵖpronʳカノジョ⌉⌈ˢがᵖprt:case_particleʳガ⌉⌈ˢ、ᵖauxs:comma⌉⌈ˢ私ᵖpronʳワタクシ⌉⌈ˢにᵖprt:case_particleʳニ⌉⌈ˢとっᵖv:general:godan-ra:conjunctive-geminateᵇとるᵈとるʳトッ⌉⌈ˢてᵖprt:conjunctive_particleʳテ⌉⌈ˢ最愛ᵖn:common_nounʳサイアイ⌉⌈ˢのᵖprt:case_particleʳノ⌉⌈ˢ彼女ᵖpronʳカノジョ⌉⌈ˢがᵖprt:case_particleʳガ⌉⌈ˢいᵖv:non_self_reliant:i-ichidan-a:imperfectiveᵇいるᵈいるʳイ⌉⌈ˢなけれᵖauxv:auxv-nai:conditionalᵇないᵈないʳナケレ⌉⌈ˢばᵖprt:conjunctive_particleʳバ⌉⌈ˢ、ᵖauxs:comma⌉⌈ˢ私ᵖpronʳワタクシ⌉⌈ˢはᵖprt:binding_particleʳハ⌉⌈ˢ今夜ᵖn:common_noun:adverb-possibleʳコンヤ⌉⌈ˢここᵖpronʳココ⌉⌈ˢにᵖprt:case_particleʳニ⌉⌈ˢ立っᵖv:general:godan-ta:conjunctive-geminateᵇ立つᵈ立つʳタッ⌉⌈ˢてᵖprt:conjunctive_particleʳテ⌉⌈ˢいᵖv:non_self_reliant:i-ichidan-a:conjunctiveᵇいるᵈいるʳイ⌉⌈ˢませᵖauxv:auxv-masu:imperfectiveᵇますᵈますʳマセ⌉⌈ˢんᵖauxv:auxv-nu:terminal-nasalᵇぬᵈぬʳン⌉⌈ˢ。ᵖauxs:period⌉
そしてまもなくショベルカーがやってきて、ひなぎくの花でいっぱいの丘を掘って道路をつくりをはじめました。	grammatic	agrammatic	⌈ˢそしてᵖconjʳソシテ⌉⌈ˢまᵖn:common_noun:counter-possibleʳマ⌉⌈ˢもᵖprt:binding_particleʳモ⌉⌈ˢなくᵖadj:non_self_reliant:adjective:conjunctiveᵇないᵈないʳナク⌉⌈ˢショベルカーᵖn:proper_noun⌉⌈ˢがᵖprt:case_particleʳガ⌉⌈ˢやっᵖv:non_self_reliant:godan-ra:conjunctive-geminateᵇやるᵈやるʳヤッ⌉⌈ˢてᵖprt:conjunctive_particleʳテ⌉⌈ˢきᵖv:non_self_reliant:ka-irregular:conjunctiveᵇくるᵈくるʳキ⌉⌈ˢてᵖprt:conjunctive_particleʳテ⌉⌈ˢ、ᵖauxs:comma⌉⌈ˢひなぎくᵖn:common_nounʳヒナギク⌉⌈ˢのᵖprt:case_particleʳノ⌉⌈ˢ花ᵖn:common_nounʳハナ⌉⌈ˢでᵖprt:case_particleʳデ⌉⌈ˢいっぱいᵖn:common_noun:pos2-unk1ʳイッパイ⌉⌈ˢのᵖprt:case_particleʳノ⌉⌈ˢ丘ᵖn:common_nounʳオカ⌉⌈ˢをᵖprt:case_particleʳヲ⌉⌈ˢ掘っᵖv:general:godan-ra:conjunctive-geminateᵇ掘るᵈ掘るʳホッ⌉⌈ˢてᵖprt:conjunctive_particleʳテ⌉⌈ˢ道路ᵖn:common_nounʳドウロ⌉⌈ˢをᵖprt:case_particleʳヲ⌉⌈ˢつくりᵖn:common_nounʳツクリ⌉⌈ˢをᵖprt:case_particleʳヲ⌉⌈ˢはじめᵖv:non_self_reliant:e-ichidan-ma:conjunctiveᵇはじめるᵈはじめるʳハジメ⌉⌈ˢましᵖauxv:auxv-masu:conjunctiveᵇますᵈますʳマシ⌉⌈ˢたᵖauxv:auxv-ta:terminalʳタ⌉⌈ˢ。ᵖauxs:period⌉
そのきげんの悪い男は自分の娘ににがみがみいった。	grammatic	agrammatic	⌈ˢそのᵖatʳソノ⌉⌈ˢきげんᵖn:common_nounʳキゲン⌉⌈ˢのᵖprt:case_particleʳノ⌉⌈ˢ悪いᵖadj:general:adjective:attributiveʳワルイ⌉⌈ˢ男ᵖn:common_nounʳオトコ⌉⌈ˢはᵖprt:binding_particleʳハ⌉⌈ˢ自分ᵖn:common_nounʳジブン⌉⌈ˢのᵖprt:case_particleʳノ⌉⌈ˢ娘ᵖn:common_nounʳムスメ⌉⌈ˢにᵖprt:case_particleʳニ⌉⌈ˢにがみᵖn:common_nounʳニガミ⌉⌈ˢがᵖprt:case_particleʳガ⌉⌈ˢみいっᵖv:general:godan-ra:conjunctive-geminateᵇみいるᵈみいるʳミイッ⌉⌈ˢたᵖauxv:auxv-ta:terminalʳタ⌉⌈ˢ。ᵖauxs:period⌉
そのことは、各研究分担者ととこのテーマとの関係を瞥見すれば、おのずから明らかとなる。	grammatic	agrammatic	⌈ˢそのᵖatʳソノ⌉⌈ˢことᵖn:common_nounʳコト⌉⌈ˢはᵖprt:binding_particleʳハ⌉⌈ˢ、ᵖauxs:comma⌉⌈ˢ各ᵖprefʳカク⌉⌈ˢ研究ᵖn:common_noun:suru-possibleʳケンキュウ⌉⌈ˢ分担ᵖn:common_noun:suru-possibleʳブンタン⌉⌈ˢ者ᵖsuff:noun_likeʳシャ⌉⌈ˢとᵖprt:case_particleʳト⌉⌈ˢとこᵖn:common_nounʳトコ⌉⌈ˢのᵖprt:case_particleʳノ⌉⌈ˢテーマᵖn:common_noun⌉⌈ˢとᵖprt:case_particleʳト⌉⌈ˢのᵖprt:case_particleʳノ⌉⌈ˢ関係ᵖn:common_noun:suru-possibleʳカンケイ⌉⌈ˢをᵖprt:case_particleʳヲ⌉⌈ˢ瞥見ᵖn:common_noun:suru-possibleʳベッケン⌉⌈ˢすれᵖv:non_self_reliant:sa-irregular:conditionalᵇするᵈするʳスレ⌉⌈ˢばᵖprt:conjunctive_particleʳバ⌉⌈ˢ、ᵖauxs:comma⌉⌈ˢおのずからᵖadvʳオノズカラ⌉⌈ˢ明らかᵖshp:generalʳアキラカ⌉⌈ˢとᵖprt:case_particleʳト⌉⌈ˢなるᵖv:non_self_reliant:godan-ra:terminalʳナル⌉⌈ˢ。ᵖauxs:period⌉
そのメロンをきって６等分しなさい。	agrammatic	grammatic	⌈ˢそのᵖatʳソノ⌉⌈ˢメロンᵖn:common_noun⌉⌈ˢをᵖprt:case_particleʳヲ⌉⌈ˢきっᵖv:non_self_reliant:godan-ra:conjunctive-geminateᵇきるᵈきるʳキッ⌉⌈ˢてᵖprt:conjunctive_particleʳテ⌉⌈ˢ６ᵖn:numeralᵇ6ᵈ6ʳロク⌉⌈ˢ等分ᵖn:common_noun:suru-possibleʳトウブン⌉⌈ˢしᵖv:non_self_reliant:sa-irregular:conjunctiveᵇするᵈするʳシ⌉⌈ˢなさいᵖv:non_self_reliant:godan-ra:imperativeᵇなさるᵈなさるʳナサイ⌉⌈ˢ。ᵖauxs:period⌉
その出会いは彼女に多大喜びをもたらした。	grammatic	agrammatic	⌈ˢそのᵖatʳソノ⌉⌈ˢ出会いᵖn:common_nounʳデアイ⌉⌈ˢはᵖprt:binding_particleʳハ⌉⌈ˢ彼女ᵖpronʳカノジョ⌉⌈ˢにᵖprt:case_particleʳニ⌉⌈ˢ多ᵖprefʳタ⌉⌈ˢ大喜びᵖn:common_noun:suru-possibleʳオオヨロコビ⌉⌈ˢをᵖprt:case_particleʳヲ⌉⌈ˢもたらしᵖv:general:godan-sa:conjunctiveᵇもたらすᵈもたらすʳモタラシ⌉⌈ˢたᵖauxv:auxv-ta:terminalʳタ⌉⌈ˢ。ᵖauxs:period⌉
その問いかけに答えるチャンスを今、私たちは手にしました。今この時こそが、私たちの瞬間です。今この時にこそ、私たちは人々がまた仕事につけるようにしなくてはなりません。子供たちのために、チャンスの扉を開かなくてはなりません。繁栄を取り戻し、平和を推進しなくてはなりません。今この時にこそ、アメリカの夢を取り戻し、基本的な真理を再確認しなくてはなりません。大勢の中にあっで、私たちはひとつなのだと。息をし続ける限り、私たちは希望をもち続けるのだと。そして疑り深く悲観し否定する声に対しては、そんなことできないという人たちに対しては、ひとつ国民の魂を端的に象徴するあの不朽の信条でもって、必ずやこう答えましょう。	grammatic	agrammatic	⌈ˢそのᵖatʳソノ⌉⌈ˢ問いかけᵖn:common_nounʳトイカケ⌉⌈ˢにᵖprt:case_particleʳニ⌉⌈ˢ答えるᵖv:general:e-ichidan-a:attributiveʳコタエル⌉⌈ˢチャンスᵖn:common_noun⌉⌈ˢをᵖprt:case_particleʳヲ⌉⌈ˢ今ᵖn:common_noun:adverb-possibleʳイマ⌉⌈ˢ、ᵖauxs:comma⌉⌈ˢ私たちᵖpronʳワタシタチ⌉⌈ˢはᵖprt:binding_particleʳハ⌉⌈ˢ手ᵖn:common_noun:counter-possibleʳテ⌉⌈ˢにᵖprt:case_particleʳニ⌉⌈ˢしᵖv:non_self_reliant:sa-irregular:conjunctiveᵇするᵈするʳシ⌉⌈ˢましᵖauxv:auxv-masu:conjunctiveᵇますᵈますʳマシ⌉⌈ˢたᵖauxv:auxv-ta:terminalʳタ⌉⌈ˢ。ᵖauxs:period⌉⌈ˢ今ᵖn:common_noun:adverb-possibleʳイマ⌉⌈ˢこのᵖatʳコノ⌉⌈ˢ時ᵖn:common_noun:adverb-possibleʳトキ⌉⌈ˢこそᵖprt:binding_particleʳコソ⌉⌈ˢがᵖprt:case_particleʳガ⌉⌈ˢ、ᵖauxs:comma⌉⌈ˢ私たちᵖpronʳワタシタチ⌉⌈ˢのᵖprt:case_particleʳノ⌉⌈ˢ瞬間ᵖn:common_noun:adverb-possibleʳシュンカン⌉⌈ˢですᵖauxv:auxv-desu:terminalʳデス⌉⌈ˢ。ᵖauxs:period⌉⌈ˢ今ᵖn:common_noun:adverb-possibleʳイマ⌉⌈ˢこのᵖatʳコノ⌉⌈ˢ時ᵖn:common_noun:adverb-possibleʳトキ⌉⌈ˢにᵖprt:case_particleʳニ⌉⌈ˢこそᵖprt:binding_particleʳコソ⌉⌈ˢ、ᵖauxs:comma⌉⌈ˢ私たちᵖpronʳワタシタチ⌉⌈ˢはᵖprt:binding_particleʳハ⌉⌈ˢ人々ᵖn:common_nounʳヒトビト⌉⌈ˢがᵖprt:case_particleʳガ⌉⌈ˢまたᵖadvʳマタ⌉⌈ˢ仕事ᵖn:common_noun:suru-possibleʳシゴト⌉⌈ˢにᵖprt:case_particleʳニ⌉⌈ˢつけるᵖv:non_self_reliant:e-ichidan-ka:attributiveʳツケル⌉⌈ˢようᵖshp:auxiliary_verb_stemʳヨウ⌉⌈ˢにᵖauxv:auxv-da:conjunctive-niᵇだᵈだʳニ⌉⌈ˢしᵖv:non_self_reliant:sa-irregular:imperfectiveᵇするᵈするʳシ⌉⌈ˢなくᵖauxv:auxv-nai:conjunctiveᵇないᵈないʳナク⌉⌈ˢてᵖprt:conjunctive_particleʳテ⌉⌈ˢはᵖprt:binding_particleʳハ⌉⌈ˢなりᵖv:non_self_reliant:godan-ra:conjunctiveᵇなるᵈなるʳナリ⌉⌈ˢませᵖauxv:auxv-masu:imperfectiveᵇますᵈますʳマセ⌉⌈ˢんᵖauxv:auxv-nu:terminal-nasalᵇぬᵈぬʳン⌉⌈ˢ。ᵖauxs:period⌉⌈ˢ子供たちᵖn:common_nounʳコドモタチ⌉⌈ˢのᵖprt:case_particleʳノ⌉⌈ˢためᵖn:common_noun:adverb-possibleʳタメ⌉⌈ˢにᵖprt:case_particleʳニ⌉⌈ˢ、ᵖauxs:comma⌉⌈ˢチャンスᵖn:common_noun⌉⌈ˢのᵖprt:case_particleʳノ⌉⌈ˢ扉ᵖn:common_nounʳトビラ⌉⌈ˢをᵖprt:case_particleʳヲ⌉⌈ˢ開かᵖv:general:godan-ka:imperfectiveᵇ開くᵈ開くʳヒラカ⌉⌈ˢなくᵖauxv:auxv-nai:conjunctiveᵇないᵈないʳナク⌉⌈ˢてᵖprt:conjunctive_particleʳテ⌉⌈ˢはᵖprt:binding_particleʳハ⌉⌈ˢなりᵖv:non_self_reliant:godan-ra:conjunctiveᵇなるᵈなるʳナリ⌉⌈ˢませᵖauxv:auxv-masu:imperfectiveᵇますᵈますʳマセ⌉⌈ˢんᵖauxv:auxv-nu:terminal-nasalᵇぬᵈぬʳン⌉⌈ˢ。ᵖauxs:period⌉⌈ˢ繁栄ᵖn:common_noun:suru-possibleʳハンエイ⌉⌈ˢをᵖprt:case_particleʳヲ⌉⌈ˢ取り戻しᵖv:general:godan-sa:conjunctiveᵇ取り戻すᵈ取り戻すʳトリモドシ⌉⌈ˢ、ᵖauxs:comma⌉⌈ˢ平和ᵖn:common_noun:pos2-unk1ʳヘイワ⌉⌈ˢをᵖprt:case_particleʳヲ⌉⌈ˢ推進ᵖn:common_noun:suru-possibleʳスイシン⌉⌈ˢしᵖv:non_self_reliant:sa-irregular:imperfectiveᵇするᵈするʳシ⌉⌈ˢなくᵖauxv:auxv-nai:conjunctiveᵇないᵈないʳナク⌉⌈ˢてᵖprt:conjunctive_particleʳテ⌉⌈ˢはᵖprt:binding_particleʳハ⌉⌈ˢなりᵖv:non_self_reliant:godan-ra:conjunctiveᵇなるᵈなるʳナリ⌉⌈ˢませᵖauxv:auxv-masu:imperfectiveᵇますᵈますʳマセ⌉⌈ˢんᵖauxv:auxv-nu:terminal-nasalᵇぬᵈぬʳン⌉⌈ˢ。ᵖauxs:period⌉⌈ˢ今ᵖn:common_noun:adverb-possibleʳイマ⌉⌈ˢこのᵖatʳコノ⌉⌈ˢ時ᵖn:common_noun:adverb-possibleʳトキ⌉⌈ˢにᵖprt:case_particleʳニ⌉⌈ˢこそᵖprt:binding_particleʳコソ⌉⌈ˢ、ᵖauxs:comma⌉⌈ˢアメリカᵖn:proper_noun:place-name⌉⌈ˢのᵖprt:case_particleʳノ⌉⌈ˢ夢ᵖn:common_nounʳユメ⌉⌈ˢをᵖprt:case_particleʳヲ⌉⌈ˢ取り戻しᵖv:general:godan-sa:conjunctiveᵇ取り戻すᵈ取り戻すʳトリモドシ⌉⌈ˢ、ᵖauxs:comma⌉⌈ˢ基本的ᵖn:common_noun:pos2-unk1ʳキホンテキ⌉⌈ˢなᵖauxv:auxv-da:attributiveᵇだᵈだʳナ⌉⌈ˢ真理ᵖn:common_nounʳシンリ⌉⌈ˢをᵖprt:case_particleʳヲ⌉⌈ˢ再確認ᵖn:common_noun:suru-possibleʳサイカクニン⌉⌈ˢしᵖv:non_self_reliant:sa-irregular:imperfectiveᵇするᵈするʳシ⌉⌈ˢなくᵖauxv:auxv-nai:conjunctiveᵇないᵈないʳナク⌉⌈ˢてᵖprt:conjunctive_particleʳテ⌉⌈ˢはᵖprt:binding_particleʳハ⌉⌈ˢなりᵖv:non_self_reliant:godan-ra:conjunctiveᵇなるᵈなるʳナリ⌉⌈ˢませᵖauxv:auxv-masu:imperfectiveᵇますᵈますʳマセ⌉⌈ˢんᵖauxv:auxv-nu:terminal-nasalᵇぬᵈぬʳン⌉⌈ˢ。ᵖauxs:period⌉⌈ˢ大勢ᵖn:common_nounʳオオゼイ⌉⌈ˢのᵖprt:case_particleʳノ⌉⌈ˢ中ᵖn:common_noun:adverb-possibleʳナカ⌉⌈ˢにᵖprt:case_particleʳニ⌉⌈ˢあっᵖint:generalʳアッ⌉⌈ˢでᵖprt:case_particleʳデ⌉⌈ˢ、ᵖauxs:comma⌉⌈ˢ私たちᵖpronʳワタシタチ⌉⌈ˢはᵖprt:binding_particleʳハ⌉⌈ˢひとᵖn:numeralʳヒト⌉⌈ˢつᵖsuff:noun_like:counterʳツ⌉⌈ˢなᵖauxv:auxv-da:attributiveᵇだᵈだʳナ⌉⌈ˢのᵖprt:pre_noun_particleʳノ⌉⌈ˢだᵖauxv:auxv-da:terminalʳダ⌉⌈ˢとᵖprt:case_particleʳト⌉⌈ˢ。ᵖauxs:period⌉⌈ˢ息ᵖn:common_nounʳイキ⌉⌈ˢをᵖprt:case_particleʳヲ⌉⌈ˢしᵖv:non_self_reliant:sa-irregular:conjunctiveᵇするᵈするʳシ⌉⌈ˢ続けるᵖv:non_self_reliant:e-ichidan-ka:attributiveʳツヅケル⌉⌈ˢ限りᵖn:common_noun:adverb-possibleʳカギリ⌉⌈ˢ、ᵖauxs:comma⌉⌈ˢ私たちᵖpronʳワタシタチ⌉⌈ˢはᵖprt:binding_particleʳハ⌉⌈ˢ希望ᵖn:common_noun:suru-possibleʳキボウ⌉⌈ˢをᵖprt:case_particleʳヲ⌉⌈ˢもちᵖv:general:godan-ta:conjunctiveᵇもつᵈもつʳモチ⌉⌈ˢ続けるᵖv:non_self_reliant:e-ichidan-ka:attributiveʳツヅケル⌉⌈ˢのᵖprt:pre_noun_particleʳノ⌉⌈ˢだᵖauxv:auxv-da:terminalʳダ⌉⌈ˢとᵖprt:case_particleʳト⌉⌈ˢ。ᵖauxs:period⌉⌈ˢそしてᵖconjʳソシテ⌉⌈ˢ疑り深くᵖadj:general:adjective:conjunctiveᵇ疑り深いᵈ疑り深いʳウタグリブカク⌉⌈ˢ悲観ᵖn:common_noun:suru-possibleʳヒカン⌉⌈ˢしᵖv:non_self_reliant:sa-irregular:conjunctiveᵇするᵈするʳシ⌉⌈ˢ否定ᵖn:common_noun:suru-possibleʳヒテイ⌉⌈ˢするᵖv:non_self_reliant:sa-irregular:attributiveʳスル⌉⌈ˢ声ᵖn:common_nounʳコエ⌉⌈ˢにᵖprt:case_particleʳニ⌉⌈ˢ対しᵖv:general:sa-irregular:conjunctiveᵇ対するᵈ対するʳタイシ⌉⌈ˢてはᵖprt:conjunctive_particleʳテハ⌉⌈ˢ、ᵖauxs:comma⌉⌈ˢそんなᵖatʳソンナ⌉⌈ˢことᵖn:common_nounʳコト⌉⌈ˢできᵖv:non_self_reliant:i-ichidan-ka:imperfectiveᵇできるᵈできるʳデキ⌉⌈ˢないᵖauxv:auxv-nai:terminalʳナイ⌉⌈ˢとᵖprt:case_particleʳト⌉⌈ˢいうᵖv:general:godan-waa:attributiveʳイウ⌉⌈ˢ人ᵖn:common_nounʳヒト⌉⌈ˢたちᵖsuff:noun_likeʳタチ⌉⌈ˢにᵖprt:case_particleʳニ⌉⌈ˢ対しᵖv:general:sa-irregular:conjunctiveᵇ対するᵈ対するʳタイシ⌉⌈ˢてはᵖprt:conjunctive_particleʳテハ⌉⌈ˢ、ᵖauxs:comma⌉⌈ˢひとᵖn:numeralʳヒト⌉⌈ˢつᵖsuff:noun_like:counterʳツ⌉⌈ˢ国民ᵖn:common_nounʳコクミン⌉⌈ˢのᵖprt:case_particleʳノ⌉⌈ˢ魂ᵖn:common_nounʳタマシイ⌉⌈ˢをᵖprt:case_particleʳヲ⌉⌈ˢ端的ᵖshp:generalʳタンテキ⌉⌈ˢにᵖauxv:auxv-da:conjunctive-niᵇだᵈだʳニ⌉⌈ˢ象徴ᵖn:common_noun:suru-possibleʳショウチョウ⌉⌈ˢするᵖv:non_self_reliant:sa-irregular:attributiveʳスル⌉⌈ˢあのᵖatʳアノ⌉⌈ˢ不朽ᵖn:common_nounʳフキュウ⌉⌈ˢのᵖprt:case_particleʳノ⌉⌈ˢ信条ᵖn:common_nounʳシンジョウ⌉⌈ˢでᵖprt:case_particleʳデ⌉⌈ˢもっᵖv:general:godan-ta:conjunctive-geminateᵇもつᵈもつʳモッ⌉⌈ˢてᵖprt:conjunctive_particleʳテ⌉⌈ˢ、ᵖauxs:comma⌉⌈ˢ必ずᵖadvʳカナラズ⌉⌈ˢやᵖprt:adverbial_particleʳヤ⌉⌈ˢこうᵖadvʳコウ⌉⌈ˢ答えᵖv:general:e-ichidan-a:conjunctiveᵇ答えるᵈ答えるʳコタエ⌉⌈ˢましょうᵖauxv:auxv-masu:volitional-presumptiveᵇますᵈますʳマショウ⌉⌈ˢ。ᵖauxs:period⌉
その少年はまるで偉大学者のような口振りだ。	grammatic	agrammatic	⌈ˢそのᵖatʳソノ⌉⌈ˢ少年ᵖn:common_nounʳショウネン⌉⌈ˢはᵖprt:binding_particleʳハ⌉⌈ˢまるでᵖadvʳマルデ⌉⌈ˢ偉ᵖprefʳイ⌉⌈ˢ大学ᵖn:common_nounʳダイガク⌉⌈ˢ者ᵖsuff:noun_likeʳシャ⌉⌈ˢのᵖprt:case_particleʳノ⌉⌈ˢようᵖshp:auxiliary_verb_stemʳヨウ⌉⌈ˢなᵖauxv:auxv-da:attributiveᵇだᵈだʳナ⌉⌈ˢ口振りᵖn:common_nounʳクチブリ⌉⌈ˢだᵖauxv:auxv-da:terminalʳダ⌉⌈ˢ。ᵖauxs:period⌉
その男とつきあてはいけないよ。	grammatic	agrammatic	⌈ˢそのᵖatʳソノ⌉⌈ˢ男ᵖn:common_nounʳオトコ⌉⌈ˢとᵖprt:case_particleʳト⌉⌈ˢつきᵖv:non_self_reliant:godan-ka:conjunctiveᵇつくᵈつくʳツキ⌉⌈ˢあてᵖsuff:noun_likeʳアテ⌉⌈ˢはᵖprt:binding_particleʳハ⌉⌈ˢいけᵖv:non_self_reliant:e-ichidan-ka:imperfectiveᵇいけるᵈいけるʳイケ⌉⌈ˢないᵖauxv:auxv-nai:terminalʳナイ⌉⌈ˢよᵖprt:sentence_final_particleʳヨ⌉⌈ˢ。ᵖauxs:period⌉
その自分勝手な男は、一緒で行動している人達に軽蔑された。	grammatic	agrammatic	⌈ˢそのᵖatʳソノ⌉⌈ˢ自分勝手ᵖshp:generalʳジブンカッテ⌉⌈ˢなᵖauxv:auxv-da:attributiveᵇだᵈだʳナ⌉⌈ˢ男ᵖn:common_nounʳオトコ⌉⌈ˢはᵖprt:binding_particleʳハ⌉⌈ˢ、ᵖauxs:comma⌉⌈ˢ一緒ᵖn:common_noun:suru-possibleʳイッショ⌉⌈ˢでᵖprt:case_particleʳデ⌉⌈ˢ行動ᵖn:common_noun:suru-possibleʳコウドウ⌉⌈ˢしᵖv:non_self_reliant:sa-irregular:conjunctiveᵇするᵈするʳシ⌉⌈ˢてᵖprt:conjunctive_particleʳテ⌉⌈ˢいるᵖv:non_self_reliant:i-ichidan-a:attributiveʳイル⌉⌈ˢ人ᵖn:common_nounʳヒト⌉⌈ˢ達ᵖsuff:noun_likeʳタチ⌉⌈ˢにᵖprt:case_particleʳニ⌉⌈ˢ軽蔑ᵖn:common_noun:suru-possibleʳケイベツ⌉⌈ˢさᵖv:non_self_reliant:sa-irregular:imperfective-saᵇするᵈするʳサ⌉⌈ˢれᵖauxv:auxv-reru:conjunctiveᵇれるᵈれるʳレ⌉⌈ˢたᵖauxv:auxv-ta:terminalʳタ⌉⌈ˢ。ᵖauxs:period⌉
その製鉄工場を建てるのは非常に大変事業だった。	grammatic	agrammatic	⌈ˢそのᵖatʳソノ⌉⌈ˢ製鉄ᵖn:common_nounʳセイテツ⌉⌈ˢ工場ᵖn:common_nounʳコウジョウ⌉⌈ˢをᵖprt:case_particleʳヲ⌉⌈ˢ建てるᵖv:general:e-ichidan-ta:attributiveʳタテル⌉⌈ˢのᵖprt:pre_noun_particleʳノ⌉⌈ˢはᵖprt:binding_particleʳハ⌉⌈ˢ非常ᵖshp:generalʳヒジョウ⌉⌈ˢにᵖauxv:auxv-da:conjunctive-niᵇだᵈだʳニ⌉⌈ˢ大変ᵖadvʳタイヘン⌉⌈ˢ事業ᵖn:common_nounʳジギョウ⌉⌈ˢだっᵖauxv:auxv-da:conjunctive-geminateᵇだᵈだʳダッ⌉⌈ˢたᵖauxv:auxv-ta:terminalʳタ⌉⌈ˢ。ᵖauxs:period⌉
その雑誌は面白くも何とともない。	grammatic	agrammatic	⌈ˢそのᵖatʳソノ⌉⌈ˢ雑誌ᵖn:common_nounʳザッシ⌉⌈ˢはᵖprt:binding_particleʳハ⌉⌈ˢ面白くᵖadj:general:adjective:conjunctiveᵇ面白いᵈ面白いʳオモシロク⌉⌈ˢもᵖprt:binding_particleʳモ⌉⌈ˢ何ᵖpronʳナン⌉⌈ˢとᵖprt:case_particleʳト⌉⌈ˢともないᵖv:general:godan-waa:conjunctiveᵇともなうᵈともなうʳトモナイ⌉⌈ˢ。ᵖauxs:period⌉
それこそが、アメリカと言う国の素晴らしさです。アメリカは変われるという、まさにそれこそが。私たちのこの連邦は、まだまださらに完璧に近づくことができる。私たちがこれまで達成してきるたことを見れば、これから先さらに何ができるか、何をしなくてはならないかについて、希望を抱くことができるのです。	grammatic	agrammatic	⌈ˢそれᵖpronʳソレ⌉⌈ˢこそᵖprt:binding_particleʳコソ⌉⌈ˢがᵖprt:case_particleʳガ⌉⌈ˢ、ᵖauxs:comma⌉⌈ˢアメリカᵖn:proper_noun:place-name⌉⌈ˢとᵖprt:case_particleʳト⌉⌈ˢ言うᵖv:general:godan-waa:attributiveʳイウ⌉⌈ˢ国ᵖn:common_nounʳクニ⌉⌈ˢのᵖprt:case_particleʳノ⌉⌈ˢ素晴らしᵖadj:general:adjective:stemᵇ素晴らしいᵈ素晴らしいʳスバラシ⌉⌈ˢさᵖsuff:noun_likeʳサ⌉⌈ˢですᵖauxv:auxv-desu:terminalʳデス⌉⌈ˢ。ᵖauxs:period⌉⌈ˢアメリカᵖn:proper_noun:place-name⌉⌈ˢはᵖprt:binding_particleʳハ⌉⌈ˢ変われるᵖv:general:e-ichidan-ra:terminalʳカワレル⌉⌈ˢとᵖprt:case_particleʳト⌉⌈ˢいうᵖv:general:godan-waa:attributiveʳイウ⌉⌈ˢ、ᵖauxs:comma⌉⌈ˢまさにᵖadvʳマサニ⌉⌈ˢそれᵖpronʳソレ⌉⌈ˢこそᵖprt:binding_particleʳコソ⌉⌈ˢがᵖprt:case_particleʳガ⌉⌈ˢ。ᵖauxs:period⌉⌈ˢ私たちᵖpronʳワタシタチ⌉⌈ˢのᵖprt:case_particleʳノ⌉⌈ˢこのᵖatʳコノ⌉⌈ˢ連邦ᵖn:common_nounʳレンポウ⌉⌈ˢはᵖprt:binding_particleʳハ⌉⌈ˢ、ᵖauxs:comma⌉⌈ˢまだまだᵖadvʳマダマダ⌉⌈ˢさらにᵖadvʳサラニ⌉⌈ˢ完璧ᵖn:common_noun:pos2-unk1ʳカンペキ⌉⌈ˢにᵖauxv:auxv-da:conjunctive-niᵇだᵈだʳニ⌉⌈ˢ近づくᵖv:general:godan-ka:attributiveʳチカヅク⌉⌈ˢことᵖn:common_nounʳコト⌉⌈ˢがᵖprt:case_particleʳガ⌉⌈ˢできるᵖv:non_self_reliant:i-ichidan-ka:terminalʳデキル⌉⌈ˢ。ᵖauxs:period⌉⌈ˢ私たちᵖpronʳワタシタチ⌉⌈ˢがᵖprt:case_particleʳガ⌉⌈ˢこれᵖpronʳコレ⌉⌈ˢまでᵖprt:adverbial_particleʳマデ⌉⌈ˢ達成ᵖn:common_noun:suru-possibleʳタッセイ⌉⌈ˢしᵖv:non_self_reliant:sa-irregular:conjunctiveᵇするᵈするʳシ⌉⌈ˢてᵖprt:conjunctive_particleʳテ⌉⌈ˢきるᵖv:non_self_reliant:godan-ra:terminalʳキル⌉⌈ˢたᵖauxv:auxv-ta:attributiveʳタ⌉⌈ˢことᵖn:common_nounʳコト⌉⌈ˢをᵖprt:case_particleʳヲ⌉⌈ˢ見れᵖv:non_self_reliant:i-ichidan-ma:conditionalᵇ見るᵈ見るʳミレ⌉⌈ˢばᵖprt:conjunctive_particleʳバ⌉⌈ˢ、ᵖauxs:comma⌉⌈ˢこれᵖpronʳコレ⌉⌈ˢからᵖprt:case_particleʳカラ⌉⌈ˢ先ᵖn:common_noun:adverb-possibleʳサキ⌉⌈ˢさらにᵖadvʳサラニ⌉⌈ˢ何ᵖpronʳナン⌉⌈ˢがᵖprt:case_particleʳガ⌉⌈ˢできるᵖv:non_self_reliant:i-ichidan-ka:terminalʳデキル⌉⌈ˢかᵖprt:adverbial_particleʳカ⌉⌈ˢ、ᵖauxs:comma⌉⌈ˢ何ᵖpronʳナン⌉⌈ˢをᵖprt:case_particleʳヲ⌉⌈ˢしᵖv:non_self_reliant:sa-irregular:imperfectiveᵇするᵈするʳシ⌉⌈ˢなくᵖauxv:auxv-nai:conjunctiveᵇないᵈないʳナク⌉⌈ˢてᵖprt:conjunctive_particleʳテ⌉⌈ˢはᵖprt:binding_particleʳハ⌉⌈ˢならᵖv:non_self_reliant:godan-ra:imperfectiveᵇなるᵈなるʳナラ⌉⌈ˢないᵖauxv:auxv-nai:terminalʳナイ⌉⌈ˢかᵖprt:adverbial_particleʳカ⌉⌈ˢにᵖprt:case_particleʳニ⌉⌈ˢついᵖv:general:godan-ka:conjunctive-i-soundᵇつくᵈつくʳツイ⌉⌈ˢてᵖprt:conjunctive_particleʳテ⌉⌈ˢ、ᵖauxs:comma⌉⌈ˢ希望ᵖn:common_noun:suru-possibleʳキボウ⌉⌈ˢをᵖprt:case_particleʳヲ⌉⌈ˢ抱くᵖv:general:godan-ka:attributiveʳイダク⌉⌈ˢことᵖn:common_nounʳコト⌉⌈ˢがᵖprt:case_particleʳガ⌉⌈ˢできるᵖv:non_self_reliant:i-ichidan-ka:attributiveʳデキル⌉⌈ˢのᵖprt:pre_noun_particleʳノ⌉⌈ˢですᵖauxv:auxv-desu:terminalʳデス⌉⌈ˢ。ᵖauxs:period⌉
つまり、お金が足りない場合、デビットカードは使えないとということです。	agrammatic	grammatic	⌈ˢつまりᵖadvʳツマリ⌉⌈ˢ、ᵖauxs:comma⌉⌈ˢお金ᵖn:common_nounʳオカネ⌉⌈ˢがᵖprt:case_particleʳガ⌉⌈ˢ足りᵖv:general:i-ichidan-ra:imperfectiveᵇ足りるᵈ足りるʳタリ⌉⌈ˢないᵖauxv:auxv-nai:attributiveʳナイ⌉⌈ˢ場合ᵖn:common_noun:adverb-possibleʳバアイ⌉⌈ˢ、ᵖauxs:comma⌉⌈ˢデビットカードᵖn:proper_noun⌉⌈ˢはᵖprt:binding_particleʳハ⌉⌈ˢ使えᵖv:general:e-ichidan-a:imperfectiveᵇ使えるᵈ使えるʳツカエ⌉⌈ˢないᵖauxv:auxv-nai:terminalʳナイ⌉⌈ˢとᵖprt:case_particleʳト⌉⌈ˢとᵖprt:case_particleʳト⌉⌈ˢいうᵖv:general:godan-waa:attributiveʳイウ⌉⌈ˢことᵖn:common_nounʳコト⌉⌈ˢですᵖauxv:auxv-desu:terminalʳデス⌉⌈ˢ。ᵖauxs:period⌉
なぜ君はその間黙っていたにですか。	grammatic	agrammatic	⌈ˢなぜᵖadvʳナゼ⌉⌈ˢ君ᵖpronʳキミ⌉⌈ˢはᵖprt:binding_particleʳハ⌉⌈ˢそのᵖatʳソノ⌉⌈ˢ間ᵖn:common_noun:adverb-possibleʳアイダ⌉⌈ˢ黙っᵖv:general:godan-ra:conjunctive-geminateᵇ黙るᵈ黙るʳダマッ⌉⌈ˢてᵖprt:conjunctive_particleʳテ⌉⌈ˢいᵖv:non_self_reliant:i-ichidan-a:conjunctiveᵇいるᵈいるʳイ⌉⌈ˢたᵖauxv:auxv-ta:terminalʳタ⌉⌈ˢにᵖprt:case_particleʳニ⌉⌈ˢですᵖauxv:auxv-desu:terminalʳデス⌉⌈ˢかᵖprt:sentence_final_particleʳカ⌉⌈ˢ。ᵖauxs:period⌉
はりきて出したレポートを、教授からコテンパンに酷評されて、僕はすっかり自信を喪失してしまった。	grammatic	agrammatic	⌈ˢはりᵖauxv:godan-ra:conjunctiveᵇはるᵈはるʳハリ⌉⌈ˢきᵖv:non_self_reliant:ka-irregular:conjunctiveᵇくるᵈくるʳキ⌉⌈ˢてᵖprt:conjunctive_particleʳテ⌉⌈ˢ出しᵖv:non_self_reliant:godan-sa:conjunctiveᵇ出すᵈ出すʳダシ⌉⌈ˢたᵖauxv:auxv-ta:attributiveʳタ⌉⌈ˢレポートᵖn:common_noun:suru-possible⌉⌈ˢをᵖprt:case_particleʳヲ⌉⌈ˢ、ᵖauxs:comma⌉⌈ˢ教授ᵖn:common_noun:suru-possibleʳキョウジュ⌉⌈ˢからᵖprt:case_particleʳカラ⌉⌈ˢコテンパンᵖadv⌉⌈ˢにᵖprt:case_particleʳニ⌉⌈ˢ酷評ᵖn:common_noun:suru-possibleʳコクヒョウ⌉⌈ˢさᵖv:non_self_reliant:sa-irregular:imperfective-saᵇするᵈするʳサ⌉⌈ˢれᵖauxv:auxv-reru:conjunctiveᵇれるᵈれるʳレ⌉⌈ˢてᵖprt:conjunctive_particleʳテ⌉⌈ˢ、ᵖauxs:comma⌉⌈ˢ僕ᵖpronʳボク⌉⌈ˢはᵖprt:binding_particleʳハ⌉⌈ˢすっかりᵖadvʳスッカリ⌉⌈ˢ自信ᵖn:common_noun:suru-possibleʳジシン⌉⌈ˢをᵖprt:case_particleʳヲ⌉⌈ˢ喪失ᵖn:common_noun:suru-possibleʳソウシツ⌉⌈ˢしᵖv:non_self_reliant:sa-irregular:conjunctiveᵇするᵈするʳシ⌉⌈ˢてᵖprt:conjunctive_particleʳテ⌉⌈ˢしまっᵖv:non_self_reliant:godan-waa:conjunctive-geminateᵇしまうᵈしまうʳシマッ⌉⌈ˢたᵖauxv:auxv-ta:terminalʳタ⌉⌈ˢ。ᵖauxs:period⌉
ほかのチャンネルで何をやっているか調べでいい？	grammatic	agrammatic	⌈ˢほかᵖn:common_noun:adverb-possibleʳホカ⌉⌈ˢのᵖprt:case_particleʳノ⌉⌈ˢチャンネルᵖn:common_noun⌉⌈ˢでᵖprt:case_particleʳデ⌉⌈ˢ何ᵖpronʳナン⌉⌈ˢをᵖprt:case_particleʳヲ⌉⌈ˢやっᵖv:non_self_reliant:godan-ra:conjunctive-geminateᵇやるᵈやるʳヤッ⌉⌈ˢてᵖprt:conjunctive_particleʳテ⌉⌈ˢいるᵖv:non_self_reliant:i-ichidan-a:terminalʳイル⌉⌈ˢかᵖprt:adverbial_particleʳカ⌉⌈ˢ調べᵖn:common_nounʳシラベ⌉⌈ˢでᵖprt:case_particleʳデ⌉⌈ˢいいᵖadj:non_self_reliant:adjective:terminalʳイイ⌉⌈ˢ？ᵖauxs:periodᵇ?ᵈ?ʳ?⌉
めっちゃ暑いやん。	agrammatic	grammatic	⌈ˢめっちゃᵖadvʳメッチャ⌉⌈ˢ暑いᵖadj:general:adjective:attributiveʳアツイ⌉⌈ˢやんᵖv:non_self_reliant:godan-ra:conjunctive-nasalᵇやるᵈやるʳヤン⌉⌈ˢ。ᵖauxs:period⌉
もし東京を訪れたら、必ず名物の「深大寺そば」を食べてみて。ほっぺたが落ちるはほど美味しいから！	grammatic	agrammatic	⌈ˢもしᵖadvʳモシ⌉⌈ˢ東京ᵖn:proper_noun:place-nameʳトウキョウ⌉⌈ˢをᵖprt:case_particleʳヲ⌉⌈ˢ訪れᵖv:general:e-ichidan-ra:conjunctiveᵇ訪れるᵈ訪れるʳオトズレ⌉⌈ˢたらᵖauxv:auxv-ta:conditionalᵇたᵈたʳタラ⌉⌈ˢ、ᵖauxs:comma⌉⌈ˢ必ずᵖadvʳカナラズ⌉⌈ˢ名物ᵖn:common_nounʳメイブツ⌉⌈ˢのᵖprt:case_particleʳノ⌉⌈ˢ「ᵖauxs:bracket_openʳキゴウ⌉⌈ˢ深大寺そばᵖn:proper_nounʳジンダイジソバ⌉⌈ˢ」ᵖauxs:bracket_closeʳキゴウ⌉⌈ˢをᵖprt:case_particleʳヲ⌉⌈ˢ食べᵖv:general:e-ichidan-ba:conjunctiveᵇ食べるᵈ食べるʳタベ⌉⌈ˢてᵖprt:conjunctive_particleʳテ⌉⌈ˢみᵖv:non_self_reliant:i-ichidan-ma:conjunctiveᵇみるᵈみるʳミ⌉⌈ˢてᵖprt:conjunctive_particleʳテ⌉⌈ˢ。ᵖauxs:period⌉⌈ˢほっぺたᵖn:common_nounʳホッペタ⌉⌈ˢがᵖprt:case_particleʳガ⌉⌈ˢ落ちるᵖv:general:i-ichidan-ta:attributiveʳオチル⌉⌈ˢはᵖn:common_nounʳハ⌉⌈ˢほどᵖprt:adverbial_particleʳホド⌉⌈ˢ美味しいᵖadj:general:adjective:terminalʳオイシイ⌉⌈ˢからᵖprt:conjunctive_particleʳカラ⌉⌈ˢ！ᵖauxs:periodᵇ!ᵈ!ʳ!⌉
アメリカでは、すべてが可能であることを疑い、我々の開拓者の頃の夢が現代に生きているかを怪しみ、民主主義の力に疑問を呈する人がまだいるなら、今夜がその答えだ。	agrammatic	grammatic	⌈ˢアメリカᵖn:proper_noun:place-name⌉⌈ˢでᵖprt:case_particleʳデ⌉⌈ˢはᵖprt:binding_particleʳハ⌉⌈ˢ、ᵖauxs:comma⌉⌈ˢすべてᵖn:common_noun:adverb-possibleʳスベテ⌉⌈ˢがᵖprt:case_particleʳガ⌉⌈ˢ可能ᵖshp:generalʳカノウ⌉⌈ˢでᵖauxv:auxv-da:conjunctiveᵇだᵈだʳデ⌉⌈ˢあるᵖv:non_self_reliant:godan-ra:attributiveʳアル⌉⌈ˢことᵖn:common_nounʳコト⌉⌈ˢをᵖprt:case_particleʳヲ⌉⌈ˢ疑いᵖv:general:godan-waa:conjunctiveᵇ疑うᵈ疑うʳウタガイ⌉⌈ˢ、ᵖauxs:comma⌉⌈ˢ我々ᵖpronʳワレワレ⌉⌈ˢのᵖprt:case_particleʳノ⌉⌈ˢ開拓者ᵖn:common_nounʳカイタクシャ⌉⌈ˢのᵖprt:case_particleʳノ⌉⌈ˢ頃ᵖn:common_noun:adverb-possibleʳコロ⌉⌈ˢのᵖprt:case_particleʳノ⌉⌈ˢ夢ᵖn:common_nounʳユメ⌉⌈ˢがᵖprt:case_particleʳガ⌉⌈ˢ現代ᵖn:common_noun:adverb-possibleʳゲンダイ⌉⌈ˢにᵖprt:case_particleʳニ⌉⌈ˢ生きᵖv:general:i-ichidan-ka:conjunctiveᵇ生きるᵈ生きるʳイキ⌉⌈ˢてᵖprt:conjunctive_particleʳテ⌉⌈ˢいるᵖv:non_self_reliant:i-ichidan-a:terminalʳイル⌉⌈ˢかᵖprt:adverbial_particleʳカ⌉⌈ˢをᵖprt:case_particleʳヲ⌉⌈ˢ怪しみᵖv:general:godan-ma:conjunctiveᵇ怪しむᵈ怪しむʳアヤシミ⌉⌈ˢ、ᵖauxs:comma⌉⌈ˢ民主主義ᵖn:common_nounʳミンシュシュギ⌉⌈ˢのᵖprt:case_particleʳノ⌉⌈ˢ力ᵖn:common_nounʳチカラ⌉⌈ˢにᵖprt:case_particleʳニ⌉⌈ˢ疑問ᵖn:common_nounʳギモン⌉⌈ˢをᵖprt:case_particleʳヲ⌉⌈ˢ呈するᵖv:general:sa-irregular:attributiveʳテイスル⌉⌈ˢ人ᵖn:common_nounʳヒト⌉⌈ˢがᵖprt:case_particleʳガ⌉⌈ˢまだᵖadvʳマダ⌉⌈ˢいるᵖv:non_self_reliant:i-ichidan-a:terminalʳイル⌉⌈ˢならᵖauxv:auxv-da:conditionalᵇだᵈだʳナラ⌉⌈ˢ、ᵖauxs:comma⌉⌈ˢ今夜ᵖn:common_noun:adverb-possibleʳコンヤ⌉⌈ˢがᵖprt:case_particleʳガ⌉⌈ˢそのᵖatʳソノ⌉⌈ˢ答えᵖn:common_nounʳコタエ⌉⌈ˢだᵖauxv:auxv-da:terminalʳダ⌉⌈ˢ。ᵖauxs:period⌉
ガウスには数学的な問題を考える生まれついた才能があった。	agrammatic	grammatic	⌈ˢガウスᵖn:proper_noun:person-name⌉⌈ˢにᵖprt:case_particleʳニ⌉⌈ˢはᵖprt:binding_particleʳハ⌉⌈ˢ数学ᵖn:common_nounʳスウガク⌉⌈ˢ的ᵖsuff:shape_word_likeʳテキ⌉⌈ˢなᵖauxv:auxv-da:attributiveᵇだᵈだʳナ⌉⌈ˢ問題ᵖn:common_nounʳモンダイ⌉⌈ˢをᵖprt:case_particleʳヲ⌉⌈ˢ考えるᵖv:general:e-ichidan-a:terminalʳカンガエル⌉⌈ˢ生まれついᵖv:general:godan-ka:conjunctive-i-soundᵇ生まれつくᵈ生まれつくʳウマレツイ⌉⌈ˢたᵖauxv:auxv-ta:attributiveʳタ⌉⌈ˢ才能ᵖn:common_nounʳサイノウ⌉⌈ˢがᵖprt:case_particleʳガ⌉⌈ˢあっᵖv:non_self_reliant:godan-ra:conjunctive-geminateᵇあるᵈあるʳアッ⌉⌈ˢたᵖauxv:auxv-ta:terminalʳタ⌉⌈ˢ。ᵖauxs:period⌉
クズリは、岩の割れ目や、引き抜かれた根の下、および他の辺鄙な場所にに巣を作る。	grammatic	agrammatic	⌈ˢクズリᵖn:common_noun⌉⌈ˢはᵖprt:binding_particleʳハ⌉⌈ˢ、ᵖauxs:comma⌉⌈ˢ岩ᵖn:common_nounʳイワ⌉⌈ˢのᵖprt:case_particleʳノ⌉⌈ˢ割れ目ᵖn:common_nounʳワレメ⌉⌈ˢやᵖprt:adverbial_particleʳヤ⌉⌈ˢ、ᵖauxs:comma⌉⌈ˢ引き抜かᵖv:general:godan-ka:imperfectiveᵇ引き抜くᵈ引き抜くʳヒキヌカ⌉⌈ˢれᵖauxv:auxv-reru:conjunctiveᵇれるᵈれるʳレ⌉⌈ˢたᵖauxv:auxv-ta:attributiveʳタ⌉⌈ˢ根ᵖn:common_nounʳネ⌉⌈ˢのᵖprt:case_particleʳノ⌉⌈ˢ下ᵖn:common_noun:adverb-possibleʳモト⌉⌈ˢ、ᵖauxs:comma⌉⌈ˢおよびᵖconjʳオヨビ⌉⌈ˢ他ᵖn:common_noun:adverb-possibleʳホカ⌉⌈ˢのᵖprt:case_particleʳノ⌉⌈ˢ辺鄙ᵖn:common_noun:pos2-unk1ʳヘンピ⌉⌈ˢなᵖauxv:auxv-da:attributiveᵇだᵈだʳナ⌉⌈ˢ場所ᵖn:common_nounʳバショ⌉⌈ˢにᵖprt:case_particleʳニ⌉⌈ˢにᵖprt:case_particleʳニ⌉⌈ˢ巣ᵖn:common_nounʳス⌉⌈ˢをᵖprt:case_particleʳヲ⌉⌈ˢ作るᵖv:general:godan-ra:terminalʳツクル⌉⌈ˢ。ᵖauxs:period⌉
ケンのチームは十中八九勝つはだろう。	grammatic	agrammatic	⌈ˢケンᵖn:proper_noun:person-name⌉⌈ˢのᵖprt:case_particleʳノ⌉⌈ˢチームᵖn:common_noun⌉⌈ˢはᵖprt:binding_particleʳハ⌉⌈ˢ十中ᵖn:proper_noun:person-nameʳジュウナカ⌉⌈ˢ八九ᵖn:numeralʳハチキュウ⌉⌈ˢ勝ᵖn:common_noun:counter-possibleʳショウ⌉⌈ˢつᵖprt:adverbial_particleʳツ⌉⌈ˢはᵖprt:binding_particleʳハ⌉⌈ˢだろうᵖauxv:auxv-da:volitional-presumptiveᵇだᵈだʳダロウ⌉⌈ˢ。ᵖauxs:period⌉
サッカーは、ゴールキーパーがゴールを守るために体のすべての部位を使える以外は、他のプレイヤーは腕でボールに触れではならないというスポーツです。	grammatic	agrammatic	⌈ˢサッカーᵖn:common_noun⌉⌈ˢはᵖprt:binding_particleʳハ⌉⌈ˢ、ᵖauxs:comma⌉⌈ˢゴールキーパーᵖn:common_noun⌉⌈ˢがᵖprt:case_particleʳガ⌉⌈ˢゴールᵖn:common_noun:suru-possible⌉⌈ˢをᵖprt:case_particleʳヲ⌉⌈ˢ守るᵖv:general:godan-ra:attributiveʳマモル⌉⌈ˢためᵖn:common_noun:adverb-possibleʳタメ⌉⌈ˢにᵖprt:case_particleʳニ⌉⌈ˢ体ᵖn:common_nounʳカラダ⌉⌈ˢのᵖprt:case_particleʳノ⌉⌈ˢすべてᵖn:common_noun:adverb-possibleʳスベテ⌉⌈ˢのᵖprt:case_particleʳノ⌉⌈ˢ部位ᵖn:common_nounʳブイ⌉⌈ˢをᵖprt:case_particleʳヲ⌉⌈ˢ使えるᵖv:general:e-ichidan-a:attributiveʳツカエル⌉⌈ˢ以外ᵖn:common_noun:adverb-possibleʳイガイ⌉⌈ˢはᵖprt:binding_particleʳハ⌉⌈ˢ、ᵖauxs:comma⌉⌈ˢ他ᵖn:common_noun:adverb-possibleʳタ⌉⌈ˢのᵖprt:case_particleʳノ⌉⌈ˢプレイヤーᵖn:common_noun⌉⌈ˢはᵖprt:binding_particleʳハ⌉⌈ˢ腕ᵖn:common_nounʳウデ⌉⌈ˢでᵖprt:case_particleʳデ⌉⌈ˢボールᵖn:common_noun⌉⌈ˢにᵖprt:case_particleʳニ⌉⌈ˢ触れᵖv:general:e-ichidan-ra:conjunctiveᵇ触れるᵈ触れるʳフレ⌉⌈ˢでᵖauxv:auxv-da:conjunctiveᵇだᵈだʳデ⌉⌈ˢはᵖprt:binding_particleʳハ⌉⌈ˢならᵖv:non_self_reliant:godan-ra:imperfectiveᵇなるᵈなるʳナラ⌉⌈ˢないᵖauxv:auxv-nai:terminalʳナイ⌉⌈ˢとᵖprt:case_particleʳト⌉⌈ˢいうᵖv:general:godan-waa:attributiveʳイウ⌉⌈ˢスポーツᵖn:common_noun:suru-possible⌉⌈ˢですᵖauxv:auxv-desu:terminalʳデス⌉⌈ˢ。ᵖauxs:period⌉
ジャスミンの仄かな香りが僅かに空気満たしていました。	grammatic	agrammatic	⌈ˢジャスミンᵖn:common_noun⌉⌈ˢのᵖprt:case_particleʳノ⌉⌈ˢ仄かᵖshp:generalʳホノカ⌉⌈ˢなᵖauxv:auxv-da:attributiveᵇだᵈだʳナ⌉⌈ˢ香りᵖn:common_nounʳカオリ⌉⌈ˢがᵖprt:case_particleʳガ⌉⌈ˢ僅かᵖshp:generalʳワズカ⌉⌈ˢにᵖauxv:auxv-da:conjunctive-niᵇだᵈだʳニ⌉⌈ˢ空気ᵖn:common_nounʳクウキ⌉⌈ˢ満たしᵖv:general:godan-sa:conjunctiveᵇ満たすᵈ満たすʳミタシ⌉⌈ˢてᵖprt:conjunctive_particleʳテ⌉⌈ˢいᵖv:non_self_reliant:i-ichidan-a:conjunctiveᵇいるᵈいるʳイ⌉⌈ˢましᵖauxv:auxv-masu:conjunctiveᵇますᵈますʳマシ⌉⌈ˢたᵖauxv:auxv-ta:terminalʳタ⌉⌈ˢ。ᵖauxs:period⌉
ソ連は最後の手段としでしかその国を空爆しないだろう。	grammatic	agrammatic	⌈ˢソ連ᵖn:proper_noun:place-nameʳソレン⌉⌈ˢはᵖprt:binding_particleʳハ⌉⌈ˢ最後の手段ᵖn:proper_nounʳサイゴノシュダン⌉⌈ˢとᵖprt:case_particleʳト⌉⌈ˢしᵖv:non_self_reliant:sa-irregular:conjunctiveᵇするᵈするʳシ⌉⌈ˢでしᵖauxv:auxv-desu:terminalʳデシ⌉⌈ˢかᵖprt:sentence_final_particleʳカ⌉⌈ˢそのᵖatʳソノ⌉⌈ˢ国ᵖn:common_nounʳクニ⌉⌈ˢをᵖprt:case_particleʳヲ⌉⌈ˢ空爆ᵖn:common_noun:suru-possibleʳクウバク⌉⌈ˢしᵖv:non_self_reliant:sa-irregular:imperfectiveᵇするᵈするʳシ⌉⌈ˢないᵖauxv:auxv-nai:terminalʳナイ⌉⌈ˢだろうᵖauxv:auxv-da:volitional-presumptiveᵇだᵈだʳダロウ⌉⌈ˢ。ᵖauxs:period⌉
タトエバではすべての文が対等な立場にあり、すべての文が自然であることが求められています。そのため、例えば英語の文をフランス語に訳す場合、そのフランス語の文は、フランス語のできる英語学習者の役に立つような正確な訳であると同時に、世界中のフランス語学習者が暗誦するに足るような模範的な文でもある必要があります。	agrammatic	grammatic	⌈ˢタトエバᵖn:common_noun⌉⌈ˢでᵖprt:case_particleʳデ⌉⌈ˢはᵖprt:binding_particleʳハ⌉⌈ˢすべてᵖn:common_noun:adverb-possibleʳスベテ⌉⌈ˢのᵖprt:case_particleʳノ⌉⌈ˢ文ᵖn:common_nounʳブン⌉⌈ˢがᵖprt:case_particleʳガ⌉⌈ˢ対等ᵖshp:generalʳタイトウ⌉⌈ˢなᵖauxv:auxv-da:attributiveᵇだᵈだʳナ⌉⌈ˢ立場ᵖn:common_nounʳタチバ⌉⌈ˢにᵖprt:case_particleʳニ⌉⌈ˢありᵖv:non_self_reliant:godan-ra:conjunctiveᵇあるᵈあるʳアリ⌉⌈ˢ、ᵖauxs:comma⌉⌈ˢすべてᵖn:common_noun:adverb-possibleʳスベテ⌉⌈ˢのᵖprt:case_particleʳノ⌉⌈ˢ文ᵖn:common_nounʳブン⌉⌈ˢがᵖprt:case_particleʳガ⌉⌈ˢ自然ᵖshp:generalʳシゼン⌉⌈ˢでᵖauxv:auxv-da:conjunctiveᵇだᵈだʳデ⌉⌈ˢあるᵖv:non_self_reliant:godan-ra:attributiveʳアル⌉⌈ˢことᵖn:common_nounʳコト⌉⌈ˢがᵖprt:case_particleʳガ⌉⌈ˢ求めᵖv:general:e-ichidan-ma:imperfectiveᵇ求めるᵈ求めるʳモトメ⌉⌈ˢられᵖauxv:auxv-reru:conjunctiveᵇられるᵈられるʳラレ⌉⌈ˢてᵖprt:conjunctive_particleʳテ⌉⌈ˢいᵖv:non_self_reliant:i-ichidan-a:conjunctiveᵇいるᵈいるʳイ⌉⌈ˢますᵖauxv:auxv-masu:terminalʳマス⌉⌈ˢ。ᵖauxs:period⌉⌈ˢそのᵖatʳソノ⌉⌈ˢためᵖn:common_noun:adverb-possibleʳタメ⌉⌈ˢ、ᵖauxs:comma⌉⌈ˢ例えばᵖadvʳタトエバ⌉⌈ˢ英語ᵖn:common_nounʳエイゴ⌉⌈ˢのᵖprt:case_particleʳノ⌉⌈ˢ文ᵖn:common_nounʳブン⌉⌈ˢをᵖprt:case_particleʳヲ⌉⌈ˢフランス語ᵖn:common_nounʳフランスゴ⌉⌈ˢにᵖprt:case_particleʳニ⌉⌈ˢ訳すᵖv:general:godan-sa:attributiveʳヤクス⌉⌈ˢ場合ᵖn:common_noun:adverb-possibleʳバアイ⌉⌈ˢ、ᵖauxs:comma⌉⌈ˢそのᵖatʳソノ⌉⌈ˢフランス語ᵖn:common_nounʳフランスゴ⌉⌈ˢのᵖprt:case_particleʳノ⌉⌈ˢ文ᵖn:common_nounʳブン⌉⌈ˢはᵖprt:binding_particleʳハ⌉⌈ˢ、ᵖauxs:comma⌉⌈ˢフランス語ᵖn:common_nounʳフランスゴ⌉⌈ˢのᵖprt:case_particleʳノ⌉⌈ˢできるᵖv:non_self_reliant:i-ichidan-ka:attributiveʳデキル⌉⌈ˢ英語ᵖn:common_nounʳエイゴ⌉⌈ˢ学習者ᵖn:common_nounʳガクシュウシャ⌉⌈ˢのᵖprt:case_particleʳノ⌉⌈ˢ役ᵖn:common_nounʳヤク⌉⌈ˢにᵖprt:case_particleʳニ⌉⌈ˢ立つᵖv:general:godan-ta:attributiveʳタツ⌉⌈ˢようᵖshp:auxiliary_verb_stemʳヨウ⌉⌈ˢなᵖauxv:auxv-da:attributiveᵇだᵈだʳナ⌉⌈ˢ正確ᵖn:common_noun:pos2-unk1ʳセイカク⌉⌈ˢなᵖauxv:auxv-da:attributiveᵇだᵈだʳナ⌉⌈ˢ訳ᵖn:common_nounʳワケ⌉⌈ˢでᵖauxv:auxv-da:conjunctiveᵇだᵈだʳデ⌉⌈ˢあるᵖv:non_self_reliant:godan-ra:terminalʳアル⌉⌈ˢとᵖprt:case_particleʳト⌉⌈ˢ同時ᵖn:common_nounʳドウジ⌉⌈ˢにᵖprt:case_particleʳニ⌉⌈ˢ、ᵖauxs:comma⌉⌈ˢ世界中ᵖn:common_nounʳセカイジュウ⌉⌈ˢのᵖprt:case_particleʳノ⌉⌈ˢフランス語ᵖn:common_nounʳフランスゴ⌉⌈ˢ学習者ᵖn:common_nounʳガクシュウシャ⌉⌈ˢがᵖprt:case_particleʳガ⌉⌈ˢ暗誦ᵖn:common_noun:suru-possibleʳアンショウ⌉⌈ˢするᵖv:non_self_reliant:sa-irregular:terminalʳスル⌉⌈ˢにᵖprt:case_particleʳニ⌉⌈ˢ足るᵖv:general:godan-ra:attributiveʳタル⌉⌈ˢようᵖshp:auxiliary_verb_stemʳヨウ⌉⌈ˢなᵖauxv:auxv-da:attributiveᵇだᵈだʳナ⌉⌈ˢ模範的ᵖn:common_noun:pos2-unk1ʳモハンテキ⌉⌈ˢなᵖauxv:auxv-da:attributiveᵇだᵈだʳナ⌉⌈ˢ文ᵖn:common_nounʳブン⌉⌈ˢでᵖprt:case_particleʳデ⌉⌈ˢもᵖprt:binding_particleʳモ⌉⌈ˢあるᵖatʳアル⌉⌈ˢ必要ᵖn:common_noun:pos2-unk1ʳヒツヨウ⌉⌈ˢがᵖprt:case_particleʳガ⌉⌈ˢありᵖv:non_self_reliant:godan-ra:conjunctiveᵇあるᵈあるʳアリ⌉⌈ˢますᵖauxv:auxv-masu:terminalʳマス⌉⌈ˢ。ᵖauxs:period⌉
ダイヤの指輪なんて身ににつけていないけど、私は幸せだ。	grammatic	agrammatic	⌈ˢダイヤᵖn:common_noun⌉⌈ˢのᵖprt:case_particleʳノ⌉⌈ˢ指輪ᵖn:common_nounʳユビワ⌉⌈ˢなんてᵖprt:adverbial_particleʳナンテ⌉⌈ˢ身ᵖn:common_nounʳミ⌉⌈ˢにᵖprt:case_particleʳニ⌉⌈ˢにつけᵖv:general:e-ichidan-ka:conjunctiveᵇにつけるᵈにつけるʳニツケ⌉⌈ˢてᵖprt:conjunctive_particleʳテ⌉⌈ˢいᵖv:non_self_reliant:i-ichidan-a:imperfectiveᵇいるᵈいるʳイ⌉⌈ˢないᵖauxv:auxv-nai:terminalʳナイ⌉⌈ˢけどᵖprt:conjunctive_particleʳケド⌉⌈ˢ、ᵖauxs:comma⌉⌈ˢ私ᵖpronʳワタクシ⌉⌈ˢはᵖprt:binding_particleʳハ⌉⌈ˢ幸せᵖn:common_noun:pos2-unk1ʳシアワセ⌉⌈ˢだᵖauxv:auxv-da:terminalʳダ⌉⌈ˢ。ᵖauxs:period⌉
トムに出会えで本当によかった。	grammatic	agrammatic	⌈ˢトムᵖn:proper_noun:person-name⌉⌈ˢにᵖprt:case_particleʳニ⌉⌈ˢ出会えᵖv:general:godan-waa:conditionalᵇ出会うᵈ出会うʳデアエ⌉⌈ˢでᵖprt:conjunctive_particleʳデ⌉⌈ˢ本当ᵖn:common_nounʳホントウ⌉⌈ˢにᵖprt:case_particleʳニ⌉⌈ˢよかっᵖadj:non_self_reliant:adjective:conjunctive-geminateᵇよいᵈよいʳヨカッ⌉⌈ˢたᵖauxv:auxv-ta:terminalʳタ⌉⌈ˢ。ᵖauxs:period⌉
トムはこれを聞いておこった。	agrammatic	grammatic	⌈ˢトムᵖn:proper_noun:person-name⌉⌈ˢはᵖprt:binding_particleʳハ⌉⌈ˢこれᵖpronʳコレ⌉⌈ˢをᵖprt:case_particleʳヲ⌉⌈ˢ聞いᵖv:general:godan-ka:conjunctive-i-soundᵇ聞くᵈ聞くʳキイ⌉⌈ˢてᵖprt:conjunctive_particleʳテ⌉⌈ˢおこっᵖv:non_self_reliant:godan-ka:volitional-presumptiveᵇおくᵈおくʳオコッ⌉⌈ˢたᵖauxv:auxv-ta:terminalʳタ⌉⌈ˢ。ᵖauxs:period⌉
トムは流れ弾に当たて死んだ。	grammatic	agrammatic	⌈ˢトムᵖn:proper_noun:person-name⌉⌈ˢはᵖprt:binding_particleʳハ⌉⌈ˢ流れ弾ᵖn:common_nounʳナガレダマ⌉⌈ˢにᵖprt:case_particleʳニ⌉⌈ˢ当ᵖprefʳトウ⌉⌈ˢたてᵖn:common_nounʳタテ⌉⌈ˢ死んᵖv:general:godan-na:conjunctive-nasalᵇ死ぬᵈ死ぬʳシン⌉⌈ˢだᵖauxv:auxv-ta:terminalʳダ⌉⌈ˢ。ᵖauxs:period⌉
トーテムポールには、動物、鳥、魚、神話上の動物、それに超自然的動物と言った一団の彫り物がある。	agrammatic	grammatic	⌈ˢトーテムポールᵖn:proper_noun⌉⌈ˢにᵖprt:case_particleʳニ⌉⌈ˢはᵖprt:binding_particleʳハ⌉⌈ˢ、ᵖauxs:comma⌉⌈ˢ動物ᵖn:common_nounʳドウブツ⌉⌈ˢ、ᵖauxs:comma⌉⌈ˢ鳥ᵖn:common_nounʳトリ⌉⌈ˢ、ᵖauxs:comma⌉⌈ˢ魚ᵖn:common_nounʳサカナ⌉⌈ˢ、ᵖauxs:comma⌉⌈ˢ神話ᵖn:common_nounʳシンワ⌉⌈ˢ上ᵖsuff:noun_like:adverb-possibleʳジョウ⌉⌈ˢのᵖprt:case_particleʳノ⌉⌈ˢ動物ᵖn:common_nounʳドウブツ⌉⌈ˢ、ᵖauxs:comma⌉⌈ˢそれᵖpronʳソレ⌉⌈ˢにᵖprt:case_particleʳニ⌉⌈ˢ超ᵖprefʳチョウ⌉⌈ˢ自然的ᵖn:common_noun:pos2-unk1ʳシゼンテキ⌉⌈ˢ動物ᵖn:common_nounʳドウブツ⌉⌈ˢとᵖprt:case_particleʳト⌉⌈ˢ言っᵖv:general:godan-waa:conjunctive-geminateᵇ言うᵈ言うʳイッ⌉⌈ˢたᵖauxv:auxv-ta:attributiveʳタ⌉⌈ˢ一団ᵖn:common_nounʳイチダン⌉⌈ˢのᵖprt:case_particleʳノ⌉⌈ˢ彫り物ᵖn:common_nounʳホリモノ⌉⌈ˢがᵖprt:case_particleʳガ⌉⌈ˢあるᵖv:non_self_reliant:godan-ra:terminalʳアル⌉⌈ˢ。ᵖauxs:period⌉
バスの時刻表をください。	agrammatic	grammatic	⌈ˢバスᵖn:common_noun⌉⌈ˢのᵖprt:case_particleʳノ⌉⌈ˢ時刻表ᵖn:common_nounʳジコクヒョウ⌉⌈ˢをᵖprt:case_particleʳヲ⌉⌈ˢくださいᵖv:non_self_reliant:godan-ra:imperativeᵇくださるᵈくださるʳクダサイ⌉⌈ˢ。ᵖauxs:period⌉
ブライアンの彼女はよく彼に贅沢なレストランに連れていてと頼みます。	grammatic	agrammatic	⌈ˢブライアンᵖn:proper_noun⌉⌈ˢのᵖprt:case_particleʳノ⌉⌈ˢ彼女ᵖpronʳカノジョ⌉⌈ˢはᵖprt:binding_particleʳハ⌉⌈ˢよくᵖadvʳヨク⌉⌈ˢ彼ᵖpronʳカレ⌉⌈ˢにᵖprt:case_particleʳニ⌉⌈ˢ贅沢ᵖn:common_noun:pos2-unk2ʳゼイタク⌉⌈ˢなᵖauxv:auxv-da:attributiveᵇだᵈだʳナ⌉⌈ˢレストランᵖn:common_noun⌉⌈ˢにᵖprt:case_particleʳニ⌉⌈ˢ連れᵖv:general:e-ichidan-ra:conjunctiveᵇ連れるᵈ連れるʳツレ⌉⌈ˢてᵖprt:conjunctive_particleʳテ⌉⌈ˢいᵖv:non_self_reliant:i-ichidan-a:conjunctiveᵇいるᵈいるʳイ⌉⌈ˢてᵖprt:conjunctive_particleʳテ⌉⌈ˢとᵖprt:case_particleʳト⌉⌈ˢ頼みᵖv:general:godan-ma:conjunctiveᵇ頼むᵈ頼むʳタノミ⌉⌈ˢますᵖauxv:auxv-masu:terminalʳマス⌉⌈ˢ。ᵖauxs:period⌉
ヘリコプターは屋上で着陸しました。	grammatic	agrammatic	⌈ˢヘリコプターᵖn:common_noun⌉⌈ˢはᵖprt:binding_particleʳハ⌉⌈ˢ屋上ᵖn:common_nounʳオクジョウ⌉⌈ˢでᵖprt:case_particleʳデ⌉⌈ˢ着陸ᵖn:common_noun:suru-possibleʳチャクリク⌉⌈ˢしᵖv:non_self_reliant:sa-irregular:conjunctiveᵇするᵈするʳシ⌉⌈ˢましᵖauxv:auxv-masu:conjunctiveᵇますᵈますʳマシ⌉⌈ˢたᵖauxv:auxv-ta:terminalʳタ⌉⌈ˢ。ᵖauxs:period⌉
ホームで並ぶというルールは、共同体の道徳から来ている。この道徳を言ったり守ったりさせているものは損得の判断、つまり知性だと言える。ホームのような場所で利己的に振る舞うことによる身の危険を知性はよく知っている。だから、私たちはホー ムで行儀よく並ぶ。ドアが開くまでは我慢しで並ぶのである。	grammatic	agrammatic	⌈ˢホームᵖn:common_noun⌉⌈ˢでᵖprt:case_particleʳデ⌉⌈ˢ並ぶᵖv:general:godan-ba:terminalʳナラブ⌉⌈ˢとᵖprt:case_particleʳト⌉⌈ˢいうᵖv:general:godan-waa:attributiveʳイウ⌉⌈ˢルールᵖn:common_noun⌉⌈ˢはᵖprt:binding_particleʳハ⌉⌈ˢ、ᵖauxs:comma⌉⌈ˢ共同体ᵖn:common_nounʳキョウドウタイ⌉⌈ˢのᵖprt:case_particleʳノ⌉⌈ˢ道徳ᵖn:common_nounʳドウトク⌉⌈ˢからᵖprt:case_particleʳカラ⌉⌈ˢ来ᵖv:non_self_reliant:ka-irregular:conjunctiveᵇ来るᵈ来るʳキ⌉⌈ˢてᵖprt:conjunctive_particleʳテ⌉⌈ˢいるᵖv:non_self_reliant:i-ichidan-a:terminalʳイル⌉⌈ˢ。ᵖauxs:period⌉⌈ˢこのᵖatʳコノ⌉⌈ˢ道徳ᵖn:common_nounʳドウトク⌉⌈ˢをᵖprt:case_particleʳヲ⌉⌈ˢ言っᵖv:general:godan-waa:conjunctive-geminateᵇ言うᵈ言うʳイッ⌉⌈ˢたりᵖprt:adverbial_particleʳタリ⌉⌈ˢ守っᵖv:general:godan-ra:conjunctive-geminateᵇ守るᵈ守るʳマモッ⌉⌈ˢたりᵖprt:adverbial_particleʳタリ⌉⌈ˢさᵖv:non_self_reliant:sa-irregular:imperfective-saᵇするᵈするʳサ⌉⌈ˢせᵖauxv:e-ichidan-sa:conjunctiveᵇせるᵈせるʳセ⌉⌈ˢてᵖprt:conjunctive_particleʳテ⌉⌈ˢいるᵖv:non_self_reliant:i-ichidan-a:attributiveʳイル⌉⌈ˢものᵖn:common_noun:suru-possibleʳモノ⌉⌈ˢはᵖprt:binding_particleʳハ⌉⌈ˢ損得ᵖn:common_nounʳソントク⌉⌈ˢのᵖprt:case_particleʳノ⌉⌈ˢ判断ᵖn:common_noun:suru-possibleʳハンダン⌉⌈ˢ、ᵖauxs:comma⌉⌈ˢつまりᵖadvʳツマリ⌉⌈ˢ知性ᵖn:common_nounʳチセイ⌉⌈ˢだᵖauxv:auxv-da:terminalʳダ⌉⌈ˢとᵖprt:case_particleʳト⌉⌈ˢ言えるᵖv:general:e-ichidan-a:terminalʳイエル⌉⌈ˢ。ᵖauxs:period⌉⌈ˢホームᵖn:common_noun⌉⌈ˢのᵖprt:case_particleʳノ⌉⌈ˢようᵖshp:auxiliary_verb_stemʳヨウ⌉⌈ˢなᵖauxv:auxv-da:attributiveᵇだᵈだʳナ⌉⌈ˢ場所ᵖn:common_nounʳバショ⌉⌈ˢでᵖprt:case_particleʳデ⌉⌈ˢ利己的ᵖn:common_noun:pos2-unk1ʳリコテキ⌉⌈ˢにᵖauxv:auxv-da:conjunctive-niᵇだᵈだʳニ⌉⌈ˢ振る舞うᵖv:general:godan-waa:attributiveʳフルマウ⌉⌈ˢことᵖn:common_nounʳコト⌉⌈ˢにᵖprt:case_particleʳニ⌉⌈ˢよるᵖv:general:godan-ra:attributiveʳヨル⌉⌈ˢ身ᵖn:common_nounʳミ⌉⌈ˢのᵖprt:case_particleʳノ⌉⌈ˢ危険ᵖn:common_noun:pos2-unk1ʳキケン⌉⌈ˢをᵖprt:case_particleʳヲ⌉⌈ˢ知性ᵖn:common_nounʳチセイ⌉⌈ˢはᵖprt:binding_particleʳハ⌉⌈ˢよくᵖadvʳヨク⌉⌈ˢ知っᵖv:general:godan-ra:conjunctive-geminateᵇ知るᵈ知るʳシッ⌉⌈ˢてᵖprt:conjunctive_particleʳテ⌉⌈ˢいるᵖv:non_self_reliant:i-ichidan-a:terminalʳイル⌉⌈ˢ。ᵖauxs:period⌉⌈ˢだᵖauxv:auxv-da:terminalʳダ⌉⌈ˢからᵖprt:conjunctive_particleʳカラ⌉⌈ˢ、ᵖauxs:comma⌉⌈ˢ私たちᵖpronʳワタシタチ⌉⌈ˢはᵖprt:binding_particleʳハ⌉⌈ˢホーᵖint:general⌉⌈ˢ ᵖspaceʳキゴウ⌉⌈ˢムᵖauxv:auxv-mu:terminal⌉⌈ˢでᵖprt:conjunctive_particleʳデ⌉⌈ˢ行儀ᵖn:common_nounʳギョウギ⌉⌈ˢよくᵖadj:non_self_reliant:adjective:conjunctiveᵇよいᵈよいʳヨク⌉⌈ˢ並ぶᵖv:general:godan-ba:terminalʳナラブ⌉⌈ˢ。ᵖauxs:period⌉⌈ˢドアᵖn:common_noun⌉⌈ˢがᵖprt:case_particleʳガ⌉⌈ˢ開くᵖv:general:godan-ka:attributiveʳヒラク⌉⌈ˢまでᵖprt:adverbial_particleʳマデ⌉⌈ˢはᵖprt:binding_particleʳハ⌉⌈ˢ我慢ᵖn:common_noun:suru-possibleʳガマン⌉⌈ˢしᵖv:non_self_reliant:sa-irregular:conjunctiveᵇするᵈするʳシ⌉⌈ˢでᵖconjʳデ⌉⌈ˢ並ぶᵖv:general:godan-ba:attributiveʳナラブ⌉⌈ˢのᵖprt:pre_noun_particleʳノ⌉⌈ˢでᵖauxv:auxv-da:conjunctiveᵇだᵈだʳデ⌉⌈ˢあるᵖv:non_self_reliant:godan-ra:terminalʳアル⌉⌈ˢ。ᵖauxs:period⌉
ロンドンへいて以来、彼女は電話をかけてきていない。	grammatic	agrammatic	⌈ˢロンドンᵖn:proper_noun:place-name⌉⌈ˢへᵖprt:case_particleʳヘ⌉⌈ˢいᵖv:non_self_reliant:i-ichidan-a:conjunctiveᵇいるᵈいるʳイ⌉⌈ˢてᵖprt:conjunctive_particleʳテ⌉⌈ˢ以来ᵖn:common_noun:adverb-possibleʳイライ⌉⌈ˢ、ᵖauxs:comma⌉⌈ˢ彼女ᵖpronʳカノジョ⌉⌈ˢはᵖprt:binding_particleʳハ⌉⌈ˢ電話ᵖn:common_noun:suru-possibleʳデンワ⌉⌈ˢをᵖprt:case_particleʳヲ⌉⌈ˢかけᵖv:non_self_reliant:e-ichidan-ka:conjunctiveᵇかけるᵈかけるʳカケ⌉⌈ˢてᵖprt:conjunctive_particleʳテ⌉⌈ˢきᵖv:non_self_reliant:ka-irregular:conjunctiveᵇくるᵈくるʳキ⌉⌈ˢてᵖprt:conjunctive_particleʳテ⌉⌈ˢいᵖv:non_self_reliant:i-ichidan-a:imperfectiveᵇいるᵈいるʳイ⌉⌈ˢないᵖauxv:auxv-nai:terminalʳナイ⌉⌈ˢ。ᵖauxs:period⌉
一日せっせと働いた後は静かに休んでいたいです。	grammatic	agrammatic	⌈ˢ一日ᵖn:common_noun:adverb-possibleʳツイタチ⌉⌈ˢせっせとᵖadvʳセッセト⌉⌈ˢ働いᵖv:general:godan-ka:conjunctive-i-soundᵇ働くᵈ働くʳハタライ⌉⌈ˢたᵖauxv:auxv-ta:attributiveʳタ⌉⌈ˢ後ᵖn:common_noun:adverb-possibleʳアト⌉⌈ˢはᵖprt:binding_particleʳハ⌉⌈ˢ静かᵖshp:generalʳシズカ⌉⌈ˢにᵖauxv:auxv-da:conjunctive-niᵇだᵈだʳニ⌉⌈ˢ休んᵖv:general:godan-ma:conjunctive-nasalᵇ休むᵈ休むʳヤスン⌉⌈ˢでᵖprt:conjunctive_particleʳデ⌉⌈ˢいᵖv:non_self_reliant:i-ichidan-a:conjunctiveᵇいるᵈいるʳイ⌉⌈ˢたいᵖauxv:auxv-tai:terminalʳタイ⌉⌈ˢですᵖauxv:auxv-desu:terminalʳデス⌉⌈ˢ。ᵖauxs:period⌉
一連の犯罪は同一犯によるものだと考えられた。	agrammatic	grammatic	⌈ˢ一連ᵖn:common_nounʳイチレン⌉⌈ˢのᵖprt:case_particleʳノ⌉⌈ˢ犯罪ᵖn:common_nounʳハンザイ⌉⌈ˢはᵖprt:binding_particleʳハ⌉⌈ˢ同一ᵖshp:generalʳドウイツ⌉⌈ˢ犯ᵖsuff:noun_likeʳハン⌉⌈ˢにᵖprt:case_particleʳニ⌉⌈ˢよるᵖv:general:godan-ra:attributiveʳヨル⌉⌈ˢものᵖn:common_noun:suru-possibleʳモノ⌉⌈ˢだᵖauxv:auxv-da:terminalʳダ⌉⌈ˢとᵖprt:case_particleʳト⌉⌈ˢ考えᵖv:general:e-ichidan-a:imperfectiveᵇ考えるᵈ考えるʳカンガエ⌉⌈ˢられᵖauxv:auxv-reru:conjunctiveᵇられるᵈられるʳラレ⌉⌈ˢたᵖauxv:auxv-ta:terminalʳタ⌉⌈ˢ。ᵖauxs:period⌉
両国は平和交渉を開始した。	agrammatic	grammatic	⌈ˢ両国ᵖn:common_nounʳリョウコク⌉⌈ˢはᵖprt:binding_particleʳハ⌉⌈ˢ平和ᵖn:common_noun:pos2-unk1ʳヘイワ⌉⌈ˢ交渉ᵖn:common_noun:suru-possibleʳコウショウ⌉⌈ˢをᵖprt:case_particleʳヲ⌉⌈ˢ開始ᵖn:common_noun:suru-possibleʳカイシ⌉⌈ˢしᵖv:non_self_reliant:sa-irregular:conjunctiveᵇするᵈするʳシ⌉⌈ˢたᵖauxv:auxv-ta:terminalʳタ⌉⌈ˢ。ᵖauxs:period⌉
二人の警官が彼を押さえつけようとしたが彼は身をふりを解き、近くの家に走り込んだ。	grammatic	agrammatic	⌈ˢ二人ᵖn:common_noun:adverb-possibleʳフタリ⌉⌈ˢのᵖprt:case_particleʳノ⌉⌈ˢ警官ᵖn:common_nounʳケイカン⌉⌈ˢがᵖprt:case_particleʳガ⌉⌈ˢ彼ᵖpronʳカレ⌉⌈ˢをᵖprt:case_particleʳヲ⌉⌈ˢ押さえつけようᵖv:general:e-ichidan-ka:volitional-presumptiveᵇ押さえつけるᵈ押さえつけるʳオサエツケヨウ⌉⌈ˢとᵖprt:case_particleʳト⌉⌈ˢしᵖv:non_self_reliant:sa-irregular:conjunctiveᵇするᵈするʳシ⌉⌈ˢたᵖauxv:auxv-ta:terminalʳタ⌉⌈ˢがᵖprt:conjunctive_particleʳガ⌉⌈ˢ彼ᵖpronʳカレ⌉⌈ˢはᵖprt:binding_particleʳハ⌉⌈ˢ身ᵖn:common_nounʳミ⌉⌈ˢをᵖprt:case_particleʳヲ⌉⌈ˢふりᵖn:common_noun:counter-possibleʳフリ⌉⌈ˢをᵖprt:case_particleʳヲ⌉⌈ˢ解きᵖv:general:godan-ka:conjunctiveᵇ解くᵈ解くʳトキ⌉⌈ˢ、ᵖauxs:comma⌉⌈ˢ近くᵖn:common_noun:adverb-possibleʳチカク⌉⌈ˢのᵖprt:case_particleʳノ⌉⌈ˢ家ᵖn:common_nounʳイエ⌉⌈ˢにᵖprt:case_particleʳニ⌉⌈ˢ走り込んᵖv:general:godan-ma:conjunctive-nasalᵇ走り込むᵈ走り込むʳハシリコン⌉⌈ˢだᵖauxv:auxv-ta:terminalʳダ⌉⌈ˢ。ᵖauxs:period⌉
二度ととうそをつかないと私に約束してください。	grammatic	agrammatic	⌈ˢ二ᵖn:numeralʳニ⌉⌈ˢ度ᵖn:common_noun:counter-possibleʳド⌉⌈ˢとᵖprt:case_particleʳト⌉⌈ˢとうそᵖn:common_nounʳトウソ⌉⌈ˢをᵖprt:case_particleʳヲ⌉⌈ˢつかᵖv:non_self_reliant:godan-ka:imperfectiveᵇつくᵈつくʳツカ⌉⌈ˢないᵖauxv:auxv-nai:terminalʳナイ⌉⌈ˢとᵖprt:conjunctive_particleʳト⌉⌈ˢ私ᵖpronʳワタクシ⌉⌈ˢにᵖprt:case_particleʳニ⌉⌈ˢ約束ᵖn:common_noun:suru-possibleʳヤクソク⌉⌈ˢしᵖv:non_self_reliant:sa-irregular:conjunctiveᵇするᵈするʳシ⌉⌈ˢてᵖprt:conjunctive_particleʳテ⌉⌈ˢくださいᵖv:non_self_reliant:godan-ra:imperativeᵇくださるᵈくださるʳクダサイ⌉⌈ˢ。ᵖauxs:period⌉
二日も三日も捜しあるいて、いかにしても見つからぬとというのが神隠しで、これに対しては右のごとき別種の手段が、始めて必要であったのだが、前代の人たちは久しい間の経験によって、子供がいなくなれば最初からこれを神隠しと推定して、それに相応する処置を執ったものである。	grammatic	agrammatic	⌈ˢ二ᵖn:numeralʳフタ⌉⌈ˢ日ᵖsuff:noun_like:counterʳカ⌉⌈ˢもᵖprt:binding_particleʳモ⌉⌈ˢ三ᵖn:numeralʳミッ⌉⌈ˢ日ᵖsuff:noun_like:counterʳカ⌉⌈ˢもᵖprt:binding_particleʳモ⌉⌈ˢ捜しᵖv:general:godan-sa:conjunctiveᵇ捜すᵈ捜すʳサガシ⌉⌈ˢあるいᵖv:general:godan-ka:conjunctive-i-soundᵇあるくᵈあるくʳアルイ⌉⌈ˢてᵖprt:conjunctive_particleʳテ⌉⌈ˢ、ᵖauxs:comma⌉⌈ˢいかにᵖadvʳイカニ⌉⌈ˢしᵖv:non_self_reliant:sa-irregular:conjunctiveᵇするᵈするʳシ⌉⌈ˢてᵖprt:conjunctive_particleʳテ⌉⌈ˢもᵖprt:binding_particleʳモ⌉⌈ˢ見つからᵖv:general:godan-ra:imperfectiveᵇ見つかるᵈ見つかるʳミツカラ⌉⌈ˢぬᵖauxv:auxv-nu:terminalʳヌ⌉⌈ˢとᵖprt:case_particleʳト⌉⌈ˢとᵖprt:case_particleʳト⌉⌈ˢいうᵖv:general:godan-waa:attributiveʳイウ⌉⌈ˢのᵖprt:pre_noun_particleʳノ⌉⌈ˢがᵖprt:case_particleʳガ⌉⌈ˢ神隠しᵖn:common_nounʳカミカクシ⌉⌈ˢでᵖauxv:auxv-da:conjunctiveᵇだᵈだʳデ⌉⌈ˢ、ᵖauxs:comma⌉⌈ˢこれᵖpronʳコレ⌉⌈ˢにᵖprt:case_particleʳニ⌉⌈ˢ対しᵖv:general:sa-irregular:conjunctiveᵇ対するᵈ対するʳタイシ⌉⌈ˢてᵖprt:conjunctive_particleʳテ⌉⌈ˢはᵖprt:binding_particleʳハ⌉⌈ˢ右ᵖn:common_nounʳミギ⌉⌈ˢのᵖprt:case_particleʳノ⌉⌈ˢごときᵖauxv:auxv-gotoshi:attributiveᵇごとしᵈごとしʳゴトキ⌉⌈ˢ別種ᵖn:common_nounʳベッシュ⌉⌈ˢのᵖprt:case_particleʳノ⌉⌈ˢ手段ᵖn:common_nounʳシュダン⌉⌈ˢがᵖprt:case_particleʳガ⌉⌈ˢ、ᵖauxs:comma⌉⌈ˢ始めᵖv:non_self_reliant:e-ichidan-ma:conjunctiveᵇ始めるᵈ始めるʳハジメ⌉⌈ˢてᵖprt:conjunctive_particleʳテ⌉⌈ˢ必要ᵖn:common_noun:pos2-unk1ʳヒツヨウ⌉⌈ˢでᵖauxv:auxv-da:conjunctiveᵇだᵈだʳデ⌉⌈ˢあっᵖv:non_self_reliant:godan-ra:conjunctive-geminateᵇあるᵈあるʳアッ⌉⌈ˢたᵖauxv:auxv-ta:attributiveʳタ⌉⌈ˢのᵖprt:pre_noun_particleʳノ⌉⌈ˢだᵖauxv:auxv-da:terminalʳダ⌉⌈ˢがᵖprt:conjunctive_particleʳガ⌉⌈ˢ、ᵖauxs:comma⌉⌈ˢ前代ᵖn:common_nounʳゼンダイ⌉⌈ˢのᵖprt:case_particleʳノ⌉⌈ˢ人ᵖn:common_nounʳヒト⌉⌈ˢたちᵖsuff:noun_likeʳタチ⌉⌈ˢはᵖprt:binding_particleʳハ⌉⌈ˢ久しいᵖadj:general:adjective:attributiveʳヒサシイ⌉⌈ˢ間ᵖn:common_noun:adverb-possibleʳアイダ⌉⌈ˢのᵖprt:case_particleʳノ⌉⌈ˢ経験ᵖn:common_noun:suru-possibleʳケイケン⌉⌈ˢにᵖprt:case_particleʳニ⌉⌈ˢよっᵖv:general:godan-ra:conjunctive-geminateᵇよるᵈよるʳヨッ⌉⌈ˢてᵖprt:conjunctive_particleʳテ⌉⌈ˢ、ᵖauxs:comma⌉⌈ˢ子供ᵖn:common_nounʳコドモ⌉⌈ˢがᵖprt:case_particleʳガ⌉⌈ˢいᵖv:non_self_reliant:i-ichidan-a:imperfectiveᵇいるᵈいるʳイ⌉⌈ˢなくᵖauxv:auxv-nai:conjunctiveᵇないᵈないʳナク⌉⌈ˢなれᵖv:non_self_reliant:godan-ra:conditionalᵇなるᵈなるʳナレ⌉⌈ˢばᵖprt:conjunctive_particleʳバ⌉⌈ˢ最初ᵖn:common_noun:adverb-possibleʳサイショ⌉⌈ˢからᵖprt:case_particleʳカラ⌉⌈ˢこれᵖpronʳコレ⌉⌈ˢをᵖprt:case_particleʳヲ⌉⌈ˢ神隠しᵖn:common_nounʳカミカクシ⌉⌈ˢとᵖprt:case_particleʳト⌉⌈ˢ推定ᵖn:common_noun:suru-possibleʳスイテイ⌉⌈ˢしᵖv:non_self_reliant:sa-irregular:conjunctiveᵇするᵈするʳシ⌉⌈ˢてᵖprt:conjunctive_particleʳテ⌉⌈ˢ、ᵖauxs:comma⌉⌈ˢそれᵖpronʳソレ⌉⌈ˢにᵖprt:case_particleʳニ⌉⌈ˢ相応ᵖn:common_noun:pos2-unk2ʳソウオウ⌉⌈ˢするᵖv:non_self_reliant:sa-irregular:attributiveʳスル⌉⌈ˢ処置ᵖn:common_noun:suru-possibleʳショチ⌉⌈ˢをᵖprt:case_particleʳヲ⌉⌈ˢ執っᵖv:general:godan-ra:conjunctive-geminateᵇ執るᵈ執るʳトッ⌉⌈ˢたᵖauxv:auxv-ta:attributiveʳタ⌉⌈ˢものᵖn:common_noun:suru-possibleʳモノ⌉⌈ˢでᵖauxv:auxv-da:conjunctiveᵇだᵈだʳデ⌉⌈ˢあるᵖv:non_self_reliant:godan-ra:terminalʳアル⌉⌈ˢ。ᵖauxs:period⌉
人を許すことを覚え、身につけなければいけません。許す力量のない者には、愛する力もありません。最悪の人間にもどこか取り柄があるように、最高の人間にも悪い面はあります。これがわかれば、敵を憎む気持ちが薄れます。	agrammatic	grammatic	⌈ˢ人ᵖn:common_nounʳヒト⌉⌈ˢをᵖprt:case_particleʳヲ⌉⌈ˢ許すᵖv:general:godan-sa:attributiveʳユルス⌉⌈ˢことᵖn:common_nounʳコト⌉⌈ˢをᵖprt:case_particleʳヲ⌉⌈ˢ覚えᵖv:general:e-ichidan-a:conjunctiveᵇ覚えるᵈ覚えるʳオボエ⌉⌈ˢ、ᵖauxs:comma⌉⌈ˢ身ᵖn:common_nounʳミ⌉⌈ˢにᵖprt:case_particleʳニ⌉⌈ˢつけᵖv:non_self_reliant:e-ichidan-ka:imperfectiveᵇつけるᵈつけるʳツケ⌉⌈ˢなけれᵖauxv:auxv-nai:conditionalᵇないᵈないʳナケレ⌉⌈ˢばᵖprt:conjunctive_particleʳバ⌉⌈ˢいけᵖv:non_self_reliant:e-ichidan-ka:conjunctiveᵇいけるᵈいけるʳイケ⌉⌈ˢませᵖauxv:auxv-masu:imperfectiveᵇますᵈますʳマセ⌉⌈ˢんᵖauxv:auxv-nu:terminal-nasalᵇぬᵈぬʳン⌉⌈ˢ。ᵖauxs:period⌉⌈ˢ許すᵖv:general:godan-sa:attributiveʳユルス⌉⌈ˢ力量ᵖn:common_nounʳリキリョウ⌉⌈ˢのᵖprt:case_particleʳノ⌉⌈ˢないᵖadj:non_self_reliant:adjective:attributiveʳナイ⌉⌈ˢ者ᵖn:common_nounʳモノ⌉⌈ˢにᵖprt:case_particleʳニ⌉⌈ˢはᵖprt:binding_particleʳハ⌉⌈ˢ、ᵖauxs:comma⌉⌈ˢ愛するᵖv:general:sa-irregular:attributiveʳアイスル⌉⌈ˢ力ᵖn:common_nounʳチカラ⌉⌈ˢもᵖprt:binding_particleʳモ⌉⌈ˢありᵖv:non_self_reliant:godan-ra:conjunctiveᵇあるᵈあるʳアリ⌉⌈ˢませᵖauxv:auxv-masu:imperfectiveᵇますᵈますʳマセ⌉⌈ˢんᵖauxv:auxv-nu:terminal-nasalᵇぬᵈぬʳン⌉⌈ˢ。ᵖauxs:period⌉⌈ˢ最悪ᵖn:common_noun:pos2-unk1ʳサイアク⌉⌈ˢのᵖprt:case_particleʳノ⌉⌈ˢ人間ᵖn:common_nounʳニンゲン⌉⌈ˢにᵖprt:case_particleʳニ⌉⌈ˢもᵖprt:binding_particleʳモ⌉⌈ˢどこᵖpronʳドコ⌉⌈ˢかᵖprt:adverbial_particleʳカ⌉⌈ˢ取り柄ᵖn:common_nounʳトリエ⌉⌈ˢがᵖprt:case_particleʳガ⌉⌈ˢあるᵖv:non_self_reliant:godan-ra:attributiveʳアル⌉⌈ˢようᵖshp:auxiliary_verb_stemʳヨウ⌉⌈ˢにᵖauxv:auxv-da:conjunctive-niᵇだᵈだʳニ⌉⌈ˢ、ᵖauxs:comma⌉⌈ˢ最高ᵖn:common_noun:pos2-unk1ʳサイコウ⌉⌈ˢのᵖprt:case_particleʳノ⌉⌈ˢ人間ᵖn:common_nounʳニンゲン⌉⌈ˢにᵖprt:case_particleʳニ⌉⌈ˢもᵖprt:binding_particleʳモ⌉⌈ˢ悪いᵖadj:general:adjective:attributiveʳワルイ⌉⌈ˢ面ᵖn:common_noun:counter-possibleʳメン⌉⌈ˢはᵖprt:binding_particleʳハ⌉⌈ˢありᵖv:non_self_reliant:godan-ra:conjunctiveᵇあるᵈあるʳアリ⌉⌈ˢますᵖauxv:auxv-masu:terminalʳマス⌉⌈ˢ。ᵖauxs:period⌉⌈ˢこれᵖpronʳコレ⌉⌈ˢがᵖprt:case_particleʳガ⌉⌈ˢわかれᵖv:general:godan-ra:conditionalᵇわかるᵈわかるʳワカレ⌉⌈ˢばᵖprt:conjunctive_particleʳバ⌉⌈ˢ、ᵖauxs:comma⌉⌈ˢ敵ᵖn:common_nounʳテキ⌉⌈ˢをᵖprt:case_particleʳヲ⌉⌈ˢ憎むᵖv:general:godan-ma:attributiveʳニクム⌉⌈ˢ気持ちᵖn:common_nounʳキモチ⌉⌈ˢがᵖprt:case_particleʳガ⌉⌈ˢ薄れᵖv:general:e-ichidan-ra:conjunctiveᵇ薄れるᵈ薄れるʳウスレ⌉⌈ˢますᵖauxv:auxv-masu:terminalʳマス⌉⌈ˢ。ᵖauxs:period⌉
人間だけに論理的思考力がある。	agrammatic	grammatic	⌈ˢ人間ᵖn:common_nounʳニンゲン⌉⌈ˢだけᵖprt:adverbial_particleʳダケ⌉⌈ˢにᵖprt:case_particleʳニ⌉⌈ˢ論理的ᵖn:common_noun:pos2-unk1ʳロンリテキ⌉⌈ˢ思考力ᵖn:common_nounʳシコウリョク⌉⌈ˢがᵖprt:case_particleʳガ⌉⌈ˢあるᵖv:non_self_reliant:godan-ra:terminalʳアル⌉⌈ˢ。ᵖauxs:period⌉
人間も色々方法で伝達し会う。	grammatic	agrammatic	⌈ˢ人間ᵖn:common_nounʳニンゲン⌉⌈ˢもᵖprt:binding_particleʳモ⌉⌈ˢ色々ᵖadvʳイロイロ⌉⌈ˢ方法ᵖn:common_nounʳホウホウ⌉⌈ˢでᵖprt:case_particleʳデ⌉⌈ˢ伝達ᵖn:common_noun:suru-possibleʳデンタツ⌉⌈ˢしᵖv:non_self_reliant:sa-irregular:conjunctiveᵇするᵈするʳシ⌉⌈ˢ会うᵖv:general:godan-waa:terminalʳアウ⌉⌈ˢ。ᵖauxs:period⌉
今の住宅政策は、おそらく相当反対に直面するだろう。	grammatic	agrammatic	⌈ˢ今ᵖn:common_noun:adverb-possibleʳイマ⌉⌈ˢのᵖprt:case_particleʳノ⌉⌈ˢ住宅ᵖn:common_nounʳジュウタク⌉⌈ˢ政策ᵖn:common_nounʳセイサク⌉⌈ˢはᵖprt:binding_particleʳハ⌉⌈ˢ、ᵖauxs:comma⌉⌈ˢおそらくᵖadvʳオソラク⌉⌈ˢ相当ᵖadvʳソウトウ⌉⌈ˢ反対ᵖn:common_noun:pos2-unk2ʳハンタイ⌉⌈ˢにᵖprt:case_particleʳニ⌉⌈ˢ直面ᵖn:common_noun:suru-possibleʳチョクメン⌉⌈ˢするᵖv:non_self_reliant:sa-irregular:terminalʳスル⌉⌈ˢだろうᵖauxv:auxv-da:volitional-presumptiveᵇだᵈだʳダロウ⌉⌈ˢ。ᵖauxs:period⌉
今夜はよく眠れそう気がする。	grammatic	agrammatic	⌈ˢ今夜ᵖn:common_noun:adverb-possibleʳコンヤ⌉⌈ˢはᵖprt:binding_particleʳハ⌉⌈ˢよくᵖadvʳヨク⌉⌈ˢ眠れᵖv:general:godan-ra:imperativeᵇ眠るᵈ眠るʳネムレ⌉⌈ˢそうᵖadvʳソウ⌉⌈ˢ気ᵖn:common_nounʳキ⌉⌈ˢがᵖprt:case_particleʳガ⌉⌈ˢするᵖv:non_self_reliant:sa-irregular:terminalʳスル⌉⌈ˢ。ᵖauxs:period⌉
今夜は家につれていてくれ。	grammatic	agrammatic	⌈ˢ今夜ᵖn:common_noun:adverb-possibleʳコンヤ⌉⌈ˢはᵖprt:binding_particleʳハ⌉⌈ˢ家ᵖn:common_nounʳイエ⌉⌈ˢにᵖprt:case_particleʳニ⌉⌈ˢつれᵖv:general:e-ichidan-ra:conjunctiveᵇつれるᵈつれるʳツレ⌉⌈ˢてᵖprt:conjunctive_particleʳテ⌉⌈ˢいᵖv:non_self_reliant:i-ichidan-a:conjunctiveᵇいるᵈいるʳイ⌉⌈ˢてᵖprt:conjunctive_particleʳテ⌉⌈ˢくれᵖv:non_self_reliant:e-ichidan-ra:imperativeᵇくれるᵈくれるʳクレ⌉⌈ˢ。ᵖauxs:period⌉
会場は立をすいの余地もないほどに聴衆で埋まっていた。	grammatic	agrammatic	⌈ˢ会場ᵖn:common_nounʳカイジョウ⌉⌈ˢはᵖprt:binding_particleʳハ⌉⌈ˢ立ᵖn:common_noun:counter-possibleʳタテ⌉⌈ˢをᵖprt:case_particleʳヲ⌉⌈ˢすいᵖv:general:godan-ka:conjunctive-i-soundᵇすくᵈすくʳスイ⌉⌈ˢのᵖprt:case_particleʳノ⌉⌈ˢ余地ᵖn:common_nounʳヨチ⌉⌈ˢもᵖprt:binding_particleʳモ⌉⌈ˢないᵖadj:non_self_reliant:adjective:attributiveʳナイ⌉⌈ˢほどᵖprt:adverbial_particleʳホド⌉⌈ˢにᵖprt:case_particleʳニ⌉⌈ˢ聴衆ᵖn:common_nounʳチョウシュウ⌉⌈ˢでᵖprt:case_particleʳデ⌉⌈ˢ埋まっᵖv:general:godan-ra:conjunctive-geminateᵇ埋まるᵈ埋まるʳウマッ⌉⌈ˢてᵖprt:conjunctive_particleʳテ⌉⌈ˢいᵖv:non_self_reliant:i-ichidan-a:conjunctiveᵇいるᵈいるʳイ⌉⌈ˢたᵖauxv:auxv-ta:terminalʳタ⌉⌈ˢ。ᵖauxs:period⌉
会議は７月１５日（火曜日）の午後、７月１６日（水曜日）終日、および７月１７日（木曜日）午前中にに行われます。	grammatic	agrammatic	⌈ˢ会議ᵖn:common_noun:suru-possibleʳカイギ⌉⌈ˢはᵖprt:binding_particleʳハ⌉⌈ˢ７ᵖn:numeralᵇ7ᵈ7ʳナナ⌉⌈ˢ月ᵖn:common_noun:counter-possibleʳガツ⌉⌈ˢ１５ᵖn:numeralᵇ15ᵈ15ʳイチイツ⌉⌈ˢ日ᵖsuff:noun_like:counterʳカ⌉⌈ˢ（ᵖauxs:bracket_openᵇ(ᵈ(ʳキゴウ⌉⌈ˢ火曜日ᵖn:common_noun:adverb-possibleʳカヨウビ⌉⌈ˢ）ᵖauxs:bracket_closeᵇ)ᵈ)ʳキゴウ⌉⌈ˢのᵖprt:case_particleʳノ⌉⌈ˢ午後ᵖn:common_noun:adverb-possibleʳゴゴ⌉⌈ˢ、ᵖauxs:comma⌉⌈ˢ７ᵖn:numeralᵇ7ᵈ7ʳナナ⌉⌈ˢ月ᵖn:common_noun:counter-possibleʳガツ⌉⌈ˢ１６ᵖn:numeralᵇ16ᵈ16ʳイチムイ⌉⌈ˢ日ᵖsuff:noun_like:counterʳカ⌉⌈ˢ（ᵖauxs:bracket_openᵇ(ᵈ(ʳキゴウ⌉⌈ˢ水曜日ᵖn:common_noun:adverb-possibleʳスイヨウビ⌉⌈ˢ）ᵖauxs:bracket_closeᵇ)ᵈ)ʳキゴウ⌉⌈ˢ終日ᵖn:common_noun:adverb-possibleʳシュウジツ⌉⌈ˢ、ᵖauxs:comma⌉⌈ˢおよびᵖconjʳオヨビ⌉⌈ˢ７ᵖn:numeralᵇ7ᵈ7ʳナナ⌉⌈ˢ月ᵖn:common_noun:counter-possibleʳガツ⌉⌈ˢ１７ᵖn:numeralᵇ17ᵈ17ʳイチシチ⌉⌈ˢ日ᵖn:common_noun:counter-possibleʳニチ⌉⌈ˢ（ᵖauxs:bracket_openᵇ(ᵈ(ʳキゴウ⌉⌈ˢ木曜日ᵖn:common_noun:adverb-possibleʳモクヨウビ⌉⌈ˢ）ᵖauxs:bracket_closeᵇ)ᵈ)ʳキゴウ⌉⌈ˢ午前中ᵖn:common_nounʳゴゼンチュウ⌉⌈ˢにᵖprt:case_particleʳニ⌉⌈ˢにᵖprt:case_particleʳニ⌉⌈ˢ行わᵖv:general:godan-waa:imperfectiveᵇ行うᵈ行うʳオコナワ⌉⌈ˢれᵖauxv:auxv-reru:conjunctiveᵇれるᵈれるʳレ⌉⌈ˢますᵖauxv:auxv-masu:terminalʳマス⌉⌈ˢ。ᵖauxs:period⌉
体使う人はマイナートランキライザーという物質が定期的に体内に放出されるので 朗らかで不安がなさそう人が多いのだそうです。	grammatic	agrammatic	⌈ˢ体ᵖn:common_nounʳカラダ⌉⌈ˢ使うᵖv:general:godan-waa:attributiveʳツカウ⌉⌈ˢ人ᵖn:common_nounʳヒト⌉⌈ˢはᵖprt:binding_particleʳハ⌉⌈ˢマイナートランキライザーᵖn:proper_noun⌉⌈ˢとᵖprt:case_particleʳト⌉⌈ˢいうᵖv:general:godan-waa:attributiveʳイウ⌉⌈ˢ物質ᵖn:common_nounʳブッシツ⌉⌈ˢがᵖprt:case_particleʳガ⌉⌈ˢ定期的ᵖn:common_noun:pos2-unk1ʳテイキテキ⌉⌈ˢにᵖauxv:auxv-da:conjunctive-niᵇだᵈだʳニ⌉⌈ˢ体内ᵖn:common_nounʳタイナイ⌉⌈ˢにᵖprt:case_particleʳニ⌉⌈ˢ放出ᵖn:common_noun:suru-possibleʳホウシュツ⌉⌈ˢさᵖv:non_self_reliant:sa-irregular:imperfective-saᵇするᵈするʳサ⌉⌈ˢれるᵖauxv:auxv-reru:attributiveʳレル⌉⌈ˢのᵖprt:pre_noun_particleʳノ⌉⌈ˢでᵖauxv:auxv-da:conjunctiveᵇだᵈだʳデ⌉⌈ˢ ᵖspaceʳキゴウ⌉⌈ˢ朗らかᵖshp:generalʳホガラカ⌉⌈ˢでᵖauxv:auxv-da:conjunctiveᵇだᵈだʳデ⌉⌈ˢ不安ᵖn:common_noun:pos2-unk1ʳフアン⌉⌈ˢがᵖprt:case_particleʳガ⌉⌈ˢなさᵖadj:non_self_reliant:adjective:stem-saᵇないᵈないʳナサ⌉⌈ˢそうᵖadvʳソウ⌉⌈ˢ人ᵖn:common_nounʳヒト⌉⌈ˢがᵖprt:case_particleʳガ⌉⌈ˢ多いᵖadj:general:adjective:attributiveʳオオイ⌉⌈ˢのᵖprt:pre_noun_particleʳノ⌉⌈ˢだᵖauxv:auxv-da:terminalʳダ⌉⌈ˢそうᵖn:auxiliary_verb_stemʳソウ⌉⌈ˢですᵖauxv:auxv-desu:terminalʳデス⌉⌈ˢ。ᵖauxs:period⌉
何でついて来てくれるですか。	agrammatic	grammatic	⌈ˢ何ᵖpronʳナン⌉⌈ˢでᵖprt:case_particleʳデ⌉⌈ˢついᵖv:general:godan-ka:conjunctive-i-soundᵇつくᵈつくʳツイ⌉⌈ˢてᵖprt:conjunctive_particleʳテ⌉⌈ˢ来ᵖv:non_self_reliant:ka-irregular:conjunctiveᵇ来るᵈ来るʳキ⌉⌈ˢてᵖprt:conjunctive_particleʳテ⌉⌈ˢくれるᵖv:non_self_reliant:e-ichidan-ra:terminalʳクレル⌉⌈ˢですᵖauxv:auxv-desu:terminalʳデス⌉⌈ˢかᵖprt:sentence_final_particleʳカ⌉⌈ˢ。ᵖauxs:period⌉
何をいていいか分からなかったので私は黙っていた。	grammatic	agrammatic	⌈ˢ何ᵖpronʳナン⌉⌈ˢをᵖprt:case_particleʳヲ⌉⌈ˢいᵖv:non_self_reliant:i-ichidan-a:conjunctiveᵇいるᵈいるʳイ⌉⌈ˢてᵖprt:conjunctive_particleʳテ⌉⌈ˢいいᵖadj:non_self_reliant:adjective:terminalʳイイ⌉⌈ˢかᵖprt:adverbial_particleʳカ⌉⌈ˢ分からᵖv:general:godan-ra:imperfectiveᵇ分かるᵈ分かるʳワカラ⌉⌈ˢなかっᵖauxv:auxv-nai:conjunctive-geminateᵇないᵈないʳナカッ⌉⌈ˢたᵖauxv:auxv-ta:attributiveʳタ⌉⌈ˢのᵖprt:pre_noun_particleʳノ⌉⌈ˢでᵖauxv:auxv-da:conjunctiveᵇだᵈだʳデ⌉⌈ˢ私ᵖpronʳワタクシ⌉⌈ˢはᵖprt:binding_particleʳハ⌉⌈ˢ黙っᵖv:general:godan-ra:conjunctive-geminateᵇ黙るᵈ黙るʳダマッ⌉⌈ˢてᵖprt:conjunctive_particleʳテ⌉⌈ˢいᵖv:non_self_reliant:i-ichidan-a:conjunctiveᵇいるᵈいるʳイ⌉⌈ˢたᵖauxv:auxv-ta:terminalʳタ⌉⌈ˢ。ᵖauxs:period⌉
余計努力の結果、彼の血圧は通常以上に上がった。	grammatic	agrammatic	⌈ˢ余計ᵖadvʳヨケイ⌉⌈ˢ努力ᵖn:common_noun:suru-possibleʳドリョク⌉⌈ˢのᵖprt:case_particleʳノ⌉⌈ˢ結果ᵖn:common_noun:adverb-possibleʳケッカ⌉⌈ˢ、ᵖauxs:comma⌉⌈ˢ彼ᵖpronʳカレ⌉⌈ˢのᵖprt:case_particleʳノ⌉⌈ˢ血圧ᵖn:common_nounʳケツアツ⌉⌈ˢはᵖprt:binding_particleʳハ⌉⌈ˢ通常ᵖn:common_noun:adverb-possibleʳツウジョウ⌉⌈ˢ以上ᵖn:common_noun:adverb-possibleʳイジョウ⌉⌈ˢにᵖprt:case_particleʳニ⌉⌈ˢ上がっᵖv:general:godan-ra:conjunctive-geminateᵇ上がるᵈ上がるʳアガッ⌉⌈ˢたᵖauxv:auxv-ta:terminalʳタ⌉⌈ˢ。ᵖauxs:period⌉
俺がヒーローだわ！	agrammatic	grammatic	⌈ˢ俺ᵖpronʳオレ⌉⌈ˢがᵖprt:case_particleʳガ⌉⌈ˢヒーローᵖn:common_noun⌉⌈ˢだᵖauxv:auxv-da:terminalʳダ⌉⌈ˢわᵖprt:sentence_final_particleʳワ⌉⌈ˢ！ᵖauxs:periodᵇ!ᵈ!ʳ!⌉
健康はとみにまさるです。後者は前者ほど人に幸福をもたらさないから。	grammatic	agrammatic	⌈ˢ健康ᵖn:common_noun:pos2-unk1ʳケンコウ⌉⌈ˢはᵖprt:binding_particleʳハ⌉⌈ˢとみにᵖadvʳトミニ⌉⌈ˢまさるᵖn:proper_noun:person-nameʳマサル⌉⌈ˢですᵖauxv:auxv-desu:terminalʳデス⌉⌈ˢ。ᵖauxs:period⌉⌈ˢ後者ᵖn:common_nounʳコウシャ⌉⌈ˢはᵖprt:binding_particleʳハ⌉⌈ˢ前者ᵖn:common_nounʳゼンシャ⌉⌈ˢほどᵖprt:adverbial_particleʳホド⌉⌈ˢ人ᵖn:common_nounʳヒト⌉⌈ˢにᵖprt:case_particleʳニ⌉⌈ˢ幸福ᵖn:common_noun:pos2-unk1ʳコウフク⌉⌈ˢをᵖprt:case_particleʳヲ⌉⌈ˢもたらさᵖv:general:godan-sa:imperfectiveᵇもたらすᵈもたらすʳモタラサ⌉⌈ˢないᵖauxv:auxv-nai:terminalʳナイ⌉⌈ˢからᵖprt:conjunctive_particleʳカラ⌉⌈ˢ。ᵖauxs:period⌉
僕は彼女とかかわったために身も心もずたぼろにされてしまった。	agrammatic	grammatic	⌈ˢ僕ᵖpronʳボク⌉⌈ˢはᵖprt:binding_particleʳハ⌉⌈ˢ彼女ᵖpronʳカノジョ⌉⌈ˢとᵖprt:case_particleʳト⌉⌈ˢかかわっᵖv:general:godan-ra:conjunctive-geminateᵇかかわるᵈかかわるʳカカワッ⌉⌈ˢたᵖauxv:auxv-ta:attributiveʳタ⌉⌈ˢためᵖn:common_noun:adverb-possibleʳタメ⌉⌈ˢにᵖprt:case_particleʳニ⌉⌈ˢ身ᵖn:common_nounʳミ⌉⌈ˢもᵖprt:binding_particleʳモ⌉⌈ˢ心ᵖn:common_noun:suru-possibleʳココロ⌉⌈ˢもᵖprt:binding_particleʳモ⌉⌈ˢずᵖauxv:auxv-zu:terminalʳズ⌉⌈ˢたᵖauxv:auxv-ta:attributiveʳタ⌉⌈ˢぼろᵖn:common_nounʳボロ⌉⌈ˢにᵖprt:case_particleʳニ⌉⌈ˢさᵖv:non_self_reliant:sa-irregular:imperfective-saᵇするᵈするʳサ⌉⌈ˢれᵖauxv:auxv-reru:conjunctiveᵇれるᵈれるʳレ⌉⌈ˢてᵖprt:conjunctive_particleʳテ⌉⌈ˢしまっᵖv:non_self_reliant:godan-waa:conjunctive-geminateᵇしまうᵈしまうʳシマッ⌉⌈ˢたᵖauxv:auxv-ta:terminalʳタ⌉⌈ˢ。ᵖauxs:period⌉
出来るだけはやくお手紙をください。	agrammatic	grammatic	⌈ˢ出来るだけᵖadvʳデキルダケ⌉⌈ˢはやくᵖadj:general:adjective:conjunctiveᵇはやいᵈはやいʳハヤク⌉⌈ˢおᵖprefʳオ⌉⌈ˢ手紙ᵖn:common_nounʳテガミ⌉⌈ˢをᵖprt:case_particleʳヲ⌉⌈ˢくださいᵖv:non_self_reliant:godan-ra:imperativeᵇくださるᵈくださるʳクダサイ⌉⌈ˢ。ᵖauxs:period⌉
十分情報を受け取ることができなかったという理由も一部にはあって、ハーパーの描写は不完全なものにとどまっている。	grammatic	agrammatic	⌈ˢ十ᵖn:numeralʳジュウ⌉⌈ˢ分ᵖn:common_noun:counter-possibleʳフン⌉⌈ˢ情報ᵖn:common_nounʳジョウホウ⌉⌈ˢをᵖprt:case_particleʳヲ⌉⌈ˢ受け取るᵖv:general:godan-ra:attributiveʳウケトル⌉⌈ˢことᵖn:common_nounʳコト⌉⌈ˢがᵖprt:case_particleʳガ⌉⌈ˢできᵖv:non_self_reliant:i-ichidan-ka:imperfectiveᵇできるᵈできるʳデキ⌉⌈ˢなかっᵖauxv:auxv-nai:conjunctive-geminateᵇないᵈないʳナカッ⌉⌈ˢたᵖauxv:auxv-ta:terminalʳタ⌉⌈ˢとᵖprt:case_particleʳト⌉⌈ˢいうᵖv:general:godan-waa:attributiveʳイウ⌉⌈ˢ理由ᵖn:common_nounʳリユウ⌉⌈ˢもᵖprt:binding_particleʳモ⌉⌈ˢ一部ᵖn:common_noun:adverb-possibleʳイチブ⌉⌈ˢにᵖprt:case_particleʳニ⌉⌈ˢはᵖprt:binding_particleʳハ⌉⌈ˢあっᵖv:non_self_reliant:godan-ra:conjunctive-geminateᵇあるᵈあるʳアッ⌉⌈ˢてᵖprt:conjunctive_particleʳテ⌉⌈ˢ、ᵖauxs:comma⌉⌈ˢハーパーᵖn:proper_noun:person-name⌉⌈ˢのᵖprt:case_particleʳノ⌉⌈ˢ描写ᵖn:common_noun:suru-possibleʳビョウシャ⌉⌈ˢはᵖprt:binding_particleʳハ⌉⌈ˢ不完全ᵖn:common_noun:pos2-unk1ʳフカンゼン⌉⌈ˢなᵖauxv:auxv-da:attributiveᵇだᵈだʳナ⌉⌈ˢものᵖn:common_noun:suru-possibleʳモノ⌉⌈ˢにᵖprt:case_particleʳニ⌉⌈ˢとどまっᵖv:general:godan-ra:conjunctive-geminateᵇとどまるᵈとどまるʳトドマッ⌉⌈ˢてᵖprt:conjunctive_particleʳテ⌉⌈ˢいるᵖv:non_self_reliant:i-ichidan-a:terminalʳイル⌉⌈ˢ。ᵖauxs:period⌉
君は大変読書力がある。	agrammatic	grammatic	⌈ˢ君ᵖpronʳキミ⌉⌈ˢはᵖprt:binding_particleʳハ⌉⌈ˢ大変ᵖadvʳタイヘン⌉⌈ˢ読書ᵖn:common_noun:suru-possibleʳドクショ⌉⌈ˢ力ᵖsuff:noun_likeʳリョク⌉⌈ˢがᵖprt:case_particleʳガ⌉⌈ˢあるᵖv:non_self_reliant:godan-ra:terminalʳアル⌉⌈ˢ。ᵖauxs:period⌉
吹雪はまるを一週間荒れ狂った。	grammatic	agrammatic	⌈ˢ吹雪ᵖn:common_nounʳフブキ⌉⌈ˢはᵖprt:binding_particleʳハ⌉⌈ˢまるᵖn:common_nounʳマル⌉⌈ˢをᵖprt:case_particleʳヲ⌉⌈ˢ一ᵖn:numeralʳイチ⌉⌈ˢ週間ᵖn:common_noun:counter-possibleʳシュウカン⌉⌈ˢ荒れ狂っᵖv:general:godan-waa:conjunctive-geminateᵇ荒れ狂うᵈ荒れ狂うʳアレクルッ⌉⌈ˢたᵖauxv:auxv-ta:terminalʳタ⌉⌈ˢ。ᵖauxs:period⌉
唯一、人生に意味を与えてくれるよう芸術作品の中に美しい人生と言うものも含めて考える事によって、私は後にこの途方もない考えを修正したのだが、それでも私が尊重していたのはやはり美であった。	agrammatic	grammatic	⌈ˢ唯一ᵖn:common_noun:adverb-possibleʳユイイツ⌉⌈ˢ、ᵖauxs:comma⌉⌈ˢ人生ᵖn:common_nounʳジンセイ⌉⌈ˢにᵖprt:case_particleʳニ⌉⌈ˢ意味ᵖn:common_noun:suru-possibleʳイミ⌉⌈ˢをᵖprt:case_particleʳヲ⌉⌈ˢ与えᵖv:general:e-ichidan-a:conjunctiveᵇ与えるᵈ与えるʳアタエ⌉⌈ˢてᵖprt:conjunctive_particleʳテ⌉⌈ˢくれるᵖv:non_self_reliant:e-ichidan-ra:attributiveʳクレル⌉⌈ˢようᵖshp:auxiliary_verb_stemʳヨウ⌉⌈ˢ芸術作品ᵖn:proper_nounʳゲイジュツサクヒン⌉⌈ˢのᵖprt:case_particleʳノ⌉⌈ˢ中ᵖn:common_noun:adverb-possibleʳナカ⌉⌈ˢにᵖprt:case_particleʳニ⌉⌈ˢ美しいᵖadj:general:adjective:attributiveʳウツクシイ⌉⌈ˢ人生ᵖn:common_nounʳジンセイ⌉⌈ˢとᵖprt:case_particleʳト⌉⌈ˢ言うᵖv:general:godan-waa:attributiveʳイウ⌉⌈ˢものᵖn:common_noun:suru-possibleʳモノ⌉⌈ˢもᵖprt:binding_particleʳモ⌉⌈ˢ含めᵖv:general:e-ichidan-ma:conjunctiveᵇ含めるᵈ含めるʳフクメ⌉⌈ˢてᵖprt:conjunctive_particleʳテ⌉⌈ˢ考えるᵖv:general:e-ichidan-a:attributiveʳカンガエル⌉⌈ˢ事ᵖn:common_nounʳコト⌉⌈ˢにᵖprt:case_particleʳニ⌉⌈ˢよっᵖv:general:godan-ra:conjunctive-geminateᵇよるᵈよるʳヨッ⌉⌈ˢてᵖprt:conjunctive_particleʳテ⌉⌈ˢ、ᵖauxs:comma⌉⌈ˢ私ᵖpronʳワタクシ⌉⌈ˢはᵖprt:binding_particleʳハ⌉⌈ˢ後ᵖn:common_noun:adverb-possibleʳアト⌉⌈ˢにᵖprt:case_particleʳニ⌉⌈ˢこのᵖatʳコノ⌉⌈ˢ途方ᵖn:common_nounʳトホウ⌉⌈ˢもᵖprt:binding_particleʳモ⌉⌈ˢないᵖadj:non_self_reliant:adjective:attributiveʳナイ⌉⌈ˢ考えᵖn:common_nounʳカンガエ⌉⌈ˢをᵖprt:case_particleʳヲ⌉⌈ˢ修正ᵖn:common_noun:suru-possibleʳシュウセイ⌉⌈ˢしᵖv:non_self_reliant:sa-irregular:conjunctiveᵇするᵈするʳシ⌉⌈ˢたᵖauxv:auxv-ta:attributiveʳタ⌉⌈ˢのᵖprt:pre_noun_particleʳノ⌉⌈ˢだᵖauxv:auxv-da:terminalʳダ⌉⌈ˢがᵖprt:conjunctive_particleʳガ⌉⌈ˢ、ᵖauxs:comma⌉⌈ˢそれᵖpronʳソレ⌉⌈ˢでᵖprt:case_particleʳデ⌉⌈ˢもᵖprt:binding_particleʳモ⌉⌈ˢ私ᵖpronʳワタクシ⌉⌈ˢがᵖprt:case_particleʳガ⌉⌈ˢ尊重ᵖn:common_noun:suru-possibleʳソンチョウ⌉⌈ˢしᵖv:non_self_reliant:sa-irregular:conjunctiveᵇするᵈするʳシ⌉⌈ˢてᵖprt:conjunctive_particleʳテ⌉⌈ˢいᵖv:non_self_reliant:i-ichidan-a:conjunctiveᵇいるᵈいるʳイ⌉⌈ˢたᵖauxv:auxv-ta:attributiveʳタ⌉⌈ˢのᵖprt:pre_noun_particleʳノ⌉⌈ˢはᵖprt:binding_particleʳハ⌉⌈ˢやはりᵖadvʳヤハリ⌉⌈ˢ美ᵖn:common_nounʳビ⌉⌈ˢでᵖauxv:auxv-da:conjunctiveᵇだᵈだʳデ⌉⌈ˢあっᵖv:non_self_reliant:godan-ra:conjunctive-geminateᵇあるᵈあるʳアッ⌉⌈ˢたᵖauxv:auxv-ta:terminalʳタ⌉⌈ˢ。ᵖauxs:period⌉
嘘は良く聞こえるのに、私は純粋な真実を聞きたいです。	grammatic	agrammatic	⌈ˢ嘘ᵖn:common_nounʳウソ⌉⌈ˢはᵖprt:binding_particleʳハ⌉⌈ˢ良くᵖadj:non_self_reliant:adjective:conjunctiveᵇ良いᵈ良いʳヨク⌉⌈ˢ聞こえるᵖv:general:e-ichidan-a:attributiveʳキコエル⌉⌈ˢのᵖprt:pre_noun_particleʳノ⌉⌈ˢにᵖprt:case_particleʳニ⌉⌈ˢ、ᵖauxs:comma⌉⌈ˢ私ᵖpronʳワタクシ⌉⌈ˢはᵖprt:binding_particleʳハ⌉⌈ˢ純粋ᵖshp:generalʳジュンスイ⌉⌈ˢなᵖauxv:auxv-da:attributiveᵇだᵈだʳナ⌉⌈ˢ真実ᵖn:common_nounʳシンジツ⌉⌈ˢをᵖprt:case_particleʳヲ⌉⌈ˢ聞きᵖv:general:godan-ka:conjunctiveᵇ聞くᵈ聞くʳキキ⌉⌈ˢたいᵖauxv:auxv-tai:terminalʳタイ⌉⌈ˢですᵖauxv:auxv-desu:terminalʳデス⌉⌈ˢ。ᵖauxs:period⌉
地獄極楽は心にありです。	grammatic	agrammatic	⌈ˢ地獄ᵖn:common_nounʳジゴク⌉⌈ˢ極楽ᵖn:common_nounʳゴクラク⌉⌈ˢはᵖprt:binding_particleʳハ⌉⌈ˢ心ᵖn:common_noun:suru-possibleʳココロ⌉⌈ˢにᵖprt:case_particleʳニ⌉⌈ˢありᵖv:non_self_reliant:godan-ra:conjunctiveᵇあるᵈあるʳアリ⌉⌈ˢですᵖauxv:auxv-desu:terminalʳデス⌉⌈ˢ。ᵖauxs:period⌉
外国人は一般に日本人がお互いに相手に言わなければならないほどのお世辞を必要としないのである。これは頭で入れておいていいことである。	grammatic	agrammatic	⌈ˢ外国人ᵖn:common_nounʳガイコクジン⌉⌈ˢはᵖprt:binding_particleʳハ⌉⌈ˢ一般ᵖn:common_nounʳイッパン⌉⌈ˢにᵖprt:case_particleʳニ⌉⌈ˢ日本人ᵖn:common_nounʳニホンジン⌉⌈ˢがᵖprt:case_particleʳガ⌉⌈ˢおᵖprefʳオ⌉⌈ˢ互いᵖn:common_nounʳタガイ⌉⌈ˢにᵖprt:case_particleʳニ⌉⌈ˢ相手ᵖn:common_nounʳアイテ⌉⌈ˢにᵖprt:case_particleʳニ⌉⌈ˢ言わᵖv:general:godan-waa:imperfectiveᵇ言うᵈ言うʳイワ⌉⌈ˢなけれᵖauxv:auxv-nai:conditionalᵇないᵈないʳナケレ⌉⌈ˢばᵖprt:conjunctive_particleʳバ⌉⌈ˢならᵖv:non_self_reliant:godan-ra:imperfectiveᵇなるᵈなるʳナラ⌉⌈ˢないᵖauxv:auxv-nai:attributiveʳナイ⌉⌈ˢほどᵖprt:adverbial_particleʳホド⌉⌈ˢのᵖprt:case_particleʳノ⌉⌈ˢお世辞ᵖn:common_nounʳオセジ⌉⌈ˢをᵖprt:case_particleʳヲ⌉⌈ˢ必要ᵖn:common_noun:pos2-unk1ʳヒツヨウ⌉⌈ˢとᵖprt:case_particleʳト⌉⌈ˢしᵖv:non_self_reliant:sa-irregular:imperfectiveᵇするᵈするʳシ⌉⌈ˢないᵖauxv:auxv-nai:attributiveʳナイ⌉⌈ˢのᵖprt:pre_noun_particleʳノ⌉⌈ˢでᵖauxv:auxv-da:conjunctiveᵇだᵈだʳデ⌉⌈ˢあるᵖv:non_self_reliant:godan-ra:terminalʳアル⌉⌈ˢ。ᵖauxs:period⌉⌈ˢこれᵖpronʳコレ⌉⌈ˢはᵖprt:binding_particleʳハ⌉⌈ˢ頭ᵖn:common_nounʳアタマ⌉⌈ˢでᵖprt:case_particleʳデ⌉⌈ˢ入れᵖv:general:e-ichidan-ra:conjunctiveᵇ入れるᵈ入れるʳイレ⌉⌈ˢてᵖprt:conjunctive_particleʳテ⌉⌈ˢおいᵖv:non_self_reliant:godan-ka:conjunctive-i-soundᵇおくᵈおくʳオイ⌉⌈ˢてᵖprt:conjunctive_particleʳテ⌉⌈ˢいいᵖadj:non_self_reliant:adjective:attributiveʳイイ⌉⌈ˢことᵖn:common_nounʳコト⌉⌈ˢでᵖauxv:auxv-da:conjunctiveᵇだᵈだʳデ⌉⌈ˢあるᵖv:non_self_reliant:godan-ra:terminalʳアル⌉⌈ˢ。ᵖauxs:period⌉
多弁な人は実行はともわない。	agrammatic	grammatic	⌈ˢ多弁ᵖn:common_noun:pos2-unk1ʳタベン⌉⌈ˢなᵖauxv:auxv-da:attributiveᵇだᵈだʳナ⌉⌈ˢ人ᵖn:common_nounʳヒト⌉⌈ˢはᵖprt:binding_particleʳハ⌉⌈ˢ実行ᵖn:common_noun:suru-possibleʳジッコウ⌉⌈ˢはᵖprt:binding_particleʳハ⌉⌈ˢとᵖprt:case_particleʳト⌉⌈ˢもわᵖadvʳモワ⌉⌈ˢないᵖadj:non_self_reliant:adjective:terminalʳナイ⌉⌈ˢ。ᵖauxs:period⌉
失礼だが、上記の記事にある３つの誤りを指摘しておきたいです。	grammatic	agrammatic	⌈ˢ失礼ᵖn:common_noun:pos2-unk2ʳシツレイ⌉⌈ˢだᵖauxv:auxv-da:terminalʳダ⌉⌈ˢがᵖprt:conjunctive_particleʳガ⌉⌈ˢ、ᵖauxs:comma⌉⌈ˢ上記ᵖn:common_nounʳジョウキ⌉⌈ˢのᵖprt:case_particleʳノ⌉⌈ˢ記事ᵖn:common_nounʳキジ⌉⌈ˢにᵖprt:case_particleʳニ⌉⌈ˢあるᵖv:non_self_reliant:godan-ra:attributiveʳアル⌉⌈ˢ３ᵖn:numeralᵇ3ᵈ3ʳミッ⌉⌈ˢつᵖsuff:noun_like:counterʳツ⌉⌈ˢのᵖprt:case_particleʳノ⌉⌈ˢ誤りᵖn:common_nounʳアヤマリ⌉⌈ˢをᵖprt:case_particleʳヲ⌉⌈ˢ指摘ᵖn:common_noun:suru-possibleʳシテキ⌉⌈ˢしᵖv:non_self_reliant:sa-irregular:conjunctiveᵇするᵈするʳシ⌉⌈ˢてᵖprt:conjunctive_particleʳテ⌉⌈ˢおきᵖv:non_self_reliant:godan-ka:conjunctiveᵇおくᵈおくʳオキ⌉⌈ˢたいᵖauxv:auxv-tai:terminalʳタイ⌉⌈ˢですᵖauxv:auxv-desu:terminalʳデス⌉⌈ˢ。ᵖauxs:period⌉
子犬がしっぽをふっでついてきた。	grammatic	agrammatic	⌈ˢ子犬ᵖn:common_nounʳコイヌ⌉⌈ˢがᵖprt:case_particleʳガ⌉⌈ˢしっぽᵖn:common_nounʳシッポ⌉⌈ˢをᵖprt:case_particleʳヲ⌉⌈ˢふっᵖadvʳフッ⌉⌈ˢでᵖprt:case_particleʳデ⌉⌈ˢついᵖv:general:godan-ka:conjunctive-i-soundᵇつくᵈつくʳツイ⌉⌈ˢてᵖprt:conjunctive_particleʳテ⌉⌈ˢきᵖv:non_self_reliant:ka-irregular:conjunctiveᵇくるᵈくるʳキ⌉⌈ˢたᵖauxv:auxv-ta:terminalʳタ⌉⌈ˢ。ᵖauxs:period⌉
宇宙空間に冒険してどんな地球の人々は十分好奇心がありますか？	agrammatic	grammatic	⌈ˢ宇宙空間ᵖn:common_nounʳウチュウクウカン⌉⌈ˢにᵖprt:case_particleʳニ⌉⌈ˢ冒険ᵖn:common_noun:suru-possibleʳボウケン⌉⌈ˢしᵖv:non_self_reliant:sa-irregular:conjunctiveᵇするᵈするʳシ⌉⌈ˢてᵖprt:conjunctive_particleʳテ⌉⌈ˢどんなᵖatʳドンナ⌉⌈ˢ地球ᵖn:common_nounʳチキュウ⌉⌈ˢのᵖprt:case_particleʳノ⌉⌈ˢ人々ᵖn:common_nounʳヒトビト⌉⌈ˢはᵖprt:binding_particleʳハ⌉⌈ˢ十分ᵖadvʳジュウブン⌉⌈ˢ好奇心ᵖn:common_nounʳコウキシン⌉⌈ˢがᵖprt:case_particleʳガ⌉⌈ˢありᵖv:non_self_reliant:godan-ra:conjunctiveᵇあるᵈあるʳアリ⌉⌈ˢますᵖauxv:auxv-masu:terminalʳマス⌉⌈ˢかᵖprt:sentence_final_particleʳカ⌉⌈ˢ？ᵖauxs:periodᵇ?ᵈ?ʳ?⌉
完全自動詞は補語も目的語もとらない。	agrammatic	grammatic	⌈ˢ完全ᵖshp:generalʳカンゼン⌉⌈ˢ自動詞ᵖn:common_nounʳジドウシ⌉⌈ˢはᵖprt:binding_particleʳハ⌉⌈ˢ補語ᵖn:common_nounʳホゴ⌉⌈ˢもᵖprt:binding_particleʳモ⌉⌈ˢ目的語ᵖn:common_nounʳモクテキゴ⌉⌈ˢもᵖprt:binding_particleʳモ⌉⌈ˢとらᵖv:general:godan-ra:imperfectiveᵇとるᵈとるʳトラ⌉⌈ˢないᵖauxv:auxv-nai:terminalʳナイ⌉⌈ˢ。ᵖauxs:period⌉
実は、その出来事が新聞に載らなかったのは、たった一人の目撃者を除いては誰ひとりとしてそのことを知っている者はなかった――という極く簡単事情に原因しているのである。	grammatic	agrammatic	⌈ˢ実ᵖn:common_nounʳジツ⌉⌈ˢはᵖprt:binding_particleʳハ⌉⌈ˢ、ᵖauxs:comma⌉⌈ˢそのᵖatʳソノ⌉⌈ˢ出来事ᵖn:common_nounʳデキゴト⌉⌈ˢがᵖprt:case_particleʳガ⌉⌈ˢ新聞ᵖn:common_nounʳシンブン⌉⌈ˢにᵖprt:case_particleʳニ⌉⌈ˢ載らᵖv:general:godan-ra:imperfectiveᵇ載るᵈ載るʳノラ⌉⌈ˢなかっᵖauxv:auxv-nai:conjunctive-geminateᵇないᵈないʳナカッ⌉⌈ˢたᵖauxv:auxv-ta:attributiveʳタ⌉⌈ˢのᵖprt:pre_noun_particleʳノ⌉⌈ˢはᵖprt:binding_particleʳハ⌉⌈ˢ、ᵖauxs:comma⌉⌈ˢたったᵖadvʳタッタ⌉⌈ˢ一人ᵖn:common_noun:adverb-possibleʳヒトリ⌉⌈ˢのᵖprt:case_particleʳノ⌉⌈ˢ目撃者ᵖn:common_nounʳモクゲキシャ⌉⌈ˢをᵖprt:case_particleʳヲ⌉⌈ˢ除いᵖv:general:godan-ka:conjunctive-i-soundᵇ除くᵈ除くʳノゾイ⌉⌈ˢてᵖprt:conjunctive_particleʳテ⌉⌈ˢはᵖprt:binding_particleʳハ⌉⌈ˢ誰ᵖpronʳダレ⌉⌈ˢひとりᵖn:common_noun:adverb-possibleʳヒトリ⌉⌈ˢとᵖprt:case_particleʳト⌉⌈ˢしᵖv:non_self_reliant:sa-irregular:conjunctiveᵇするᵈするʳシ⌉⌈ˢてᵖprt:conjunctive_particleʳテ⌉⌈ˢそのᵖatʳソノ⌉⌈ˢことᵖn:common_nounʳコト⌉⌈ˢをᵖprt:case_particleʳヲ⌉⌈ˢ知っᵖv:general:godan-ra:conjunctive-geminateᵇ知るᵈ知るʳシッ⌉⌈ˢてᵖprt:conjunctive_particleʳテ⌉⌈ˢいるᵖv:non_self_reliant:i-ichidan-a:attributiveʳイル⌉⌈ˢ者ᵖn:common_nounʳモノ⌉⌈ˢはᵖprt:binding_particleʳハ⌉⌈ˢなかっᵖadj:non_self_reliant:adjective:conjunctive-geminateᵇないᵈないʳナカッ⌉⌈ˢたᵖauxv:auxv-ta:terminalʳタ⌉⌈ˢ―ᵖauxs:generalʳキゴウ⌉⌈ˢ―ᵖauxs:generalʳキゴウ⌉⌈ˢとᵖprt:case_particleʳト⌉⌈ˢいうᵖv:general:godan-waa:attributiveʳイウ⌉⌈ˢ極くᵖadvʳゴク⌉⌈ˢ簡単ᵖshp:generalʳカンタン⌉⌈ˢ事情ᵖn:common_nounʳジジョウ⌉⌈ˢにᵖprt:case_particleʳニ⌉⌈ˢ原因ᵖn:common_noun:suru-possibleʳゲンイン⌉⌈ˢしᵖv:non_self_reliant:sa-irregular:conjunctiveᵇするᵈするʳシ⌉⌈ˢてᵖprt:conjunctive_particleʳテ⌉⌈ˢいるᵖv:non_self_reliant:i-ichidan-a:attributiveʳイル⌉⌈ˢのᵖprt:pre_noun_particleʳノ⌉⌈ˢでᵖauxv:auxv-da:conjunctiveᵇだᵈだʳデ⌉⌈ˢあるᵖv:non_self_reliant:godan-ra:terminalʳアル⌉⌈ˢ。ᵖauxs:period⌉
寒い冬が始まてから、その老人は体の調子が狂ってしまった。	grammatic	agrammatic	⌈ˢ寒いᵖadj:general:adjective:attributiveʳサムイ⌉⌈ˢ冬ᵖn:common_noun:adverb-possibleʳフユ⌉⌈ˢがᵖprt:case_particleʳガ⌉⌈ˢ始ᵖn:common_noun:adverb-possibleʳハジメ⌉⌈ˢまてᵖv:general:godan-ta:conditionalᵇまつᵈまつʳマテ⌉⌈ˢからᵖprt:conjunctive_particleʳカラ⌉⌈ˢ、ᵖauxs:comma⌉⌈ˢそのᵖatʳソノ⌉⌈ˢ老人ᵖn:common_nounʳロウジン⌉⌈ˢはᵖprt:binding_particleʳハ⌉⌈ˢ体ᵖn:common_nounʳカラダ⌉⌈ˢのᵖprt:case_particleʳノ⌉⌈ˢ調子ᵖn:common_nounʳチョウシ⌉⌈ˢがᵖprt:case_particleʳガ⌉⌈ˢ狂っᵖv:general:godan-waa:conjunctive-geminateᵇ狂うᵈ狂うʳクルッ⌉⌈ˢてᵖprt:conjunctive_particleʳテ⌉⌈ˢしまっᵖv:non_self_reliant:godan-waa:conjunctive-geminateᵇしまうᵈしまうʳシマッ⌉⌈ˢたᵖauxv:auxv-ta:terminalʳタ⌉⌈ˢ。ᵖauxs:period⌉
寝でも覚めても彼女はそのことを考えていた。	grammatic	agrammatic	⌈ˢ寝ᵖn:common_nounʳネ⌉⌈ˢでᵖprt:case_particleʳデ⌉⌈ˢもᵖprt:binding_particleʳモ⌉⌈ˢ覚めᵖv:general:e-ichidan-ma:conjunctiveᵇ覚めるᵈ覚めるʳサメ⌉⌈ˢてᵖprt:conjunctive_particleʳテ⌉⌈ˢもᵖprt:binding_particleʳモ⌉⌈ˢ彼女ᵖpronʳカノジョ⌉⌈ˢはᵖprt:binding_particleʳハ⌉⌈ˢそのᵖatʳソノ⌉⌈ˢことᵖn:common_nounʳコト⌉⌈ˢをᵖprt:case_particleʳヲ⌉⌈ˢ考えᵖv:general:e-ichidan-a:conjunctiveᵇ考えるᵈ考えるʳカンガエ⌉⌈ˢてᵖprt:conjunctive_particleʳテ⌉⌈ˢいᵖv:non_self_reliant:i-ichidan-a:conjunctiveᵇいるᵈいるʳイ⌉⌈ˢたᵖauxv:auxv-ta:terminalʳタ⌉⌈ˢ。ᵖauxs:period⌉
寝むだいた前に、気分は良いになった。	grammatic	agrammatic	⌈ˢ寝むᵖv:general:godan-ma:terminalʳヤスム⌉⌈ˢだᵖauxv:auxv-ta:attributiveʳダ⌉⌈ˢいᵖv:non_self_reliant:i-ichidan-a:conjunctiveᵇいるᵈいるʳイ⌉⌈ˢたᵖauxv:auxv-ta:attributiveʳタ⌉⌈ˢ前ᵖn:common_noun:adverb-possibleʳマエ⌉⌈ˢにᵖprt:case_particleʳニ⌉⌈ˢ、ᵖauxs:comma⌉⌈ˢ気分ᵖn:common_nounʳキブン⌉⌈ˢはᵖprt:binding_particleʳハ⌉⌈ˢ良いᵖadj:non_self_reliant:adjective:terminalʳヨイ⌉⌈ˢにᵖprt:case_particleʳニ⌉⌈ˢなっᵖv:non_self_reliant:godan-ra:conjunctive-geminateᵇなるᵈなるʳナッ⌉⌈ˢたᵖauxv:auxv-ta:terminalʳタ⌉⌈ˢ。ᵖauxs:period⌉
小さい靴を買いたいです。大きなのは履けません。	agrammatic	grammatic	⌈ˢ小さいᵖadj:general:adjective:attributiveʳチイサイ⌉⌈ˢ靴ᵖn:common_nounʳクツ⌉⌈ˢをᵖprt:case_particleʳヲ⌉⌈ˢ買いᵖv:general:godan-waa:conjunctiveᵇ買うᵈ買うʳカイ⌉⌈ˢたいᵖauxv:auxv-tai:terminalʳタイ⌉⌈ˢですᵖauxv:auxv-desu:terminalʳデス⌉⌈ˢ。ᵖauxs:period⌉⌈ˢ大きなᵖatʳオオキナ⌉⌈ˢのᵖprt:pre_noun_particleʳノ⌉⌈ˢはᵖprt:binding_particleʳハ⌉⌈ˢ履けᵖv:general:e-ichidan-ka:conjunctiveᵇ履けるᵈ履けるʳハケ⌉⌈ˢませᵖauxv:auxv-masu:imperfectiveᵇますᵈますʳマセ⌉⌈ˢんᵖauxv:auxv-nu:terminal-nasalᵇぬᵈぬʳン⌉⌈ˢ。ᵖauxs:period⌉
小麦粉とミルクと卵でケーキは作れる。	agrammatic	grammatic	⌈ˢ小麦粉ᵖn:common_nounʳコムギコ⌉⌈ˢとᵖprt:case_particleʳト⌉⌈ˢミルクᵖn:common_noun⌉⌈ˢとᵖprt:case_particleʳト⌉⌈ˢ卵ᵖn:common_nounʳタマゴ⌉⌈ˢでᵖprt:case_particleʳデ⌉⌈ˢケーキᵖn:common_noun⌉⌈ˢはᵖprt:binding_particleʳハ⌉⌈ˢ作れるᵖv:general:e-ichidan-ra:terminalʳツクレル⌉⌈ˢ。ᵖauxs:period⌉
年を取り過ぎで学べないということはない。	grammatic	agrammatic	⌈ˢ年ᵖn:common_noun:adverb-possibleʳトシ⌉⌈ˢをᵖprt:case_particleʳヲ⌉⌈ˢ取りᵖv:general:godan-ra:conjunctiveᵇ取るᵈ取るʳトリ⌉⌈ˢ過ぎᵖsuff:shape_word_likeʳスギ⌉⌈ˢでᵖprt:case_particleʳデ⌉⌈ˢ学べᵖv:general:e-ichidan-ba:imperfectiveᵇ学べるᵈ学べるʳマナベ⌉⌈ˢないᵖauxv:auxv-nai:terminalʳナイ⌉⌈ˢとᵖprt:case_particleʳト⌉⌈ˢいうᵖv:general:godan-waa:attributiveʳイウ⌉⌈ˢことᵖn:common_nounʳコト⌉⌈ˢはᵖprt:binding_particleʳハ⌉⌈ˢないᵖadj:non_self_reliant:adjective:terminalʳナイ⌉⌈ˢ。ᵖauxs:period⌉
彼にはあさっでここに来てもらいましょう。	grammatic	agrammatic	⌈ˢ彼ᵖpronʳカレ⌉⌈ˢにᵖprt:case_particleʳニ⌉⌈ˢはᵖprt:binding_particleʳハ⌉⌈ˢあᵖint:fillerʳア⌉⌈ˢさっᵖadvʳサッ⌉⌈ˢでᵖprt:case_particleʳデ⌉⌈ˢここᵖpronʳココ⌉⌈ˢにᵖprt:case_particleʳニ⌉⌈ˢ来ᵖv:non_self_reliant:ka-irregular:conjunctiveᵇ来るᵈ来るʳキ⌉⌈ˢてᵖprt:conjunctive_particleʳテ⌉⌈ˢもらいᵖv:non_self_reliant:godan-waa:conjunctiveᵇもらうᵈもらうʳモライ⌉⌈ˢましょうᵖauxv:auxv-masu:volitional-presumptiveᵇますᵈますʳマショウ⌉⌈ˢ。ᵖauxs:period⌉
彼には他の者に分けでやれるだけの食べ物はなかった。	grammatic	agrammatic	⌈ˢ彼ᵖpronʳカレ⌉⌈ˢにᵖprt:case_particleʳニ⌉⌈ˢはᵖprt:binding_particleʳハ⌉⌈ˢ他ᵖn:common_noun:adverb-possibleʳタ⌉⌈ˢのᵖprt:case_particleʳノ⌉⌈ˢ者ᵖn:common_nounʳモノ⌉⌈ˢにᵖprt:case_particleʳニ⌉⌈ˢ分けᵖn:common_noun:counter-possibleʳワケ⌉⌈ˢでᵖprt:case_particleʳデ⌉⌈ˢやれるᵖv:non_self_reliant:e-ichidan-ra:attributiveʳヤレル⌉⌈ˢだけᵖprt:adverbial_particleʳダケ⌉⌈ˢのᵖprt:case_particleʳノ⌉⌈ˢ食べ物ᵖn:common_nounʳタベモノ⌉⌈ˢはᵖprt:binding_particleʳハ⌉⌈ˢなかっᵖadj:non_self_reliant:adjective:conjunctive-geminateᵇないᵈないʳナカッ⌉⌈ˢたᵖauxv:auxv-ta:terminalʳタ⌉⌈ˢ。ᵖauxs:period⌉
彼には弁護士になった息子が３人いたです。	grammatic	agrammatic	⌈ˢ彼ᵖpronʳカレ⌉⌈ˢにᵖprt:case_particleʳニ⌉⌈ˢはᵖprt:binding_particleʳハ⌉⌈ˢ弁護士ᵖn:common_nounʳベンゴシ⌉⌈ˢにᵖprt:case_particleʳニ⌉⌈ˢなっᵖv:non_self_reliant:godan-ra:conjunctive-geminateᵇなるᵈなるʳナッ⌉⌈ˢたᵖauxv:auxv-ta:attributiveʳタ⌉⌈ˢ息子ᵖn:common_nounʳムスコ⌉⌈ˢがᵖprt:case_particleʳガ⌉⌈ˢ３ᵖn:numeralᵇ3ᵈ3ʳサン⌉⌈ˢ人ᵖsuff:noun_likeʳニン⌉⌈ˢいたᵖn:common_nounʳイタ⌉⌈ˢですᵖauxv:auxv-desu:terminalʳデス⌉⌈ˢ。ᵖauxs:period⌉
彼のことを誤解していたのだと私は気づきを始めた。	grammatic	agrammatic	⌈ˢ彼ᵖpronʳカレ⌉⌈ˢのᵖprt:case_particleʳノ⌉⌈ˢことᵖn:common_nounʳコト⌉⌈ˢをᵖprt:case_particleʳヲ⌉⌈ˢ誤解ᵖn:common_noun:suru-possibleʳゴカイ⌉⌈ˢしᵖv:non_self_reliant:sa-irregular:conjunctiveᵇするᵈするʳシ⌉⌈ˢてᵖprt:conjunctive_particleʳテ⌉⌈ˢいᵖv:non_self_reliant:i-ichidan-a:conjunctiveᵇいるᵈいるʳイ⌉⌈ˢたᵖauxv:auxv-ta:attributiveʳタ⌉⌈ˢのᵖprt:pre_noun_particleʳノ⌉⌈ˢだᵖauxv:auxv-da:terminalʳダ⌉⌈ˢとᵖprt:case_particleʳト⌉⌈ˢ私ᵖpronʳワタクシ⌉⌈ˢはᵖprt:binding_particleʳハ⌉⌈ˢ気づきᵖn:common_nounʳキヅキ⌉⌈ˢをᵖprt:case_particleʳヲ⌉⌈ˢ始めᵖv:non_self_reliant:e-ichidan-ma:conjunctiveᵇ始めるᵈ始めるʳハジメ⌉⌈ˢたᵖauxv:auxv-ta:terminalʳタ⌉⌈ˢ。ᵖauxs:period⌉
彼はいたずら半分にそれをしたにちがいない。	agrammatic	grammatic	⌈ˢ彼ᵖpronʳカレ⌉⌈ˢはᵖprt:binding_particleʳハ⌉⌈ˢいたずらᵖshp:generalʳイタズラ⌉⌈ˢ半分ᵖn:common_noun:adverb-possibleʳハンブン⌉⌈ˢにᵖprt:case_particleʳニ⌉⌈ˢそれᵖpronʳソレ⌉⌈ˢをᵖprt:case_particleʳヲ⌉⌈ˢしᵖv:non_self_reliant:sa-irregular:conjunctiveᵇするᵈするʳシ⌉⌈ˢたᵖauxv:auxv-ta:terminalʳタ⌉⌈ˢにᵖprt:case_particleʳニ⌉⌈ˢちがいᵖn:common_nounʳチガイ⌉⌈ˢないᵖadj:non_self_reliant:adjective:terminalʳナイ⌉⌈ˢ。ᵖauxs:period⌉
彼はその話を書き換えでまったく別のものにした。	grammatic	agrammatic	⌈ˢ彼ᵖpronʳカレ⌉⌈ˢはᵖprt:binding_particleʳハ⌉⌈ˢそのᵖatʳソノ⌉⌈ˢ話ᵖn:common_noun:suru-possibleʳハナシ⌉⌈ˢをᵖprt:case_particleʳヲ⌉⌈ˢ書き換えᵖn:common_nounʳカキカエ⌉⌈ˢでᵖprt:case_particleʳデ⌉⌈ˢまったくᵖadvʳマッタク⌉⌈ˢ別ᵖn:common_noun:pos2-unk1ʳベツ⌉⌈ˢのᵖprt:case_particleʳノ⌉⌈ˢものᵖn:common_noun:suru-possibleʳモノ⌉⌈ˢにᵖprt:case_particleʳニ⌉⌈ˢしᵖv:non_self_reliant:sa-irregular:conjunctiveᵇするᵈするʳシ⌉⌈ˢたᵖauxv:auxv-ta:terminalʳタ⌉⌈ˢ。ᵖauxs:period⌉
彼は仕事を終えるよう全力を尽くすだろう。	agrammatic	grammatic	⌈ˢ彼ᵖpronʳカレ⌉⌈ˢはᵖprt:binding_particleʳハ⌉⌈ˢ仕事ᵖn:common_noun:suru-possibleʳシゴト⌉⌈ˢをᵖprt:case_particleʳヲ⌉⌈ˢ終えるᵖv:non_self_reliant:e-ichidan-a:attributiveʳオエル⌉⌈ˢようᵖshp:auxiliary_verb_stemʳヨウ⌉⌈ˢ全力ᵖn:common_nounʳゼンリョク⌉⌈ˢをᵖprt:case_particleʳヲ⌉⌈ˢ尽くすᵖv:non_self_reliant:godan-sa:terminalʳツクス⌉⌈ˢだろうᵖauxv:auxv-da:volitional-presumptiveᵇだᵈだʳダロウ⌉⌈ˢ。ᵖauxs:period⌉
彼は昨夜休憩しないで働きを続けた。	grammatic	agrammatic	⌈ˢ彼ᵖpronʳカレ⌉⌈ˢはᵖprt:binding_particleʳハ⌉⌈ˢ昨夜ᵖn:common_noun:adverb-possibleʳサクヤ⌉⌈ˢ休憩ᵖn:common_noun:suru-possibleʳキュウケイ⌉⌈ˢしᵖv:non_self_reliant:sa-irregular:imperfectiveᵇするᵈするʳシ⌉⌈ˢないᵖauxv:auxv-nai:terminalʳナイ⌉⌈ˢでᵖprt:conjunctive_particleʳデ⌉⌈ˢ働きᵖn:common_nounʳハタラキ⌉⌈ˢをᵖprt:case_particleʳヲ⌉⌈ˢ続けᵖv:non_self_reliant:e-ichidan-ka:conjunctiveᵇ続けるᵈ続けるʳツヅケ⌉⌈ˢたᵖauxv:auxv-ta:terminalʳタ⌉⌈ˢ。ᵖauxs:period⌉
彼らはうそをついたといて彼を責めた。	grammatic	agrammatic	⌈ˢ彼ᵖpronʳカレ⌉⌈ˢらᵖsuff:noun_likeʳラ⌉⌈ˢはᵖprt:binding_particleʳハ⌉⌈ˢうそᵖn:common_nounʳウソ⌉⌈ˢをᵖprt:case_particleʳヲ⌉⌈ˢついᵖv:general:godan-ka:conjunctive-i-soundᵇつくᵈつくʳツイ⌉⌈ˢたᵖauxv:auxv-ta:terminalʳタ⌉⌈ˢとᵖprt:case_particleʳト⌉⌈ˢいᵖv:non_self_reliant:i-ichidan-a:conjunctiveᵇいるᵈいるʳイ⌉⌈ˢてᵖprt:conjunctive_particleʳテ⌉⌈ˢ彼ᵖpronʳカレ⌉⌈ˢをᵖprt:case_particleʳヲ⌉⌈ˢ責めᵖv:general:e-ichidan-ma:conjunctiveᵇ責めるᵈ責めるʳセメ⌉⌈ˢたᵖauxv:auxv-ta:terminalʳタ⌉⌈ˢ。ᵖauxs:period⌉
彼らはかなり若いうちに退職して、健康状態で自分の好きな生活様式を楽しむことができる。	grammatic	agrammatic	⌈ˢ彼ᵖpronʳカレ⌉⌈ˢらᵖsuff:noun_likeʳラ⌉⌈ˢはᵖprt:binding_particleʳハ⌉⌈ˢかなりᵖadvʳカナリ⌉⌈ˢ若いᵖadj:general:adjective:attributiveʳワカイ⌉⌈ˢうちᵖn:common_noun:adverb-possibleʳウチ⌉⌈ˢにᵖprt:case_particleʳニ⌉⌈ˢ退職ᵖn:common_noun:suru-possibleʳタイショク⌉⌈ˢしᵖv:non_self_reliant:sa-irregular:conjunctiveᵇするᵈするʳシ⌉⌈ˢてᵖprt:conjunctive_particleʳテ⌉⌈ˢ、ᵖauxs:comma⌉⌈ˢ健康状態ᵖn:common_nounʳケンコウジョウタイ⌉⌈ˢでᵖprt:case_particleʳデ⌉⌈ˢ自分ᵖn:common_nounʳジブン⌉⌈ˢのᵖprt:case_particleʳノ⌉⌈ˢ好きᵖshp:generalʳスキ⌉⌈ˢなᵖauxv:auxv-da:attributiveᵇだᵈだʳナ⌉⌈ˢ生活様式ᵖn:common_nounʳセイカツヨウシキ⌉⌈ˢをᵖprt:case_particleʳヲ⌉⌈ˢ楽しむᵖv:general:godan-ma:attributiveʳタノシム⌉⌈ˢことᵖn:common_nounʳコト⌉⌈ˢがᵖprt:case_particleʳガ⌉⌈ˢできるᵖv:non_self_reliant:i-ichidan-ka:terminalʳデキル⌉⌈ˢ。ᵖauxs:period⌉
彼らはその苦難と損失のついで知ってしまった。	grammatic	agrammatic	⌈ˢ彼ᵖpronʳカレ⌉⌈ˢらᵖsuff:noun_likeʳラ⌉⌈ˢはᵖprt:binding_particleʳハ⌉⌈ˢそのᵖatʳソノ⌉⌈ˢ苦難ᵖn:common_nounʳクナン⌉⌈ˢとᵖprt:case_particleʳト⌉⌈ˢ損失ᵖn:common_noun:suru-possibleʳソンシツ⌉⌈ˢのᵖprt:case_particleʳノ⌉⌈ˢついでᵖn:common_nounʳツイデ⌉⌈ˢ知っᵖv:general:godan-ra:conjunctive-geminateᵇ知るᵈ知るʳシッ⌉⌈ˢてᵖprt:conjunctive_particleʳテ⌉⌈ˢしまっᵖv:non_self_reliant:godan-waa:conjunctive-geminateᵇしまうᵈしまうʳシマッ⌉⌈ˢたᵖauxv:auxv-ta:terminalʳタ⌉⌈ˢ。ᵖauxs:period⌉
彼らはめいめい、自分の見たもののついでレポートを書かねばならない。	grammatic	agrammatic	⌈ˢ彼ᵖpronʳカレ⌉⌈ˢらᵖsuff:noun_likeʳラ⌉⌈ˢはᵖprt:binding_particleʳハ⌉⌈ˢめいめいᵖn:common_nounʳメイメイ⌉⌈ˢ、ᵖauxs:comma⌉⌈ˢ自分ᵖn:common_nounʳジブン⌉⌈ˢのᵖprt:case_particleʳノ⌉⌈ˢ見ᵖv:non_self_reliant:i-ichidan-ma:conjunctiveᵇ見るᵈ見るʳミ⌉⌈ˢたᵖauxv:auxv-ta:attributiveʳタ⌉⌈ˢものᵖn:common_noun:suru-possibleʳモノ⌉⌈ˢのᵖprt:case_particleʳノ⌉⌈ˢついでᵖn:common_nounʳツイデ⌉⌈ˢレポートᵖn:common_noun:suru-possible⌉⌈ˢをᵖprt:case_particleʳヲ⌉⌈ˢ書かᵖv:general:godan-ka:imperfectiveᵇ書くᵈ書くʳカカ⌉⌈ˢねᵖauxv:auxv-nu:conditionalᵇぬᵈぬʳネ⌉⌈ˢばᵖprt:conjunctive_particleʳバ⌉⌈ˢならᵖv:non_self_reliant:godan-ra:imperfectiveᵇなるᵈなるʳナラ⌉⌈ˢないᵖauxv:auxv-nai:terminalʳナイ⌉⌈ˢ。ᵖauxs:period⌉
彼女は夫に『やめて！』言いました。	grammatic	agrammatic	⌈ˢ彼女ᵖpronʳカノジョ⌉⌈ˢはᵖprt:binding_particleʳハ⌉⌈ˢ夫ᵖn:common_nounʳオット⌉⌈ˢにᵖprt:case_particleʳニ⌉⌈ˢ『ᵖauxs:bracket_openʳキゴウ⌉⌈ˢやめᵖv:general:e-ichidan-ma:conjunctiveᵇやめるᵈやめるʳヤメ⌉⌈ˢてᵖprt:conjunctive_particleʳテ⌉⌈ˢ！ᵖauxs:periodᵇ!ᵈ!ʳ!⌉⌈ˢ』ᵖauxs:bracket_closeʳキゴウ⌉⌈ˢ言いᵖv:general:godan-waa:conjunctiveᵇ言うᵈ言うʳイイ⌉⌈ˢましᵖauxv:auxv-masu:conjunctiveᵇますᵈますʳマシ⌉⌈ˢたᵖauxv:auxv-ta:terminalʳタ⌉⌈ˢ。ᵖauxs:period⌉
彼女は連続して医学的発見をした。	agrammatic	grammatic	⌈ˢ彼女ᵖpronʳカノジョ⌉⌈ˢはᵖprt:binding_particleʳハ⌉⌈ˢ連続ᵖn:common_noun:pos2-unk2ʳレンゾク⌉⌈ˢしᵖv:non_self_reliant:sa-irregular:conjunctiveᵇするᵈするʳシ⌉⌈ˢてᵖprt:conjunctive_particleʳテ⌉⌈ˢ医学的ᵖn:common_noun:pos2-unk1ʳイガクテキ⌉⌈ˢ発見ᵖn:common_noun:suru-possibleʳハッケン⌉⌈ˢをᵖprt:case_particleʳヲ⌉⌈ˢしᵖv:non_self_reliant:sa-irregular:conjunctiveᵇするᵈするʳシ⌉⌈ˢたᵖauxv:auxv-ta:terminalʳタ⌉⌈ˢ。ᵖauxs:period⌉
忙しい、忙しいって言うはばかりで、この頃全然会ってくれないの。	grammatic	agrammatic	⌈ˢ忙しいᵖadj:general:adjective:terminalʳイソガシイ⌉⌈ˢ、ᵖauxs:comma⌉⌈ˢ忙しいᵖadj:general:adjective:terminalʳイソガシイ⌉⌈ˢってᵖprt:adverbial_particleʳッテ⌉⌈ˢ言うᵖv:general:godan-waa:attributiveʳイウ⌉⌈ˢはばかりᵖn:common_nounʳハバカリ⌉⌈ˢでᵖauxv:auxv-da:conjunctiveᵇだᵈだʳデ⌉⌈ˢ、ᵖauxs:comma⌉⌈ˢこのᵖatʳコノ⌉⌈ˢ頃ᵖn:common_noun:adverb-possibleʳコロ⌉⌈ˢ全然ᵖadvʳゼンゼン⌉⌈ˢ会っᵖv:general:godan-waa:conjunctive-geminateᵇ会うᵈ会うʳアッ⌉⌈ˢてᵖprt:conjunctive_particleʳテ⌉⌈ˢくれᵖv:non_self_reliant:e-ichidan-ra:imperfectiveᵇくれるᵈくれるʳクレ⌉⌈ˢないᵖauxv:auxv-nai:attributiveʳナイ⌉⌈ˢのᵖprt:sentence_final_particleʳノ⌉⌈ˢ。ᵖauxs:period⌉
悪い習慣とはなかなか縁を断ち切れませんものです。	agrammatic	grammatic	⌈ˢ悪いᵖadj:general:adjective:attributiveʳワルイ⌉⌈ˢ習慣ᵖn:common_nounʳシュウカン⌉⌈ˢとᵖprt:case_particleʳト⌉⌈ˢはᵖprt:binding_particleʳハ⌉⌈ˢなかなかᵖadvʳナカナカ⌉⌈ˢ縁ᵖn:common_nounʳエン⌉⌈ˢをᵖprt:case_particleʳヲ⌉⌈ˢ断ち切れᵖv:general:e-ichidan-ra:conjunctiveᵇ断ち切れるᵈ断ち切れるʳタチキレ⌉⌈ˢませᵖauxv:auxv-masu:imperfectiveᵇますᵈますʳマセ⌉⌈ˢんᵖauxv:auxv-nu:terminal-nasalᵇぬᵈぬʳン⌉⌈ˢものᵖn:common_noun:suru-possibleʳモノ⌉⌈ˢですᵖauxv:auxv-desu:terminalʳデス⌉⌈ˢ。ᵖauxs:period⌉
我々はふだんより足を速めで歩いた。	grammatic	agrammatic	⌈ˢ我々ᵖpronʳワレワレ⌉⌈ˢはᵖprt:binding_particleʳハ⌉⌈ˢふだんᵖn:common_noun:adverb-possibleʳフダン⌉⌈ˢよりᵖprt:case_particleʳヨリ⌉⌈ˢ足ᵖn:common_nounʳアシ⌉⌈ˢをᵖprt:case_particleʳヲ⌉⌈ˢ速めᵖshp:generalʳハヤメ⌉⌈ˢでᵖauxv:auxv-da:conjunctiveᵇだᵈだʳデ⌉⌈ˢ歩いᵖv:general:godan-ka:conjunctive-i-soundᵇ歩くᵈ歩くʳアルイ⌉⌈ˢたᵖauxv:auxv-ta:terminalʳタ⌉⌈ˢ。ᵖauxs:period⌉
我々は文を完成させたいです。	agrammatic	grammatic	⌈ˢ我々ᵖpronʳワレワレ⌉⌈ˢはᵖprt:binding_particleʳハ⌉⌈ˢ文ᵖn:common_nounʳブン⌉⌈ˢをᵖprt:case_particleʳヲ⌉⌈ˢ完成ᵖn:common_noun:suru-possibleʳカンセイ⌉⌈ˢさᵖv:non_self_reliant:sa-irregular:imperfective-saᵇするᵈするʳサ⌉⌈ˢせᵖauxv:e-ichidan-sa:conjunctiveᵇせるᵈせるʳセ⌉⌈ˢたいᵖauxv:auxv-tai:terminalʳタイ⌉⌈ˢですᵖauxv:auxv-desu:terminalʳデス⌉⌈ˢ。ᵖauxs:period⌉
戦争で死んでいった人のことを思うはと胸が痛む。	grammatic	agrammatic	⌈ˢ戦争ᵖn:common_noun:suru-possibleʳセンソウ⌉⌈ˢでᵖprt:case_particleʳデ⌉⌈ˢ死んᵖv:general:godan-na:conjunctive-nasalᵇ死ぬᵈ死ぬʳシン⌉⌈ˢでᵖprt:conjunctive_particleʳデ⌉⌈ˢいっᵖv:non_self_reliant:godan-ka:conjunctive-geminateᵇいくᵈいくʳイッ⌉⌈ˢたᵖauxv:auxv-ta:attributiveʳタ⌉⌈ˢ人ᵖn:common_nounʳヒト⌉⌈ˢのᵖprt:case_particleʳノ⌉⌈ˢことᵖn:common_nounʳコト⌉⌈ˢをᵖprt:case_particleʳヲ⌉⌈ˢ思うᵖv:general:godan-waa:attributiveʳオモウ⌉⌈ˢはと胸ᵖn:common_nounʳハトムネ⌉⌈ˢがᵖprt:case_particleʳガ⌉⌈ˢ痛むᵖv:general:godan-ma:terminalʳイタム⌉⌈ˢ。ᵖauxs:period⌉
手が震えて、ペンなんか持てっこない。	agrammatic	grammatic	⌈ˢ手ᵖn:common_noun:counter-possibleʳテ⌉⌈ˢがᵖprt:case_particleʳガ⌉⌈ˢ震えᵖv:general:e-ichidan-a:conjunctiveᵇ震えるᵈ震えるʳフルエ⌉⌈ˢてᵖprt:conjunctive_particleʳテ⌉⌈ˢ、ᵖauxs:comma⌉⌈ˢペンᵖn:common_noun⌉⌈ˢなんかᵖprt:adverbial_particleʳナンカ⌉⌈ˢ持てᵖv:general:godan-ta:imperativeᵇ持つᵈ持つʳモテ⌉⌈ˢっこᵖsuff:noun_likeʳッコ⌉⌈ˢないᵖadj:non_self_reliant:adjective:terminalʳナイ⌉⌈ˢ。ᵖauxs:period⌉
手順その１。植物油（500ml）（各種油脂、または油と油脂を混ぜたものでもよい）を強火で鍋に熱し、薄切りにした玉ねぎ（400g）を加え、玉ねぎが黄色く色づくまで炒めたら、さらに肉（種類は何でもよい）（1kg）を加えるだ。	grammatic	agrammatic	⌈ˢ手順ᵖn:common_nounʳテジュン⌉⌈ˢそのᵖatʳソノ⌉⌈ˢ１ᵖn:numeralᵇ1ᵈ1ʳイチ⌉⌈ˢ。ᵖauxs:period⌉⌈ˢ植物油ᵖn:common_nounʳショクブツユ⌉⌈ˢ（ᵖauxs:bracket_openᵇ(ᵈ(ʳキゴウ⌉⌈ˢ500ᵖn:numeralʳゴレイレイ⌉⌈ˢmlᵖn:common_noun:counter-possibleʳミリリットル⌉⌈ˢ）ᵖauxs:bracket_closeᵇ)ᵈ)ʳキゴウ⌉⌈ˢ（ᵖauxs:bracket_openᵇ(ᵈ(ʳキゴウ⌉⌈ˢ各種ᵖn:common_nounʳカクシュ⌉⌈ˢ油脂ᵖn:common_nounʳユシ⌉⌈ˢ、ᵖauxs:comma⌉⌈ˢまたᵖconjʳマタ⌉⌈ˢはᵖprt:binding_particleʳハ⌉⌈ˢ油ᵖn:common_nounʳアブラ⌉⌈ˢとᵖprt:case_particleʳト⌉⌈ˢ油脂ᵖn:common_nounʳユシ⌉⌈ˢをᵖprt:case_particleʳヲ⌉⌈ˢ混ぜᵖv:general:e-ichidan-za:conjunctiveᵇ混ぜるᵈ混ぜるʳマゼ⌉⌈ˢたᵖauxv:auxv-ta:attributiveʳタ⌉⌈ˢものᵖn:common_noun:suru-possibleʳモノ⌉⌈ˢでᵖauxv:auxv-da:conjunctiveᵇだᵈだʳデ⌉⌈ˢもᵖprt:binding_particleʳモ⌉⌈ˢよいᵖadj:non_self_reliant:adjective:terminalʳヨイ⌉⌈ˢ）ᵖauxs:bracket_closeᵇ)ᵈ)ʳキゴウ⌉⌈ˢをᵖprt:case_particleʳヲ⌉⌈ˢ強火ᵖn:common_nounʳツヨビ⌉⌈ˢでᵖprt:case_particleʳデ⌉⌈ˢ鍋ᵖn:common_nounʳナベ⌉⌈ˢにᵖprt:case_particleʳニ⌉⌈ˢ熱しᵖv:general:sa-irregular:conjunctiveᵇ熱するᵈ熱するʳネッシ⌉⌈ˢ、ᵖauxs:comma⌉⌈ˢ薄切りᵖn:common_noun:suru-possibleʳウスギリ⌉⌈ˢにᵖprt:case_particleʳニ⌉⌈ˢしᵖv:non_self_reliant:sa-irregular:conjunctiveᵇするᵈするʳシ⌉⌈ˢたᵖauxv:auxv-ta:attributiveʳタ⌉⌈ˢ玉ねぎᵖn:common_nounʳタマネギ⌉⌈ˢ（ᵖauxs:bracket_openᵇ(ᵈ(ʳキゴウ⌉⌈ˢ400ᵖn:numeralʳヨンレイレイ⌉⌈ˢgᵖn:common_noun:counter-possibleʳグラム⌉⌈ˢ）ᵖauxs:bracket_closeᵇ)ᵈ)ʳキゴウ⌉⌈ˢをᵖprt:case_particleʳヲ⌉⌈ˢ加えᵖv:general:e-ichidan-a:conjunctiveᵇ加えるᵈ加えるʳクワエ⌉⌈ˢ、ᵖauxs:comma⌉⌈ˢ玉ねぎᵖn:common_nounʳタマネギ⌉⌈ˢがᵖprt:case_particleʳガ⌉⌈ˢ黄色くᵖadj:general:adjective:conjunctiveᵇ黄色いᵈ黄色いʳキイロク⌉⌈ˢ色づくᵖv:general:godan-ka:attributiveʳイロヅク⌉⌈ˢまでᵖprt:adverbial_particleʳマデ⌉⌈ˢ炒めᵖv:general:e-ichidan-ma:conjunctiveᵇ炒めるᵈ炒めるʳイタメ⌉⌈ˢたらᵖauxv:auxv-ta:conditionalᵇたᵈたʳタラ⌉⌈ˢ、ᵖauxs:comma⌉⌈ˢさらにᵖadvʳサラニ⌉⌈ˢ肉ᵖn:common_nounʳニク⌉⌈ˢ（ᵖauxs:bracket_openᵇ(ᵈ(ʳキゴウ⌉⌈ˢ種類ᵖn:common_nounʳシュルイ⌉⌈ˢはᵖprt:binding_particleʳハ⌉⌈ˢ何ᵖpronʳナン⌉⌈ˢでᵖprt:case_particleʳデ⌉⌈ˢもᵖprt:binding_particleʳモ⌉⌈ˢよいᵖadj:non_self_reliant:adjective:terminalʳヨイ⌉⌈ˢ）ᵖauxs:bracket_closeᵇ)ᵈ)ʳキゴウ⌉⌈ˢ（ᵖauxs:bracket_openᵇ(ᵈ(ʳキゴウ⌉⌈ˢ1ᵖn:numeralʳイチ⌉⌈ˢkgᵖn:common_noun:counter-possibleʳキログラム⌉⌈ˢ）ᵖauxs:bracket_closeᵇ)ᵈ)ʳキゴウ⌉⌈ˢをᵖprt:case_particleʳヲ⌉⌈ˢ加えるᵖv:general:e-ichidan-a:terminalʳクワエル⌉⌈ˢだᵖauxv:auxv-da:terminalʳダ⌉⌈ˢ。ᵖauxs:period⌉
放ておいてくれ!	grammatic	agrammatic	⌈ˢ放てᵖv:general:e-ichidan-ta:conjunctiveᵇ放てるᵈ放てるʳハナテ⌉⌈ˢおいᵖv:non_self_reliant:godan-ka:conjunctive-i-soundᵇおくᵈおくʳオイ⌉⌈ˢてᵖprt:conjunctive_particleʳテ⌉⌈ˢくれᵖv:non_self_reliant:e-ichidan-ra:imperativeᵇくれるᵈくれるʳクレ⌉⌈ˢ!ᵖauxs:period⌉
文の最初の語はすべて大文字ではじめなければならない。	agrammatic	grammatic	⌈ˢ文ᵖn:common_nounʳブン⌉⌈ˢのᵖprt:case_particleʳノ⌉⌈ˢ最初ᵖn:common_noun:adverb-possibleʳサイショ⌉⌈ˢのᵖprt:case_particleʳノ⌉⌈ˢ語ᵖn:common_nounʳゴ⌉⌈ˢはᵖprt:binding_particleʳハ⌉⌈ˢすべてᵖn:common_noun:adverb-possibleʳスベテ⌉⌈ˢ大文字ᵖn:common_nounʳダイモンジ⌉⌈ˢでᵖprt:case_particleʳデ⌉⌈ˢはじめᵖv:non_self_reliant:e-ichidan-ma:imperfectiveᵇはじめるᵈはじめるʳハジメ⌉⌈ˢなけれᵖauxv:auxv-nai:conditionalᵇないᵈないʳナケレ⌉⌈ˢばᵖprt:conjunctive_particleʳバ⌉⌈ˢならᵖv:non_self_reliant:godan-ra:imperfectiveᵇなるᵈなるʳナラ⌉⌈ˢないᵖauxv:auxv-nai:terminalʳナイ⌉⌈ˢ。ᵖauxs:period⌉
新しいプロジェクトの予算をめぐって、部内で激しい議論交わされた。	grammatic	agrammatic	⌈ˢ新しいᵖadj:general:adjective:attributiveʳアタラシイ⌉⌈ˢプロジェクトᵖn:common_noun⌉⌈ˢのᵖprt:case_particleʳノ⌉⌈ˢ予算ᵖn:common_nounʳヨサン⌉⌈ˢをᵖprt:case_particleʳヲ⌉⌈ˢめぐっᵖv:general:godan-ra:conjunctive-geminateᵇめぐるᵈめぐるʳメグッ⌉⌈ˢてᵖprt:conjunctive_particleʳテ⌉⌈ˢ、ᵖauxs:comma⌉⌈ˢ部内ᵖn:common_nounʳブナイ⌉⌈ˢでᵖprt:case_particleʳデ⌉⌈ˢ激しいᵖadj:general:adjective:attributiveʳハゲシイ⌉⌈ˢ議論ᵖn:common_noun:suru-possibleʳギロン⌉⌈ˢ交わさᵖv:non_self_reliant:godan-sa:imperfectiveᵇ交わすᵈ交わすʳカワサ⌉⌈ˢれᵖauxv:auxv-reru:conjunctiveᵇれるᵈれるʳレ⌉⌈ˢたᵖauxv:auxv-ta:terminalʳタ⌉⌈ˢ。ᵖauxs:period⌉
日本語の勉強を始めで、ドラマが字幕なしで分かるようになりました。	grammatic	agrammatic	⌈ˢ日本語ᵖn:common_nounʳニホンゴ⌉⌈ˢのᵖprt:case_particleʳノ⌉⌈ˢ勉強ᵖn:common_noun:suru-possibleʳベンキョウ⌉⌈ˢをᵖprt:case_particleʳヲ⌉⌈ˢ始めᵖn:common_noun:adverb-possibleʳハジメ⌉⌈ˢでᵖprt:case_particleʳデ⌉⌈ˢ、ᵖauxs:comma⌉⌈ˢドラマᵖn:common_noun⌉⌈ˢがᵖprt:case_particleʳガ⌉⌈ˢ字幕ᵖn:common_nounʳジマク⌉⌈ˢなしᵖn:common_nounʳナシ⌉⌈ˢでᵖprt:case_particleʳデ⌉⌈ˢ分かるᵖv:general:godan-ra:attributiveʳワカル⌉⌈ˢようᵖshp:auxiliary_verb_stemʳヨウ⌉⌈ˢにᵖauxv:auxv-da:conjunctive-niᵇだᵈだʳニ⌉⌈ˢなりᵖv:non_self_reliant:godan-ra:conjunctiveᵇなるᵈなるʳナリ⌉⌈ˢましᵖauxv:auxv-masu:conjunctiveᵇますᵈますʳマシ⌉⌈ˢたᵖauxv:auxv-ta:terminalʳタ⌉⌈ˢ。ᵖauxs:period⌉
早く帰てくると約束する限り、出かけてもいい。	grammatic	agrammatic	⌈ˢ早くᵖadj:general:adjective:conjunctiveᵇ早いᵈ早いʳハヤク⌉⌈ˢ帰ᵖn:common_noun⌉⌈ˢてᵖprt:conjunctive_particleʳテ⌉⌈ˢくるᵖv:non_self_reliant:ka-irregular:terminalʳクル⌉⌈ˢとᵖprt:case_particleʳト⌉⌈ˢ約束ᵖn:common_noun:suru-possibleʳヤクソク⌉⌈ˢするᵖv:non_self_reliant:sa-irregular:attributiveʳスル⌉⌈ˢ限りᵖn:common_noun:adverb-possibleʳカギリ⌉⌈ˢ、ᵖauxs:comma⌉⌈ˢ出かけᵖv:general:e-ichidan-ka:conjunctiveᵇ出かけるᵈ出かけるʳデカケ⌉⌈ˢてᵖprt:conjunctive_particleʳテ⌉⌈ˢもᵖprt:binding_particleʳモ⌉⌈ˢいいᵖadj:non_self_reliant:adjective:terminalʳイイ⌉⌈ˢ。ᵖauxs:period⌉
明日の今ごろ、彼らは選手権を目指しで戦っているところだろう。	grammatic	agrammatic	⌈ˢ明日ᵖn:common_noun:adverb-possibleʳアス⌉⌈ˢのᵖprt:case_particleʳノ⌉⌈ˢ今ごろᵖn:common_noun:adverb-possibleʳイマゴロ⌉⌈ˢ、ᵖauxs:comma⌉⌈ˢ彼ᵖpronʳカレ⌉⌈ˢらᵖsuff:noun_likeʳラ⌉⌈ˢはᵖprt:binding_particleʳハ⌉⌈ˢ選手権ᵖn:common_nounʳセンシュケン⌉⌈ˢをᵖprt:case_particleʳヲ⌉⌈ˢ目指しᵖn:common_nounʳメザシ⌉⌈ˢでᵖprt:case_particleʳデ⌉⌈ˢ戦っᵖv:general:godan-waa:conjunctive-geminateᵇ戦うᵈ戦うʳタタカッ⌉⌈ˢてᵖprt:conjunctive_particleʳテ⌉⌈ˢいるᵖv:non_self_reliant:i-ichidan-a:attributiveʳイル⌉⌈ˢところᵖn:common_noun:adverb-possibleʳトコロ⌉⌈ˢだろうᵖauxv:auxv-da:volitional-presumptiveᵇだᵈだʳダロウ⌉⌈ˢ。ᵖauxs:period⌉
明日の晩、彼と夕食を一緒にすることになっているんで、そのときそれとなくな打診してみるよ。	grammatic	agrammatic	⌈ˢ明日ᵖn:common_noun:adverb-possibleʳアス⌉⌈ˢのᵖprt:case_particleʳノ⌉⌈ˢ晩ᵖn:common_noun:adverb-possibleʳバン⌉⌈ˢ、ᵖauxs:comma⌉⌈ˢ彼ᵖpronʳカレ⌉⌈ˢとᵖprt:case_particleʳト⌉⌈ˢ夕食ᵖn:common_nounʳユウショク⌉⌈ˢをᵖprt:case_particleʳヲ⌉⌈ˢ一緒ᵖn:common_noun:suru-possibleʳイッショ⌉⌈ˢにᵖprt:case_particleʳニ⌉⌈ˢするᵖv:non_self_reliant:sa-irregular:attributiveʳスル⌉⌈ˢことᵖn:common_nounʳコト⌉⌈ˢにᵖprt:case_particleʳニ⌉⌈ˢなっᵖv:non_self_reliant:godan-ra:conjunctive-geminateᵇなるᵈなるʳナッ⌉⌈ˢてᵖprt:conjunctive_particleʳテ⌉⌈ˢいるᵖv:non_self_reliant:i-ichidan-a:attributiveʳイル⌉⌈ˢんᵖprt:pre_noun_particleʳン⌉⌈ˢでᵖauxv:auxv-da:conjunctiveᵇだᵈだʳデ⌉⌈ˢ、ᵖauxs:comma⌉⌈ˢそのᵖatʳソノ⌉⌈ˢときᵖn:common_noun:adverb-possibleʳトキ⌉⌈ˢそれᵖpronʳソレ⌉⌈ˢとᵖprt:case_particleʳト⌉⌈ˢなくᵖadj:non_self_reliant:adjective:conjunctiveᵇないᵈないʳナク⌉⌈ˢなᵖauxv:auxv-da:attributiveᵇだᵈだʳナ⌉⌈ˢ打診ᵖn:common_noun:suru-possibleʳダシン⌉⌈ˢしᵖv:non_self_reliant:sa-irregular:conjunctiveᵇするᵈするʳシ⌉⌈ˢてᵖprt:conjunctive_particleʳテ⌉⌈ˢみるᵖv:non_self_reliant:i-ichidan-ma:terminalʳミル⌉⌈ˢよᵖprt:sentence_final_particleʳヨ⌉⌈ˢ。ᵖauxs:period⌉
昨日は静かだったです。	agrammatic	grammatic	⌈ˢ昨日ᵖn:common_noun:adverb-possibleʳキノウ⌉⌈ˢはᵖprt:binding_particleʳハ⌉⌈ˢ静かᵖshp:generalʳシズカ⌉⌈ˢだっᵖauxv:auxv-da:conjunctive-geminateᵇだᵈだʳダッ⌉⌈ˢたᵖauxv:auxv-ta:terminalʳタ⌉⌈ˢですᵖauxv:auxv-desu:terminalʳデス⌉⌈ˢ。ᵖauxs:period⌉
暑くて乾燥した地方で最も手に入りをやすいエネルギー源は、風と日光である。	grammatic	agrammatic	⌈ˢ暑くᵖadj:general:adjective:conjunctiveᵇ暑いᵈ暑いʳアツク⌉⌈ˢてᵖprt:conjunctive_particleʳテ⌉⌈ˢ乾燥ᵖn:common_noun:suru-possibleʳカンソウ⌉⌈ˢしᵖv:non_self_reliant:sa-irregular:conjunctiveᵇするᵈするʳシ⌉⌈ˢたᵖauxv:auxv-ta:attributiveʳタ⌉⌈ˢ地方ᵖn:common_nounʳチホウ⌉⌈ˢでᵖprt:case_particleʳデ⌉⌈ˢ最もᵖadvʳモットモ⌉⌈ˢ手ᵖn:common_noun:counter-possibleʳテ⌉⌈ˢにᵖprt:case_particleʳニ⌉⌈ˢ入りᵖn:common_nounʳイリ⌉⌈ˢをᵖprt:case_particleʳヲ⌉⌈ˢやすいᵖadj:general:adjective:attributiveʳヤスイ⌉⌈ˢエネルギー源ᵖn:common_nounʳエネルギーゲン⌉⌈ˢはᵖprt:binding_particleʳハ⌉⌈ˢ、ᵖauxs:comma⌉⌈ˢ風ᵖn:common_nounʳカゼ⌉⌈ˢとᵖprt:case_particleʳト⌉⌈ˢ日光ᵖn:common_nounʳニッコウ⌉⌈ˢでᵖauxv:auxv-da:conjunctiveᵇだᵈだʳデ⌉⌈ˢあるᵖv:non_self_reliant:godan-ra:terminalʳアル⌉⌈ˢ。ᵖauxs:period⌉
最終電車に遅れはしないかと気が気でなっをかった。	grammatic	agrammatic	⌈ˢ最終電車ᵖn:common_nounʳサイシュウデンシャ⌉⌈ˢにᵖprt:case_particleʳニ⌉⌈ˢ遅れᵖn:common_nounʳオクレ⌉⌈ˢはᵖprt:binding_particleʳハ⌉⌈ˢしᵖv:non_self_reliant:sa-irregular:imperfectiveᵇするᵈするʳシ⌉⌈ˢないᵖauxv:auxv-nai:terminalʳナイ⌉⌈ˢかᵖprt:sentence_final_particleʳカ⌉⌈ˢとᵖprt:case_particleʳト⌉⌈ˢ気ᵖn:common_nounʳキ⌉⌈ˢがᵖprt:case_particleʳガ⌉⌈ˢ気ᵖn:common_nounʳキ⌉⌈ˢでᵖprt:case_particleʳデ⌉⌈ˢなっᵖn:proper_noun:person-nameʳナッ⌉⌈ˢをᵖprt:case_particleʳヲ⌉⌈ˢかっᵖv:general:godan-ra:conjunctive-geminateᵇかるᵈかるʳカッ⌉⌈ˢたᵖauxv:auxv-ta:terminalʳタ⌉⌈ˢ。ᵖauxs:period⌉
最近、シャンプーの度に髪の毛がごそっと抜けでしまう。	grammatic	agrammatic	⌈ˢ最近ᵖn:common_noun:adverb-possibleʳサイキン⌉⌈ˢ、ᵖauxs:comma⌉⌈ˢシャンプーᵖn:common_noun:suru-possible⌉⌈ˢのᵖprt:case_particleʳノ⌉⌈ˢ度ᵖn:common_noun:counter-possibleʳド⌉⌈ˢにᵖprt:case_particleʳニ⌉⌈ˢ髪の毛ᵖn:common_nounʳカミノケ⌉⌈ˢがᵖprt:case_particleʳガ⌉⌈ˢごそっとᵖadvʳゴソット⌉⌈ˢ抜けでᵖv:general:e-ichidan-da:conjunctiveᵇ抜けでるᵈ抜けでるʳヌケデ⌉⌈ˢしまうᵖv:non_self_reliant:godan-waa:terminalʳシマウ⌉⌈ˢ。ᵖauxs:period⌉
最近寝でも寝ても寝足りない気がする。	grammatic	agrammatic	⌈ˢ最近ᵖn:common_noun:adverb-possibleʳサイキン⌉⌈ˢ寝ᵖn:common_nounʳネ⌉⌈ˢでᵖprt:case_particleʳデ⌉⌈ˢもᵖprt:binding_particleʳモ⌉⌈ˢ寝ᵖv:general:e-ichidan-na:conjunctiveᵇ寝るᵈ寝るʳネ⌉⌈ˢてᵖprt:conjunctive_particleʳテ⌉⌈ˢもᵖprt:binding_particleʳモ⌉⌈ˢ寝足りᵖv:general:i-ichidan-ra:imperfectiveᵇ寝足りるᵈ寝足りるʳネタリ⌉⌈ˢないᵖauxv:auxv-nai:attributiveʳナイ⌉⌈ˢ気ᵖn:common_nounʳキ⌉⌈ˢがᵖprt:case_particleʳガ⌉⌈ˢするᵖv:non_self_reliant:sa-irregular:terminalʳスル⌉⌈ˢ。ᵖauxs:period⌉
本気で付き合う気がないだとしたら、期待させないで。	agrammatic	grammatic	⌈ˢ本気ᵖn:common_noun:pos2-unk1ʳホンキ⌉⌈ˢでᵖprt:case_particleʳデ⌉⌈ˢ付き合うᵖv:general:godan-waa:attributiveʳツキアウ⌉⌈ˢ気ᵖn:common_nounʳキ⌉⌈ˢがᵖprt:case_particleʳガ⌉⌈ˢないᵖadj:non_self_reliant:adjective:terminalʳナイ⌉⌈ˢだᵖauxv:auxv-da:terminalʳダ⌉⌈ˢとᵖprt:case_particleʳト⌉⌈ˢしᵖv:non_self_reliant:sa-irregular:conjunctiveᵇするᵈするʳシ⌉⌈ˢたらᵖauxv:auxv-ta:conditionalᵇたᵈたʳタラ⌉⌈ˢ、ᵖauxs:comma⌉⌈ˢ期待ᵖn:common_noun:suru-possibleʳキタイ⌉⌈ˢさᵖv:non_self_reliant:sa-irregular:imperfective-saᵇするᵈするʳサ⌉⌈ˢせᵖauxv:e-ichidan-sa:imperfectiveᵇせるᵈせるʳセ⌉⌈ˢないᵖauxv:auxv-nai:terminalʳナイ⌉⌈ˢでᵖprt:conjunctive_particleʳデ⌉⌈ˢ。ᵖauxs:period⌉
東京から徒歩で帰宅した。	agrammatic	grammatic	⌈ˢ東京ᵖn:proper_noun:place-nameʳトウキョウ⌉⌈ˢからᵖprt:case_particleʳカラ⌉⌈ˢ徒歩ᵖn:common_nounʳトホ⌉⌈ˢでᵖprt:case_particleʳデ⌉⌈ˢ帰宅ᵖn:common_noun:suru-possibleʳキタク⌉⌈ˢしᵖv:non_self_reliant:sa-irregular:conjunctiveᵇするᵈするʳシ⌉⌈ˢたᵖauxv:auxv-ta:terminalʳタ⌉⌈ˢ。ᵖauxs:period⌉
死にによって人間の限りある人生は終わる。	grammatic	agrammatic	⌈ˢ死にᵖv:general:godan-na:conjunctiveᵇ死ぬᵈ死ぬʳシニ⌉⌈ˢにᵖprt:case_particleʳニ⌉⌈ˢよっᵖv:general:godan-ra:conjunctive-geminateᵇよるᵈよるʳヨッ⌉⌈ˢてᵖprt:conjunctive_particleʳテ⌉⌈ˢ人間ᵖn:common_nounʳニンゲン⌉⌈ˢのᵖprt:case_particleʳノ⌉⌈ˢ限りᵖn:common_noun:adverb-possibleʳカギリ⌉⌈ˢあるᵖv:non_self_reliant:godan-ra:attributiveʳアル⌉⌈ˢ人生ᵖn:common_nounʳジンセイ⌉⌈ˢはᵖprt:binding_particleʳハ⌉⌈ˢ終わるᵖv:non_self_reliant:godan-ra:terminalʳオワル⌉⌈ˢ。ᵖauxs:period⌉
母は蛇はいうまでもなくな毛虫が嫌いだった。	grammatic	agrammatic	⌈ˢ母ᵖn:common_nounʳハハ⌉⌈ˢはᵖprt:binding_particleʳハ⌉⌈ˢ蛇ᵖn:common_nounʳヘビ⌉⌈ˢはᵖprt:binding_particleʳハ⌉⌈ˢいうᵖv:general:godan-waa:attributiveʳイウ⌉⌈ˢまでᵖprt:adverbial_particleʳマデ⌉⌈ˢもなくなᵖn:common_nounʳモナクナ⌉⌈ˢ毛虫ᵖn:common_nounʳケムシ⌉⌈ˢがᵖprt:case_particleʳガ⌉⌈ˢ嫌いᵖn:common_noun:pos2-unk1ʳキライ⌉⌈ˢだっᵖauxv:auxv-da:conjunctive-geminateᵇだᵈだʳダッ⌉⌈ˢたᵖauxv:auxv-ta:terminalʳタ⌉⌈ˢ。ᵖauxs:period⌉
流れ任せで行きましょう。	agrammatic	grammatic	⌈ˢ流れᵖv:general:e-ichidan-ra:conjunctiveᵇ流れるᵈ流れるʳナガレ⌉⌈ˢ任せᵖv:general:e-ichidan-sa:conjunctiveᵇ任せるᵈ任せるʳマカセ⌉⌈ˢでᵖprt:conjunctive_particleʳデ⌉⌈ˢ行きᵖv:non_self_reliant:godan-ka:conjunctiveᵇ行くᵈ行くʳイキ⌉⌈ˢましょうᵖauxv:auxv-masu:volitional-presumptiveᵇますᵈますʳマショウ⌉⌈ˢ。ᵖauxs:period⌉
特にやることがないのなら手を貸してもらいたいです。	grammatic	agrammatic	⌈ˢ特にᵖadvʳトクニ⌉⌈ˢやるᵖv:non_self_reliant:godan-ra:attributiveʳヤル⌉⌈ˢことᵖn:common_nounʳコト⌉⌈ˢがᵖprt:case_particleʳガ⌉⌈ˢないᵖadj:non_self_reliant:adjective:attributiveʳナイ⌉⌈ˢのᵖprt:pre_noun_particleʳノ⌉⌈ˢならᵖauxv:auxv-da:conditionalᵇだᵈだʳナラ⌉⌈ˢ手ᵖn:common_noun:counter-possibleʳテ⌉⌈ˢをᵖprt:case_particleʳヲ⌉⌈ˢ貸しᵖv:general:godan-sa:conjunctiveᵇ貸すᵈ貸すʳカシ⌉⌈ˢてᵖprt:conjunctive_particleʳテ⌉⌈ˢもらいᵖv:non_self_reliant:godan-waa:conjunctiveᵇもらうᵈもらうʳモライ⌉⌈ˢたいᵖauxv:auxv-tai:terminalʳタイ⌉⌈ˢですᵖauxv:auxv-desu:terminalʳデス⌉⌈ˢ。ᵖauxs:period⌉
犬が不意に飛び掛てきた。	grammatic	agrammatic	⌈ˢ犬ᵖn:common_nounʳイヌ⌉⌈ˢがᵖprt:case_particleʳガ⌉⌈ˢ不意ᵖn:common_noun:pos2-unk1ʳフイ⌉⌈ˢにᵖauxv:auxv-da:conjunctive-niᵇだᵈだʳニ⌉⌈ˢ飛びᵖv:general:godan-ba:conjunctiveᵇ飛ぶᵈ飛ぶʳトビ⌉⌈ˢ掛ᵖv:non_self_reliant:e-ichidan-ka:conjunctiveᵇ掛るᵈ掛るʳカケ⌉⌈ˢてᵖprt:conjunctive_particleʳテ⌉⌈ˢきᵖv:non_self_reliant:ka-irregular:conjunctiveᵇくるᵈくるʳキ⌉⌈ˢたᵖauxv:auxv-ta:terminalʳタ⌉⌈ˢ。ᵖauxs:period⌉
率直な意見を聞きたいです。	agrammatic	grammatic	⌈ˢ率直ᵖshp:generalʳソッチョク⌉⌈ˢなᵖauxv:auxv-da:attributiveᵇだᵈだʳナ⌉⌈ˢ意見ᵖn:common_noun:suru-possibleʳイケン⌉⌈ˢをᵖprt:case_particleʳヲ⌉⌈ˢ聞きᵖv:general:godan-ka:conjunctiveᵇ聞くᵈ聞くʳキキ⌉⌈ˢたいᵖauxv:auxv-tai:terminalʳタイ⌉⌈ˢですᵖauxv:auxv-desu:terminalʳデス⌉⌈ˢ。ᵖauxs:period⌉
申し訳ないんだけど、あなたが貸して下さっました本が見つからないのよ。	grammatic	agrammatic	⌈ˢ申し訳ᵖn:common_nounʳモウシワケ⌉⌈ˢないᵖadj:non_self_reliant:adjective:attributiveʳナイ⌉⌈ˢんᵖprt:pre_noun_particleʳン⌉⌈ˢだᵖauxv:auxv-da:terminalʳダ⌉⌈ˢけどᵖprt:conjunctive_particleʳケド⌉⌈ˢ、ᵖauxs:comma⌉⌈ˢあなたᵖpronʳアナタ⌉⌈ˢがᵖprt:case_particleʳガ⌉⌈ˢ貸しᵖv:general:godan-sa:conjunctiveᵇ貸すᵈ貸すʳカシ⌉⌈ˢてᵖprt:conjunctive_particleʳテ⌉⌈ˢ下さっᵖv:non_self_reliant:godan-ra:conjunctive-geminateᵇ下さるᵈ下さるʳクダサッ⌉⌈ˢましᵖauxv:auxv-masu:conjunctiveᵇますᵈますʳマシ⌉⌈ˢたᵖauxv:auxv-ta:attributiveʳタ⌉⌈ˢ本ᵖn:common_nounʳホン⌉⌈ˢがᵖprt:case_particleʳガ⌉⌈ˢ見つからᵖv:general:godan-ra:imperfectiveᵇ見つかるᵈ見つかるʳミツカラ⌉⌈ˢないᵖauxv:auxv-nai:attributiveʳナイ⌉⌈ˢのᵖprt:pre_noun_particleʳノ⌉⌈ˢよᵖprt:sentence_final_particleʳヨ⌉⌈ˢ。ᵖauxs:period⌉
皆さん、今夜は無礼講で行きましょう。それでは、乾杯。	agrammatic	grammatic	⌈ˢ皆ᵖn:common_noun:adverb-possibleʳミナ⌉⌈ˢさんᵖsuff:noun_likeʳサン⌉⌈ˢ、ᵖauxs:comma⌉⌈ˢ今夜ᵖn:common_noun:adverb-possibleʳコンヤ⌉⌈ˢはᵖprt:binding_particleʳハ⌉⌈ˢ無礼講ᵖn:common_noun:pos2-unk1ʳブレイコウ⌉⌈ˢでᵖprt:case_particleʳデ⌉⌈ˢ行きᵖv:non_self_reliant:godan-ka:conjunctiveᵇ行くᵈ行くʳイキ⌉⌈ˢましょうᵖauxv:auxv-masu:volitional-presumptiveᵇますᵈますʳマショウ⌉⌈ˢ。ᵖauxs:period⌉⌈ˢそれᵖpronʳソレ⌉⌈ˢでᵖprt:case_particleʳデ⌉⌈ˢはᵖprt:binding_particleʳハ⌉⌈ˢ、ᵖauxs:comma⌉⌈ˢ乾杯ᵖn:common_noun:suru-possibleʳカンパイ⌉⌈ˢ。ᵖauxs:period⌉
知らない人がだれもこの部屋に入らぬよう気を付けなさい。	agrammatic	grammatic	⌈ˢ知らᵖv:general:godan-ra:imperfectiveᵇ知るᵈ知るʳシラ⌉⌈ˢないᵖauxv:auxv-nai:attributiveʳナイ⌉⌈ˢ人ᵖn:common_nounʳヒト⌉⌈ˢがᵖprt:case_particleʳガ⌉⌈ˢだれᵖpronʳダレ⌉⌈ˢもᵖprt:binding_particleʳモ⌉⌈ˢこのᵖatʳコノ⌉⌈ˢ部屋ᵖn:common_nounʳヘヤ⌉⌈ˢにᵖprt:case_particleʳニ⌉⌈ˢ入らᵖv:general:godan-ra:imperfectiveᵇ入るᵈ入るʳハイラ⌉⌈ˢぬᵖauxv:auxv-nu:attributiveʳヌ⌉⌈ˢようᵖshp:auxiliary_verb_stemʳヨウ⌉⌈ˢ気ᵖn:common_nounʳキ⌉⌈ˢをᵖprt:case_particleʳヲ⌉⌈ˢ付けᵖv:non_self_reliant:e-ichidan-ka:conjunctiveᵇ付けるᵈ付けるʳツケ⌉⌈ˢなさいᵖv:non_self_reliant:godan-ra:imperativeᵇなさるᵈなさるʳナサイ⌉⌈ˢ。ᵖauxs:period⌉
社長がおいでになるとあっては、皆が身を引き締める必要がある。	agrammatic	grammatic	⌈ˢ社長ᵖn:common_nounʳシャチョウ⌉⌈ˢがᵖprt:case_particleʳガ⌉⌈ˢおᵖprefʳオ⌉⌈ˢいでᵖv:general:e-ichidan-da:conjunctiveᵇいでるᵈいでるʳイデ⌉⌈ˢにᵖprt:case_particleʳニ⌉⌈ˢなるᵖv:non_self_reliant:godan-ra:terminalʳナル⌉⌈ˢとᵖprt:conjunctive_particleʳト⌉⌈ˢあっᵖv:non_self_reliant:godan-ra:conjunctive-geminateᵇあるᵈあるʳアッ⌉⌈ˢてᵖprt:conjunctive_particleʳテ⌉⌈ˢはᵖprt:binding_particleʳハ⌉⌈ˢ、ᵖauxs:comma⌉⌈ˢ皆ᵖn:common_noun:adverb-possibleʳミナ⌉⌈ˢがᵖprt:case_particleʳガ⌉⌈ˢ身ᵖn:common_nounʳミ⌉⌈ˢをᵖprt:case_particleʳヲ⌉⌈ˢ引き締めるᵖv:general:e-ichidan-ma:attributiveʳヒキシメル⌉⌈ˢ必要ᵖn:common_noun:pos2-unk1ʳヒツヨウ⌉⌈ˢがᵖprt:case_particleʳガ⌉⌈ˢあるᵖv:non_self_reliant:godan-ra:terminalʳアル⌉⌈ˢ。ᵖauxs:period⌉
私が臭いだってこと？	grammatic	agrammatic	⌈ˢ私ᵖpronʳワタクシ⌉⌈ˢがᵖprt:case_particleʳガ⌉⌈ˢ臭いᵖn:common_nounʳニオイ⌉⌈ˢだᵖauxv:auxv-da:terminalʳダ⌉⌈ˢってᵖprt:adverbial_particleʳッテ⌉⌈ˢことᵖn:common_nounʳコト⌉⌈ˢ？ᵖauxs:periodᵇ?ᵈ?ʳ?⌉
私が話しをする時は静かにしなさい。	agrammatic	grammatic	⌈ˢ私ᵖpronʳワタクシ⌉⌈ˢがᵖprt:case_particleʳガ⌉⌈ˢ話しᵖn:common_noun:suru-possibleʳハナシ⌉⌈ˢをᵖprt:case_particleʳヲ⌉⌈ˢするᵖv:non_self_reliant:sa-irregular:attributiveʳスル⌉⌈ˢ時ᵖn:common_noun:adverb-possibleʳトキ⌉⌈ˢはᵖprt:binding_particleʳハ⌉⌈ˢ静かᵖshp:generalʳシズカ⌉⌈ˢにᵖauxv:auxv-da:conjunctive-niᵇだᵈだʳニ⌉⌈ˢしᵖv:non_self_reliant:sa-irregular:conjunctiveᵇするᵈするʳシ⌉⌈ˢなさいᵖv:non_self_reliant:godan-ra:imperativeᵇなさるᵈなさるʳナサイ⌉⌈ˢ。ᵖauxs:period⌉
私たちはスペイン語の歌を習いたいです。	agrammatic	grammatic	⌈ˢ私たちᵖpronʳワタシタチ⌉⌈ˢはᵖprt:binding_particleʳハ⌉⌈ˢスペイン語ᵖn:common_nounʳスペインゴ⌉⌈ˢのᵖprt:case_particleʳノ⌉⌈ˢ歌ᵖn:common_nounʳウタ⌉⌈ˢをᵖprt:case_particleʳヲ⌉⌈ˢ習いᵖv:general:godan-waa:conjunctiveᵇ習うᵈ習うʳナライ⌉⌈ˢたいᵖauxv:auxv-tai:terminalʳタイ⌉⌈ˢですᵖauxv:auxv-desu:terminalʳデス⌉⌈ˢ。ᵖauxs:period⌉
私たちは身ににつけている衣服で他人を判断しがちである。	grammatic	agrammatic	⌈ˢ私たちᵖpronʳワタシタチ⌉⌈ˢはᵖprt:binding_particleʳハ⌉⌈ˢ身ᵖn:common_nounʳミ⌉⌈ˢにᵖprt:case_particleʳニ⌉⌈ˢにつけᵖv:general:e-ichidan-ka:conjunctiveᵇにつけるᵈにつけるʳニツケ⌉⌈ˢてᵖprt:conjunctive_particleʳテ⌉⌈ˢいるᵖv:non_self_reliant:i-ichidan-a:attributiveʳイル⌉⌈ˢ衣服ᵖn:common_nounʳイフク⌉⌈ˢでᵖprt:case_particleʳデ⌉⌈ˢ他人ᵖn:common_nounʳタニン⌉⌈ˢをᵖprt:case_particleʳヲ⌉⌈ˢ判断ᵖn:common_noun:suru-possibleʳハンダン⌉⌈ˢしᵖv:non_self_reliant:sa-irregular:conjunctiveᵇするᵈするʳシ⌉⌈ˢがちᵖsuff:shape_word_likeʳガチ⌉⌈ˢでᵖauxv:auxv-da:conjunctiveᵇだᵈだʳデ⌉⌈ˢあるᵖv:non_self_reliant:godan-ra:terminalʳアル⌉⌈ˢ。ᵖauxs:period⌉
私はいつかまたその少女に会いたいです。	agrammatic	grammatic	⌈ˢ私ᵖpronʳワタクシ⌉⌈ˢはᵖprt:binding_particleʳハ⌉⌈ˢいつᵖpronʳイツ⌉⌈ˢかᵖprt:adverbial_particleʳカ⌉⌈ˢまたᵖconjʳマタ⌉⌈ˢそのᵖatʳソノ⌉⌈ˢ少女ᵖn:common_nounʳショウジョ⌉⌈ˢにᵖprt:case_particleʳニ⌉⌈ˢ会いᵖv:general:godan-waa:conjunctiveᵇ会うᵈ会うʳアイ⌉⌈ˢたいᵖauxv:auxv-tai:terminalʳタイ⌉⌈ˢですᵖauxv:auxv-desu:terminalʳデス⌉⌈ˢ。ᵖauxs:period⌉
私はここに戻って来たいです。	agrammatic	grammatic	⌈ˢ私ᵖpronʳワタクシ⌉⌈ˢはᵖprt:binding_particleʳハ⌉⌈ˢここᵖpronʳココ⌉⌈ˢにᵖprt:case_particleʳニ⌉⌈ˢ戻っᵖv:general:godan-ra:conjunctive-geminateᵇ戻るᵈ戻るʳモドッ⌉⌈ˢてᵖprt:conjunctive_particleʳテ⌉⌈ˢ来ᵖv:non_self_reliant:ka-irregular:conjunctiveᵇ来るᵈ来るʳキ⌉⌈ˢたいᵖauxv:auxv-tai:terminalʳタイ⌉⌈ˢですᵖauxv:auxv-desu:terminalʳデス⌉⌈ˢ。ᵖauxs:period⌉
私はその計画をなんの苦もなくな実行した。	grammatic	agrammatic	⌈ˢ私ᵖpronʳワタクシ⌉⌈ˢはᵖprt:binding_particleʳハ⌉⌈ˢそのᵖatʳソノ⌉⌈ˢ計画ᵖn:common_noun:suru-possibleʳケイカク⌉⌈ˢをᵖprt:case_particleʳヲ⌉⌈ˢなんᵖpronʳナン⌉⌈ˢのᵖprt:case_particleʳノ⌉⌈ˢ苦ᵖn:common_nounʳク⌉⌈ˢもなくなᵖn:common_nounʳモナクナ⌉⌈ˢ実行ᵖn:common_noun:suru-possibleʳジッコウ⌉⌈ˢしᵖv:non_self_reliant:sa-irregular:conjunctiveᵇするᵈするʳシ⌉⌈ˢたᵖauxv:auxv-ta:terminalʳタ⌉⌈ˢ。ᵖauxs:period⌉
私はロンドンで初めて彼女に会った。	agrammatic	grammatic	⌈ˢ私ᵖpronʳワタクシ⌉⌈ˢはᵖprt:binding_particleʳハ⌉⌈ˢロンドンᵖn:proper_noun:place-name⌉⌈ˢでᵖprt:case_particleʳデ⌉⌈ˢ初めてᵖadvʳハジメテ⌉⌈ˢ彼女ᵖpronʳカノジョ⌉⌈ˢにᵖprt:case_particleʳニ⌉⌈ˢ会っᵖv:general:godan-waa:conjunctive-geminateᵇ会うᵈ会うʳアッ⌉⌈ˢたᵖauxv:auxv-ta:terminalʳタ⌉⌈ˢ。ᵖauxs:period⌉
私は先日そのお店でですばらしい掘り出し物をした。	grammatic	agrammatic	⌈ˢ私ᵖpronʳワタクシ⌉⌈ˢはᵖprt:binding_particleʳハ⌉⌈ˢ先日ᵖn:common_noun:adverb-possibleʳセンジツ⌉⌈ˢそのᵖatʳソノ⌉⌈ˢお店ᵖn:common_nounʳオミセ⌉⌈ˢでᵖauxv:auxv-da:conjunctiveᵇだᵈだʳデ⌉⌈ˢですᵖauxv:auxv-desu:terminalʳデス⌉⌈ˢばᵖprt:conjunctive_particleʳバ⌉⌈ˢらしいᵖsuff:adjectival:adjective:attributiveʳラシイ⌉⌈ˢ掘り出しᵖv:general:godan-sa:conjunctiveᵇ掘り出すᵈ掘り出すʳホリダシ⌉⌈ˢ物ᵖn:common_noun:suru-possibleʳモノ⌉⌈ˢをᵖprt:case_particleʳヲ⌉⌈ˢしᵖv:non_self_reliant:sa-irregular:conjunctiveᵇするᵈするʳシ⌉⌈ˢたᵖauxv:auxv-ta:terminalʳタ⌉⌈ˢ。ᵖauxs:period⌉
私は同じ事をそうたびたび聞くとうんざりする。	agrammatic	grammatic	⌈ˢ私ᵖpronʳワタクシ⌉⌈ˢはᵖprt:binding_particleʳハ⌉⌈ˢ同じᵖatʳオナジ⌉⌈ˢ事ᵖn:common_nounʳコト⌉⌈ˢをᵖprt:case_particleʳヲ⌉⌈ˢそうᵖadvʳソウ⌉⌈ˢたびたびᵖadvʳタビタビ⌉⌈ˢ聞くᵖv:general:godan-ka:terminalʳキク⌉⌈ˢとᵖprt:conjunctive_particleʳト⌉⌈ˢうんざりᵖadvʳウンザリ⌉⌈ˢするᵖv:non_self_reliant:sa-irregular:terminalʳスル⌉⌈ˢ。ᵖauxs:period⌉
私は図書館の職員に金曜日締め切りのレポートのためにその本が必要だと言った。そうしたら彼女は借りている人に返却を求めるように言うと言った。	agrammatic	grammatic	⌈ˢ私ᵖpronʳワタクシ⌉⌈ˢはᵖprt:binding_particleʳハ⌉⌈ˢ図書館ᵖn:common_nounʳトショカン⌉⌈ˢのᵖprt:case_particleʳノ⌉⌈ˢ職員ᵖn:common_nounʳショクイン⌉⌈ˢにᵖprt:case_particleʳニ⌉⌈ˢ金曜日ᵖn:common_noun:adverb-possibleʳキンヨウビ⌉⌈ˢ締め切りᵖn:common_nounʳシメキリ⌉⌈ˢのᵖprt:case_particleʳノ⌉⌈ˢレポートᵖn:common_noun:suru-possible⌉⌈ˢのᵖprt:case_particleʳノ⌉⌈ˢためᵖn:common_noun:adverb-possibleʳタメ⌉⌈ˢにᵖprt:case_particleʳニ⌉⌈ˢそのᵖatʳソノ⌉⌈ˢ本ᵖn:common_nounʳホン⌉⌈ˢがᵖprt:case_particleʳガ⌉⌈ˢ必要ᵖn:common_noun:pos2-unk1ʳヒツヨウ⌉⌈ˢだᵖauxv:auxv-da:terminalʳダ⌉⌈ˢとᵖprt:case_particleʳト⌉⌈ˢ言っᵖv:general:godan-waa:conjunctive-geminateᵇ言うᵈ言うʳイッ⌉⌈ˢたᵖauxv:auxv-ta:terminalʳタ⌉⌈ˢ。ᵖauxs:period⌉⌈ˢそうᵖadvʳソウ⌉⌈ˢしᵖv:non_self_reliant:sa-irregular:conjunctiveᵇするᵈするʳシ⌉⌈ˢたらᵖauxv:auxv-ta:conditionalᵇたᵈたʳタラ⌉⌈ˢ彼女ᵖpronʳカノジョ⌉⌈ˢはᵖprt:binding_particleʳハ⌉⌈ˢ借りᵖv:general:i-ichidan-ra:conjunctiveᵇ借りるᵈ借りるʳカリ⌉⌈ˢてᵖprt:conjunctive_particleʳテ⌉⌈ˢいるᵖv:non_self_reliant:i-ichidan-a:attributiveʳイル⌉⌈ˢ人ᵖn:common_nounʳヒト⌉⌈ˢにᵖprt:case_particleʳニ⌉⌈ˢ返却ᵖn:common_noun:suru-possibleʳヘンキャク⌉⌈ˢをᵖprt:case_particleʳヲ⌉⌈ˢ求めるᵖv:general:e-ichidan-ma:attributiveʳモトメル⌉⌈ˢようᵖshp:auxiliary_verb_stemʳヨウ⌉⌈ˢにᵖauxv:auxv-da:conjunctive-niᵇだᵈだʳニ⌉⌈ˢ言うᵖv:general:godan-waa:terminalʳユウ⌉⌈ˢとᵖprt:case_particleʳト⌉⌈ˢ言っᵖv:general:godan-waa:conjunctive-geminateᵇ言うᵈ言うʳイッ⌉⌈ˢたᵖauxv:auxv-ta:terminalʳタ⌉⌈ˢ。ᵖauxs:period⌉
私は将来、外国貿易をやりたいです。	grammatic	agrammatic	⌈ˢ私ᵖpronʳワタクシ⌉⌈ˢはᵖprt:binding_particleʳハ⌉⌈ˢ将来ᵖn:common_noun:adverb-possibleʳショウライ⌉⌈ˢ、ᵖauxs:comma⌉⌈ˢ外国ᵖn:common_nounʳガイコク⌉⌈ˢ貿易ᵖn:common_noun:suru-possibleʳボウエキ⌉⌈ˢをᵖprt:case_particleʳヲ⌉⌈ˢやりᵖv:non_self_reliant:godan-ra:conjunctiveᵇやるᵈやるʳヤリ⌉⌈ˢたいᵖauxv:auxv-tai:terminalʳタイ⌉⌈ˢですᵖauxv:auxv-desu:terminalʳデス⌉⌈ˢ。ᵖauxs:period⌉
私は彼がこの電話を私的用件で使うのがいやだ。	agrammatic	grammatic	⌈ˢ私ᵖpronʳワタクシ⌉⌈ˢはᵖprt:binding_particleʳハ⌉⌈ˢ彼ᵖpronʳカレ⌉⌈ˢがᵖprt:case_particleʳガ⌉⌈ˢこのᵖatʳコノ⌉⌈ˢ電話ᵖn:common_noun:suru-possibleʳデンワ⌉⌈ˢをᵖprt:case_particleʳヲ⌉⌈ˢ私的ᵖshp:generalʳシテキ⌉⌈ˢ用件ᵖn:common_nounʳヨウケン⌉⌈ˢでᵖprt:case_particleʳデ⌉⌈ˢ使うᵖv:general:godan-waa:attributiveʳツカウ⌉⌈ˢのᵖprt:pre_noun_particleʳノ⌉⌈ˢがᵖprt:case_particleʳガ⌉⌈ˢいやᵖshp:generalʳイヤ⌉⌈ˢだᵖauxv:auxv-da:terminalʳダ⌉⌈ˢ。ᵖauxs:period⌉
私は本当に、彼がどうしてそんなことをしたのか知りたいです。	agrammatic	grammatic	⌈ˢ私ᵖpronʳワタクシ⌉⌈ˢはᵖprt:binding_particleʳハ⌉⌈ˢ本当ᵖn:common_nounʳホントウ⌉⌈ˢにᵖprt:case_particleʳニ⌉⌈ˢ、ᵖauxs:comma⌉⌈ˢ彼ᵖpronʳカレ⌉⌈ˢがᵖprt:case_particleʳガ⌉⌈ˢどうᵖadvʳドウ⌉⌈ˢしᵖv:non_self_reliant:sa-irregular:conjunctiveᵇするᵈするʳシ⌉⌈ˢてᵖprt:conjunctive_particleʳテ⌉⌈ˢそんなᵖatʳソンナ⌉⌈ˢことᵖn:common_nounʳコト⌉⌈ˢをᵖprt:case_particleʳヲ⌉⌈ˢしᵖv:non_self_reliant:sa-irregular:conjunctiveᵇするᵈするʳシ⌉⌈ˢたᵖauxv:auxv-ta:attributiveʳタ⌉⌈ˢのᵖprt:pre_noun_particleʳノ⌉⌈ˢかᵖprt:adverbial_particleʳカ⌉⌈ˢ知りᵖv:general:godan-ra:conjunctiveᵇ知るᵈ知るʳシリ⌉⌈ˢたいᵖauxv:auxv-tai:terminalʳタイ⌉⌈ˢですᵖauxv:auxv-desu:terminalʳデス⌉⌈ˢ。ᵖauxs:period⌉
私は素晴らしい景色を写真に残したいです。	agrammatic	grammatic	⌈ˢ私ᵖpronʳワタクシ⌉⌈ˢはᵖprt:binding_particleʳハ⌉⌈ˢ素晴らしいᵖadj:general:adjective:attributiveʳスバラシイ⌉⌈ˢ景色ᵖn:common_nounʳケシキ⌉⌈ˢをᵖprt:case_particleʳヲ⌉⌈ˢ写真ᵖn:common_nounʳシャシン⌉⌈ˢにᵖprt:case_particleʳニ⌉⌈ˢ残しᵖv:general:godan-sa:conjunctiveᵇ残すᵈ残すʳノコシ⌉⌈ˢたいᵖauxv:auxv-tai:terminalʳタイ⌉⌈ˢですᵖauxv:auxv-desu:terminalʳデス⌉⌈ˢ。ᵖauxs:period⌉
私は英語の発音をもっとよくしたいです。	agrammatic	grammatic	⌈ˢ私ᵖpronʳワタクシ⌉⌈ˢはᵖprt:binding_particleʳハ⌉⌈ˢ英語ᵖn:common_nounʳエイゴ⌉⌈ˢのᵖprt:case_particleʳノ⌉⌈ˢ発音ᵖn:common_noun:suru-possibleʳハツオン⌉⌈ˢをᵖprt:case_particleʳヲ⌉⌈ˢもっとᵖadvʳモット⌉⌈ˢよくᵖadj:non_self_reliant:adjective:conjunctiveᵇよいᵈよいʳヨク⌉⌈ˢしᵖv:non_self_reliant:sa-irregular:conjunctiveᵇするᵈするʳシ⌉⌈ˢたいᵖauxv:auxv-tai:terminalʳタイ⌉⌈ˢですᵖauxv:auxv-desu:terminalʳデス⌉⌈ˢ。ᵖauxs:period⌉
科学の目的は、しばしば言われてきた様に、理解する事でではなく、予見する事です。	grammatic	agrammatic	⌈ˢ科学ᵖn:common_noun:suru-possibleʳカガク⌉⌈ˢのᵖprt:case_particleʳノ⌉⌈ˢ目的ᵖn:common_nounʳモクテキ⌉⌈ˢはᵖprt:binding_particleʳハ⌉⌈ˢ、ᵖauxs:comma⌉⌈ˢしばしばᵖadvʳシバシバ⌉⌈ˢ言わᵖv:general:godan-waa:imperfectiveᵇ言うᵈ言うʳイワ⌉⌈ˢれᵖauxv:auxv-reru:conjunctiveᵇれるᵈれるʳレ⌉⌈ˢてᵖprt:conjunctive_particleʳテ⌉⌈ˢきᵖv:non_self_reliant:ka-irregular:conjunctiveᵇくるᵈくるʳキ⌉⌈ˢたᵖauxv:auxv-ta:attributiveʳタ⌉⌈ˢ様ᵖshp:auxiliary_verb_stemʳヨウ⌉⌈ˢにᵖauxv:auxv-da:conjunctive-niᵇだᵈだʳニ⌉⌈ˢ、ᵖauxs:comma⌉⌈ˢ理解ᵖn:common_noun:suru-possibleʳリカイ⌉⌈ˢするᵖv:non_self_reliant:sa-irregular:attributiveʳスル⌉⌈ˢ事ᵖn:common_nounʳコト⌉⌈ˢでᵖauxv:auxv-da:conjunctiveᵇだᵈだʳデ⌉⌈ˢでᵖauxv:auxv-da:conjunctiveᵇだᵈだʳデ⌉⌈ˢはᵖprt:binding_particleʳハ⌉⌈ˢなくᵖadj:non_self_reliant:adjective:conjunctiveᵇないᵈないʳナク⌉⌈ˢ、ᵖauxs:comma⌉⌈ˢ予見ᵖn:common_noun:suru-possibleʳヨケン⌉⌈ˢするᵖv:non_self_reliant:sa-irregular:attributiveʳスル⌉⌈ˢ事ᵖn:common_nounʳコト⌉⌈ˢですᵖauxv:auxv-desu:terminalʳデス⌉⌈ˢ。ᵖauxs:period⌉
窓は壊されてよろいどははずれでななめに下がっていました。	grammatic	agrammatic	⌈ˢ窓ᵖn:common_nounʳマド⌉⌈ˢはᵖprt:binding_particleʳハ⌉⌈ˢ壊さᵖv:general:godan-sa:imperfectiveᵇ壊すᵈ壊すʳコワサ⌉⌈ˢれᵖauxv:auxv-reru:conjunctiveᵇれるᵈれるʳレ⌉⌈ˢてᵖprt:conjunctive_particleʳテ⌉⌈ˢよろᵖadvʳヨロ⌉⌈ˢいどᵖn:common_nounʳイド⌉⌈ˢはᵖprt:binding_particleʳハ⌉⌈ˢはずれᵖn:common_nounʳハズレ⌉⌈ˢでᵖprt:case_particleʳデ⌉⌈ˢななめᵖn:common_nounʳナナメ⌉⌈ˢにᵖprt:case_particleʳニ⌉⌈ˢ下がっᵖv:general:godan-ra:conjunctive-geminateᵇ下がるᵈ下がるʳサガッ⌉⌈ˢてᵖprt:conjunctive_particleʳテ⌉⌈ˢいᵖv:non_self_reliant:i-ichidan-a:conjunctiveᵇいるᵈいるʳイ⌉⌈ˢましᵖauxv:auxv-masu:conjunctiveᵇますᵈますʳマシ⌉⌈ˢたᵖauxv:auxv-ta:terminalʳタ⌉⌈ˢ。ᵖauxs:period⌉
簡単に自己紹介してもらてもいいですか？	grammatic	agrammatic	⌈ˢ簡単ᵖshp:generalʳカンタン⌉⌈ˢにᵖauxv:auxv-da:conjunctive-niᵇだᵈだʳニ⌉⌈ˢ自己紹介ᵖn:common_noun:suru-possibleʳジコショウカイ⌉⌈ˢしᵖv:non_self_reliant:sa-irregular:conjunctiveᵇするᵈするʳシ⌉⌈ˢてᵖprt:conjunctive_particleʳテ⌉⌈ˢもᵖprt:binding_particleʳモ⌉⌈ˢらてᵖn:proper_noun:person-nameʳラテ⌉⌈ˢもᵖprt:binding_particleʳモ⌉⌈ˢいいᵖadj:non_self_reliant:adjective:terminalʳイイ⌉⌈ˢですᵖauxv:auxv-desu:terminalʳデス⌉⌈ˢかᵖprt:sentence_final_particleʳカ⌉⌈ˢ？ᵖauxs:periodᵇ?ᵈ?ʳ?⌉
練習問題の解答は巻末にまとめであります。	grammatic	agrammatic	⌈ˢ練習問題ᵖn:common_nounʳレンシュウモンダイ⌉⌈ˢのᵖprt:case_particleʳノ⌉⌈ˢ解答ᵖn:common_noun:suru-possibleʳカイトウ⌉⌈ˢはᵖprt:binding_particleʳハ⌉⌈ˢ巻末ᵖn:common_nounʳカンマツ⌉⌈ˢにᵖprt:case_particleʳニ⌉⌈ˢまとめᵖn:common_nounʳマトメ⌉⌈ˢでᵖauxv:auxv-da:conjunctiveᵇだᵈだʳデ⌉⌈ˢありᵖv:non_self_reliant:godan-ra:conjunctiveᵇあるᵈあるʳアリ⌉⌈ˢますᵖauxv:auxv-masu:terminalʳマス⌉⌈ˢ。ᵖauxs:period⌉
自分たち同士で非難しあてもしょうがない。	grammatic	agrammatic	⌈ˢ自分たちᵖn:proper_nounʳジブンタチ⌉⌈ˢ同士ᵖsuff:noun_likeʳドウシ⌉⌈ˢでᵖprt:case_particleʳデ⌉⌈ˢ非難ᵖn:common_noun:suru-possibleʳヒナン⌉⌈ˢしᵖv:non_self_reliant:sa-irregular:conjunctiveᵇするᵈするʳシ⌉⌈ˢあてᵖsuff:noun_likeʳアテ⌉⌈ˢもᵖprt:binding_particleʳモ⌉⌈ˢしょうᵖn:common_nounʳショウ⌉⌈ˢがᵖprt:case_particleʳガ⌉⌈ˢないᵖadj:non_self_reliant:adjective:terminalʳナイ⌉⌈ˢ。ᵖauxs:period⌉
自動ドアは今までよりもよりスマートな方法で制御されるかもしれない。新しく改良されたコントロールシステムでは、ドアは人がドアに向かって真っ直ぐ進んで来た時にのみ開きます。もし、人がドアの前でただ立っているだけであったり、ドアに沿って歩いているだけの場合はドアは閉まり続けています。	agrammatic	grammatic	⌈ˢ自動ドアᵖn:common_nounʳジドウドア⌉⌈ˢはᵖprt:binding_particleʳハ⌉⌈ˢ今までᵖn:common_noun:adverb-possibleʳイママデ⌉⌈ˢよりᵖprt:case_particleʳヨリ⌉⌈ˢもᵖprt:binding_particleʳモ⌉⌈ˢよりᵖadvʳヨリ⌉⌈ˢスマートᵖshp:general⌉⌈ˢなᵖauxv:auxv-da:attributiveᵇだᵈだʳナ⌉⌈ˢ方法ᵖn:common_nounʳホウホウ⌉⌈ˢでᵖprt:case_particleʳデ⌉⌈ˢ制御ᵖn:common_noun:suru-possibleʳセイギョ⌉⌈ˢさᵖv:non_self_reliant:sa-irregular:imperfective-saᵇするᵈするʳサ⌉⌈ˢれるᵖauxv:auxv-reru:terminalʳレル⌉⌈ˢかᵖprt:adverbial_particleʳカ⌉⌈ˢもᵖprt:binding_particleʳモ⌉⌈ˢしれᵖv:general:e-ichidan-ra:imperfectiveᵇしれるᵈしれるʳシレ⌉⌈ˢないᵖauxv:auxv-nai:terminalʳナイ⌉⌈ˢ。ᵖauxs:period⌉⌈ˢ新しくᵖadj:general:adjective:conjunctiveᵇ新しいᵈ新しいʳアタラシク⌉⌈ˢ改良ᵖn:common_noun:suru-possibleʳカイリョウ⌉⌈ˢさᵖv:non_self_reliant:sa-irregular:imperfective-saᵇするᵈするʳサ⌉⌈ˢれᵖauxv:auxv-reru:conjunctiveᵇれるᵈれるʳレ⌉⌈ˢたᵖauxv:auxv-ta:attributiveʳタ⌉⌈ˢコントロールᵖn:common_noun:suru-possible⌉⌈ˢシステムᵖn:common_noun⌉⌈ˢでᵖprt:case_particleʳデ⌉⌈ˢはᵖprt:binding_particleʳハ⌉⌈ˢ、ᵖauxs:comma⌉⌈ˢドアᵖn:common_noun⌉⌈ˢはᵖprt:binding_particleʳハ⌉⌈ˢ人ᵖn:common_nounʳヒト⌉⌈ˢがᵖprt:case_particleʳガ⌉⌈ˢドアᵖn:common_noun⌉⌈ˢにᵖprt:case_particleʳニ⌉⌈ˢ向かっᵖv:general:godan-waa:conjunctive-geminateᵇ向かうᵈ向かうʳムカッ⌉⌈ˢてᵖprt:conjunctive_particleʳテ⌉⌈ˢ真っ直ぐᵖadvʳマッスグ⌉⌈ˢ進んᵖv:general:godan-ma:conjunctive-nasalᵇ進むᵈ進むʳススン⌉⌈ˢでᵖprt:conjunctive_particleʳデ⌉⌈ˢ来ᵖv:non_self_reliant:ka-irregular:conjunctiveᵇ来るᵈ来るʳキ⌉⌈ˢたᵖauxv:auxv-ta:attributiveʳタ⌉⌈ˢ時ᵖn:common_noun:adverb-possibleʳトキ⌉⌈ˢにᵖprt:case_particleʳニ⌉⌈ˢのみᵖprt:adverbial_particleʳノミ⌉⌈ˢ開きᵖv:general:godan-ka:conjunctiveᵇ開くᵈ開くʳヒラキ⌉⌈ˢますᵖauxv:auxv-masu:terminalʳマス⌉⌈ˢ。ᵖauxs:period⌉⌈ˢもしᵖadvʳモシ⌉⌈ˢ、ᵖauxs:comma⌉⌈ˢ人ᵖn:common_nounʳヒト⌉⌈ˢがᵖprt:case_particleʳガ⌉⌈ˢドアᵖn:common_noun⌉⌈ˢのᵖprt:case_particleʳノ⌉⌈ˢ前ᵖn:common_noun:adverb-possibleʳマエ⌉⌈ˢでᵖprt:case_particleʳデ⌉⌈ˢただᵖadvʳタダ⌉⌈ˢ立っᵖv:general:godan-ta:conjunctive-geminateᵇ立つᵈ立つʳタッ⌉⌈ˢてᵖprt:conjunctive_particleʳテ⌉⌈ˢいるᵖv:non_self_reliant:i-ichidan-a:attributiveʳイル⌉⌈ˢだけᵖprt:adverbial_particleʳダケ⌉⌈ˢでᵖauxv:auxv-da:conjunctiveᵇだᵈだʳデ⌉⌈ˢあっᵖv:non_self_reliant:godan-ra:conjunctive-geminateᵇあるᵈあるʳアッ⌉⌈ˢたりᵖprt:adverbial_particleʳタリ⌉⌈ˢ、ᵖauxs:comma⌉⌈ˢドアᵖn:common_noun⌉⌈ˢにᵖprt:case_particleʳニ⌉⌈ˢ沿っᵖv:general:godan-waa:conjunctive-geminateᵇ沿うᵈ沿うʳソッ⌉⌈ˢてᵖprt:conjunctive_particleʳテ⌉⌈ˢ歩いᵖv:general:godan-ka:conjunctive-i-soundᵇ歩くᵈ歩くʳアルイ⌉⌈ˢてᵖprt:conjunctive_particleʳテ⌉⌈ˢいるᵖv:non_self_reliant:i-ichidan-a:attributiveʳイル⌉⌈ˢだけᵖprt:adverbial_particleʳダケ⌉⌈ˢのᵖprt:case_particleʳノ⌉⌈ˢ場合ᵖn:common_noun:adverb-possibleʳバアイ⌉⌈ˢはᵖprt:binding_particleʳハ⌉⌈ˢドアᵖn:common_noun⌉⌈ˢはᵖprt:binding_particleʳハ⌉⌈ˢ閉まりᵖv:general:godan-ra:conjunctiveᵇ閉まるᵈ閉まるʳシマリ⌉⌈ˢ続けᵖv:non_self_reliant:e-ichidan-ka:conjunctiveᵇ続けるᵈ続けるʳツヅケ⌉⌈ˢてᵖprt:conjunctive_particleʳテ⌉⌈ˢいᵖv:non_self_reliant:i-ichidan-a:conjunctiveᵇいるᵈいるʳイ⌉⌈ˢますᵖauxv:auxv-masu:terminalʳマス⌉⌈ˢ。ᵖauxs:period⌉
英国大使は大統領ととじかに会見することを要求した。	grammatic	agrammatic	⌈ˢ英国ᵖn:proper_noun:place-nameʳエイコク⌉⌈ˢ大使ᵖn:common_nounʳタイシ⌉⌈ˢはᵖprt:binding_particleʳハ⌉⌈ˢ大統領ᵖn:common_nounʳダイトウリョウ⌉⌈ˢとᵖprt:case_particleʳト⌉⌈ˢとじᵖn:common_nounʳトジ⌉⌈ˢかᵖprt:adverbial_particleʳカ⌉⌈ˢにᵖprt:case_particleʳニ⌉⌈ˢ会見ᵖn:common_noun:suru-possibleʳカイケン⌉⌈ˢするᵖv:non_self_reliant:sa-irregular:attributiveʳスル⌉⌈ˢことᵖn:common_nounʳコト⌉⌈ˢをᵖprt:case_particleʳヲ⌉⌈ˢ要求ᵖn:common_noun:suru-possibleʳヨウキュウ⌉⌈ˢしᵖv:non_self_reliant:sa-irregular:conjunctiveᵇするᵈするʳシ⌉⌈ˢたᵖauxv:auxv-ta:terminalʳタ⌉⌈ˢ。ᵖauxs:period⌉
誰でも車が持てるわけではない。	agrammatic	grammatic	⌈ˢ誰ᵖpronʳダレ⌉⌈ˢでᵖprt:case_particleʳデ⌉⌈ˢもᵖprt:binding_particleʳモ⌉⌈ˢ車ᵖn:common_nounʳクルマ⌉⌈ˢがᵖprt:case_particleʳガ⌉⌈ˢ持てᵖv:general:yodan-ta:imperativeᵇ持つᵈ持つʳモテ⌉⌈ˢるᵖauxv:auxv-ri:attributiveᵇりᵈりʳル⌉⌈ˢわけᵖn:common_nounʳワケ⌉⌈ˢでᵖprt:case_particleʳデ⌉⌈ˢはᵖprt:binding_particleʳハ⌉⌈ˢないᵖadj:non_self_reliant:adjective:terminalʳナイ⌉⌈ˢ。ᵖauxs:period⌉
走るのが遅いぞ！もっと速く走りなさい！	agrammatic	grammatic	⌈ˢ走るᵖv:general:godan-ra:attributiveʳハシル⌉⌈ˢのᵖprt:pre_noun_particleʳノ⌉⌈ˢがᵖprt:case_particleʳガ⌉⌈ˢ遅いᵖadj:general:adjective:terminalʳオソイ⌉⌈ˢぞᵖprt:sentence_final_particleʳゾ⌉⌈ˢ！ᵖauxs:periodᵇ!ᵈ!ʳ!⌉⌈ˢもっとᵖadvʳモット⌉⌈ˢ速くᵖadj:general:adjective:conjunctiveᵇ速いᵈ速いʳハヤク⌉⌈ˢ走りᵖv:general:godan-ra:conjunctiveᵇ走るᵈ走るʳハシリ⌉⌈ˢなさいᵖv:non_self_reliant:godan-ra:imperativeᵇなさるᵈなさるʳナサイ⌉⌈ˢ！ᵖauxs:periodᵇ!ᵈ!ʳ!⌉
近隣の家は壊れたが、自宅は少しの修繕費ですんだ。	agrammatic	grammatic	⌈ˢ近隣ᵖn:common_nounʳキンリン⌉⌈ˢのᵖprt:case_particleʳノ⌉⌈ˢ家ᵖn:common_nounʳイエ⌉⌈ˢはᵖprt:binding_particleʳハ⌉⌈ˢ壊れᵖv:general:e-ichidan-ra:conjunctiveᵇ壊れるᵈ壊れるʳコワレ⌉⌈ˢたᵖauxv:auxv-ta:terminalʳタ⌉⌈ˢがᵖprt:conjunctive_particleʳガ⌉⌈ˢ、ᵖauxs:comma⌉⌈ˢ自宅ᵖn:common_nounʳジタク⌉⌈ˢはᵖprt:binding_particleʳハ⌉⌈ˢ少しᵖadvʳスコシ⌉⌈ˢのᵖprt:case_particleʳノ⌉⌈ˢ修繕費ᵖn:common_nounʳシュウゼンヒ⌉⌈ˢですᵖauxv:auxv-desu:attributiveʳデス⌉⌈ˢんᵖprt:pre_noun_particleʳン⌉⌈ˢだᵖauxv:auxv-da:terminalʳダ⌉⌈ˢ。ᵖauxs:period⌉
遠回しに言うのは止めで、何が起こったのか言いなさい。	grammatic	agrammatic	⌈ˢ遠回しᵖn:common_nounʳトオマワシ⌉⌈ˢにᵖprt:case_particleʳニ⌉⌈ˢ言うᵖv:general:godan-waa:attributiveʳイウ⌉⌈ˢのᵖprt:pre_noun_particleʳノ⌉⌈ˢはᵖprt:binding_particleʳハ⌉⌈ˢ止めᵖn:common_nounʳトメ⌉⌈ˢでᵖauxv:auxv-da:conjunctiveᵇだᵈだʳデ⌉⌈ˢ、ᵖauxs:comma⌉⌈ˢ何ᵖpronʳナン⌉⌈ˢがᵖprt:case_particleʳガ⌉⌈ˢ起こっᵖv:general:godan-ra:conjunctive-geminateᵇ起こるᵈ起こるʳオコッ⌉⌈ˢたᵖauxv:auxv-ta:attributiveʳタ⌉⌈ˢのᵖprt:pre_noun_particleʳノ⌉⌈ˢかᵖprt:adverbial_particleʳカ⌉⌈ˢ言いᵖv:general:godan-waa:conjunctiveᵇ言うᵈ言うʳイイ⌉⌈ˢなさいᵖv:non_self_reliant:godan-ra:imperativeᵇなさるᵈなさるʳナサイ⌉⌈ˢ。ᵖauxs:period⌉
鉛とと金とでは、どちらが重いか。	grammatic	agrammatic	⌈ˢ鉛ᵖn:common_nounʳナマリ⌉⌈ˢとᵖprt:case_particleʳト⌉⌈ˢと金ᵖn:common_nounʳトキン⌉⌈ˢとᵖprt:case_particleʳト⌉⌈ˢでᵖprt:case_particleʳデ⌉⌈ˢはᵖprt:binding_particleʳハ⌉⌈ˢ、ᵖauxs:comma⌉⌈ˢどちらᵖpronʳドチラ⌉⌈ˢがᵖprt:case_particleʳガ⌉⌈ˢ重いᵖadj:general:adjective:terminalʳオモイ⌉⌈ˢかᵖprt:sentence_final_particleʳカ⌉⌈ˢ。ᵖauxs:period⌉
雨が降って土に湿り気があると草は取りをやすくなる。	grammatic	agrammatic	⌈ˢ雨ᵖn:common_nounʳアメ⌉⌈ˢがᵖprt:case_particleʳガ⌉⌈ˢ降っᵖv:general:godan-ra:conjunctive-geminateᵇ降るᵈ降るʳフッ⌉⌈ˢてᵖprt:conjunctive_particleʳテ⌉⌈ˢ土ᵖn:common_nounʳツチ⌉⌈ˢにᵖprt:case_particleʳニ⌉⌈ˢ湿り気ᵖn:common_nounʳシメリケ⌉⌈ˢがᵖprt:case_particleʳガ⌉⌈ˢあるᵖv:non_self_reliant:godan-ra:terminalʳアル⌉⌈ˢとᵖprt:case_particleʳト⌉⌈ˢ草ᵖn:common_nounʳクサ⌉⌈ˢはᵖprt:binding_particleʳハ⌉⌈ˢ取りᵖn:common_nounʳトリ⌉⌈ˢをᵖprt:case_particleʳヲ⌉⌈ˢやすくᵖadj:general:adjective:conjunctiveᵇやすいᵈやすいʳヤスク⌉⌈ˢなるᵖv:non_self_reliant:godan-ra:terminalʳナル⌉⌈ˢ。ᵖauxs:period⌉
電話が引きたいです。	agrammatic	grammatic	⌈ˢ電話ᵖn:common_noun:suru-possibleʳデンワ⌉⌈ˢがᵖprt:case_particleʳガ⌉⌈ˢ引きᵖv:general:godan-ka:conjunctiveᵇ引くᵈ引くʳヒキ⌉⌈ˢたいᵖauxv:auxv-tai:terminalʳタイ⌉⌈ˢですᵖauxv:auxv-desu:terminalʳデス⌉⌈ˢ。ᵖauxs:period⌉
青信号が出たとたんに動きを出す。	grammatic	agrammatic	⌈ˢ青信号ᵖn:common_nounʳアオシンゴウ⌉⌈ˢがᵖprt:case_particleʳガ⌉⌈ˢ出ᵖv:general:e-ichidan-da:conjunctiveᵇ出るᵈ出るʳデ⌉⌈ˢたᵖauxv:auxv-ta:attributiveʳタ⌉⌈ˢとたんᵖn:common_noun:adverb-possibleʳトタン⌉⌈ˢにᵖprt:case_particleʳニ⌉⌈ˢ動きᵖn:common_nounʳウゴキ⌉⌈ˢをᵖprt:case_particleʳヲ⌉⌈ˢ出すᵖv:non_self_reliant:godan-sa:terminalʳダス⌉⌈ˢ。ᵖauxs:period⌉
食いを意地のはった少年は料理を全部たいらげた。	grammatic	agrammatic	⌈ˢ食いᵖn:common_nounʳクイ⌉⌈ˢをᵖprt:case_particleʳヲ⌉⌈ˢ意地ᵖn:common_nounʳイジ⌉⌈ˢのᵖprt:case_particleʳノ⌉⌈ˢはっᵖv:general:godan-waa:conjunctive-geminateᵇはうᵈはうʳハッ⌉⌈ˢたᵖauxv:auxv-ta:attributiveʳタ⌉⌈ˢ少年ᵖn:common_nounʳショウネン⌉⌈ˢはᵖprt:binding_particleʳハ⌉⌈ˢ料理ᵖn:common_noun:suru-possibleʳリョウリ⌉⌈ˢをᵖprt:case_particleʳヲ⌉⌈ˢ全部ᵖn:common_noun:adverb-possibleʳゼンブ⌉⌈ˢたいらげᵖv:general:e-ichidan-ga:conjunctiveᵇたいらげるᵈたいらげるʳタイラゲ⌉⌈ˢたᵖauxv:auxv-ta:terminalʳタ⌉⌈ˢ。ᵖauxs:period⌉
２０００年頃はじめて韓国へ行った私は覚えたての韓国語で四苦八苦しながら道を尋ねたりバスや電車の行き先を聞いたりしていました。たまに英語で話してくれる人がいるとほっとするのですが、逆に、隣の国なのに地球の裏側の国の言葉で話している自分を、客観的に見て不思議に思ったものです。	agrammatic	grammatic	⌈ˢ２０００ᵖn:numeralᵇ2000ᵈ2000ʳニレイレイレイ⌉⌈ˢ年ᵖn:common_noun:counter-possibleʳネン⌉⌈ˢ頃ᵖn:common_noun:adverb-possibleʳコロ⌉⌈ˢはじめてᵖadvʳハジメテ⌉⌈ˢ韓国ᵖn:proper_noun:place-nameʳカンコク⌉⌈ˢへᵖprt:case_particleʳヘ⌉⌈ˢ行っᵖv:non_self_reliant:godan-ka:conjunctive-geminateᵇ行くᵈ行くʳイッ⌉⌈ˢたᵖauxv:auxv-ta:attributiveʳタ⌉⌈ˢ私ᵖpronʳワタクシ⌉⌈ˢはᵖprt:binding_particleʳハ⌉⌈ˢ覚えたてᵖn:common_nounʳオボエタテ⌉⌈ˢのᵖprt:case_particleʳノ⌉⌈ˢ韓国語ᵖn:common_nounʳカンコクゴ⌉⌈ˢでᵖprt:case_particleʳデ⌉⌈ˢ四苦八苦ᵖn:common_nounʳシクハック⌉⌈ˢしᵖv:non_self_reliant:sa-irregular:conjunctiveᵇするᵈするʳシ⌉⌈ˢながらᵖprt:conjunctive_particleʳナガラ⌉⌈ˢ道ᵖn:common_nounʳミチ⌉⌈ˢをᵖprt:case_particleʳヲ⌉⌈ˢ尋ねᵖv:general:e-ichidan-na:conjunctiveᵇ尋ねるᵈ尋ねるʳタズネ⌉⌈ˢたりᵖprt:adverbial_particleʳタリ⌉⌈ˢバスᵖn:common_noun⌉⌈ˢやᵖprt:adverbial_particleʳヤ⌉⌈ˢ電車ᵖn:common_nounʳデンシャ⌉⌈ˢのᵖprt:case_particleʳノ⌉⌈ˢ行き先ᵖn:common_nounʳイキサキ⌉⌈ˢをᵖprt:case_particleʳヲ⌉⌈ˢ聞いᵖv:general:godan-ka:conjunctive-i-soundᵇ聞くᵈ聞くʳキイ⌉⌈ˢたりᵖprt:adverbial_particleʳタリ⌉⌈ˢしᵖv:non_self_reliant:sa-irregular:conjunctiveᵇするᵈするʳシ⌉⌈ˢてᵖprt:conjunctive_particleʳテ⌉⌈ˢいᵖv:non_self_reliant:i-ichidan-a:conjunctiveᵇいるᵈいるʳイ⌉⌈ˢましᵖauxv:auxv-masu:conjunctiveᵇますᵈますʳマシ⌉⌈ˢたᵖauxv:auxv-ta:terminalʳタ⌉⌈ˢ。ᵖauxs:period⌉⌈ˢたまにᵖadvʳタマニ⌉⌈ˢ英語ᵖn:common_nounʳエイゴ⌉⌈ˢでᵖprt:case_particleʳデ⌉⌈ˢ話しᵖv:general:godan-sa:conjunctiveᵇ話すᵈ話すʳハナシ⌉⌈ˢてᵖprt:conjunctive_particleʳテ⌉⌈ˢくれるᵖv:non_self_reliant:e-ichidan-ra:attributiveʳクレル⌉⌈ˢ人ᵖn:common_nounʳヒト⌉⌈ˢがᵖprt:case_particleʳガ⌉⌈ˢいるᵖv:non_self_reliant:i-ichidan-a:terminalʳイル⌉⌈ˢとᵖprt:conjunctive_particleʳト⌉⌈ˢほっとᵖadvʳホット⌉⌈ˢするᵖv:non_self_reliant:sa-irregular:attributiveʳスル⌉⌈ˢのᵖprt:pre_noun_particleʳノ⌉⌈ˢですᵖauxv:auxv-desu:terminalʳデス⌉⌈ˢがᵖprt:conjunctive_particleʳガ⌉⌈ˢ、ᵖauxs:comma⌉⌈ˢ逆ᵖn:common_noun:pos2-unk1ʳギャク⌉⌈ˢにᵖauxv:auxv-da:conjunctive-niᵇだᵈだʳニ⌉⌈ˢ、ᵖauxs:comma⌉⌈ˢ隣ᵖn:common_nounʳトナリ⌉⌈ˢのᵖprt:case_particleʳノ⌉⌈ˢ国ᵖn:common_nounʳクニ⌉⌈ˢなᵖauxv:auxv-da:attributiveᵇだᵈだʳナ⌉⌈ˢのᵖprt:pre_noun_particleʳノ⌉⌈ˢにᵖprt:case_particleʳニ⌉⌈ˢ地球ᵖn:common_nounʳチキュウ⌉⌈ˢのᵖprt:case_particleʳノ⌉⌈ˢ裏側ᵖn:common_nounʳウラガワ⌉⌈ˢのᵖprt:case_particleʳノ⌉⌈ˢ国ᵖn:common_nounʳクニ⌉⌈ˢのᵖprt:case_particleʳノ⌉⌈ˢ言葉ᵖn:common_nounʳコトバ⌉⌈ˢでᵖprt:case_particleʳデ⌉⌈ˢ話しᵖv:general:godan-sa:conjunctiveᵇ話すᵈ話すʳハナシ⌉⌈ˢてᵖprt:conjunctive_particleʳテ⌉⌈ˢいるᵖv:non_self_reliant:i-ichidan-a:attributiveʳイル⌉⌈ˢ自分ᵖn:common_nounʳジブン⌉⌈ˢをᵖprt:case_particleʳヲ⌉⌈ˢ、ᵖauxs:comma⌉⌈ˢ客観的ᵖn:common_noun:pos2-unk1ʳキャッカンテキ⌉⌈ˢにᵖauxv:auxv-da:conjunctive-niᵇだᵈだʳニ⌉⌈ˢ見ᵖv:non_self_reliant:i-ichidan-ma:conjunctiveᵇ見るᵈ見るʳミ⌉⌈ˢてᵖprt:conjunctive_particleʳテ⌉⌈ˢ不思議ᵖn:common_noun:pos2-unk1ʳフシギ⌉⌈ˢにᵖauxv:auxv-da:conjunctive-niᵇだᵈだʳニ⌉⌈ˢ思っᵖv:general:godan-waa:conjunctive-geminateᵇ思うᵈ思うʳオモッ⌉⌈ˢたᵖauxv:auxv-ta:attributiveʳタ⌉⌈ˢものᵖn:common_noun:suru-possibleʳモノ⌉⌈ˢですᵖauxv:auxv-desu:terminalʳデス⌉⌈ˢ。ᵖauxs:period⌉
３人は合わせで５０ポンド持っていた。	grammatic	agrammatic	⌈ˢ３ᵖn:numeralᵇ3ᵈ3ʳサン⌉⌈ˢ人ᵖsuff:noun_likeʳニン⌉⌈ˢはᵖprt:binding_particleʳハ⌉⌈ˢ合わせᵖn:common_nounʳアワセ⌉⌈ˢでᵖprt:case_particleʳデ⌉⌈ˢ５０ᵖn:numeralᵇ50ᵈ50ʳゴレイ⌉⌈ˢポンドᵖn:common_noun:counter-possible⌉⌈ˢ持っᵖv:general:godan-ta:conjunctive-geminateᵇ持つᵈ持つʳモッ⌉⌈ˢてᵖprt:conjunctive_particleʳテ⌉⌈ˢいᵖv:non_self_reliant:i-ichidan-a:conjunctiveᵇいるᵈいるʳイ⌉⌈ˢたᵖauxv:auxv-ta:terminalʳタ⌉⌈ˢ。ᵖauxs:period⌉
５分とはかからないで戻ってきます。	agrammatic	grammatic	⌈ˢ５ᵖn:numeralᵇ5ᵈ5ʳゴ⌉⌈ˢ分ᵖn:common_noun:counter-possibleʳフン⌉⌈ˢとᵖprt:case_particleʳト⌉⌈ˢはᵖprt:binding_particleʳハ⌉⌈ˢかからᵖv:non_self_reliant:godan-ra:imperfectiveᵇかかるᵈかかるʳカカラ⌉⌈ˢないᵖauxv:auxv-nai:terminalʳナイ⌉⌈ˢでᵖprt:conjunctive_particleʳデ⌉⌈ˢ戻っᵖv:general:godan-ra:conjunctive-geminateᵇ戻るᵈ戻るʳモドッ⌉⌈ˢてᵖprt:conjunctive_particleʳテ⌉⌈ˢきᵖv:non_self_reliant:ka-irregular:conjunctiveᵇくるᵈくるʳキ⌉⌈ˢますᵖauxv:auxv-masu:terminalʳマス⌉⌈ˢ。ᵖauxs:period⌉
