sentence	predicted	actual	kotogram
A:このレポートは正しいですか。B:ええ、確認いたしましたところ、そのようです。	sonkeigo	sonkeigo, kenjogo	⌈ˢAᵖn:common_nounᵇaᵈaʳa⌉⌈ˢ:ᵖauxs:generalʳキゴウ⌉⌈ˢこのᵖatʳコノ⌉⌈ˢレポートᵖn:common_noun:suru-possible⌉⌈ˢはᵖprt:binding_particleʳハ⌉⌈ˢ正しいᵖadj:general:adjective:terminalʳタダシイ⌉⌈ˢですᵖauxv:auxv-desu:terminalʳデス⌉⌈ˢかᵖprt:sentence_final_particleʳカ⌉⌈ˢ。ᵖauxs:period⌉⌈ˢBᵖn:common_nounᵇbᵈbʳb⌉⌈ˢ:ᵖauxs:generalʳキゴウ⌉⌈ˢええᵖint:generalʳエエ⌉⌈ˢ、ᵖauxs:comma⌉⌈ˢ確認ᵖn:common_noun:suru-possibleʳカクニン⌉⌈ˢいたしᵖv:non_self_reliant:godan-sa:conjunctiveᵇいたすᵈいたすʳイタシ⌉⌈ˢましᵖauxv:auxv-masu:conjunctiveᵇますᵈますʳマシ⌉⌈ˢたᵖauxv:auxv-ta:attributiveʳタ⌉⌈ˢところᵖn:common_noun:adverb-possibleʳトコロ⌉⌈ˢ、ᵖauxs:comma⌉⌈ˢそのᵖatʳソノ⌉⌈ˢようᵖshp:auxiliary_verb_stemʳヨウ⌉⌈ˢですᵖauxv:auxv-desu:terminalʳデス⌉⌈ˢ。ᵖauxs:period⌉
MPEG-4 AVC録画の実力テスト：使いやすさはもとより、画質・音質の実力も高いぜわ。	netslang	hakataben	⌈ˢMPEGᵖn:common_nounʳエムペグ⌉⌈ˢ-ᵖauxs:general⌉⌈ˢ4ᵖn:numeralʳヨン⌉⌈ˢ ᵖspaceʳキゴウ⌉⌈ˢAVCᵖn:proper_nounʳエーブイシー⌉⌈ˢ録画ᵖn:common_noun:suru-possibleʳロクガ⌉⌈ˢのᵖprt:case_particleʳノ⌉⌈ˢ実力ᵖn:common_nounʳジツリョク⌉⌈ˢテストᵖn:common_noun:suru-possible⌉⌈ˢ：ᵖauxs:generalᵇ:ᵈ:ʳキゴウ⌉⌈ˢ使いᵖv:general:godan-waa:conjunctiveᵇ使うᵈ使うʳツカイ⌉⌈ˢやすᵖsuff:adjectival:adjective:stemᵇやすいᵈやすいʳヤス⌉⌈ˢさᵖsuff:noun_likeʳサ⌉⌈ˢはᵖprt:binding_particleʳハ⌉⌈ˢもとよりᵖadvʳモトヨリ⌉⌈ˢ、ᵖauxs:comma⌉⌈ˢ画質ᵖn:common_nounʳガシツ⌉⌈ˢ・ᵖauxs:general⌉⌈ˢ音質ᵖn:common_nounʳオンシツ⌉⌈ˢのᵖprt:case_particleʳノ⌉⌈ˢ実力ᵖn:common_nounʳジツリョク⌉⌈ˢもᵖprt:binding_particleʳモ⌉⌈ˢ高いᵖadj:general:adjective:terminalʳタカイ⌉⌈ˢぜᵖprt:sentence_final_particleʳゼ⌉⌈ˢわᵖprt:sentence_final_particleʳワ⌉⌈ˢ。ᵖauxs:period⌉
「早くいらっしゃい、ビル」「はい、おかあさんぞわ」	neutral, hakataben	neutral	⌈ˢ「ᵖauxs:bracket_openʳキゴウ⌉⌈ˢ早くᵖadj:general:adjective:conjunctiveᵇ早いᵈ早いʳハヤク⌉⌈ˢいらっしゃいᵖv:non_self_reliant:godan-ra:imperativeᵇいらっしゃるᵈいらっしゃるʳイラッシャイ⌉⌈ˢ、ᵖauxs:comma⌉⌈ˢビルᵖn:common_noun⌉⌈ˢ」ᵖauxs:bracket_closeʳキゴウ⌉⌈ˢ「ᵖauxs:bracket_openʳキゴウ⌉⌈ˢはいᵖint:generalʳハイ⌉⌈ˢ、ᵖauxs:comma⌉⌈ˢおかあさんᵖn:common_nounʳオカアサン⌉⌈ˢぞわᵖadvʳゾワ⌉⌈ˢ」ᵖauxs:bracket_closeʳキゴウ⌉
「英語圏の人は英語産業で不当に儲けてると思わない？ 僕は日本人なんだから、日本人だけで作った教材を使いたい」「でもさ、ネイティブチェックされてないと本当にいいな英語かどうか分かんないじゃん」「いい英語って何だよ。ネイティブの使う英語がいい英語？ ネイティブってそんなに偉いのかよ？」	kansaiben	neutral, kansaiben	⌈ˢ「ᵖauxs:bracket_openʳキゴウ⌉⌈ˢ英語圏ᵖn:common_nounʳエイゴケン⌉⌈ˢのᵖprt:case_particleʳノ⌉⌈ˢ人ᵖn:common_nounʳヒト⌉⌈ˢはᵖprt:binding_particleʳハ⌉⌈ˢ英語ᵖn:common_nounʳエイゴ⌉⌈ˢ産業ᵖn:common_nounʳサンギョウ⌉⌈ˢでᵖprt:case_particleʳデ⌉⌈ˢ不当ᵖshp:generalʳフトウ⌉⌈ˢにᵖauxv:auxv-da:conjunctive-niᵇだᵈだʳニ⌉⌈ˢ儲けᵖv:general:e-ichidan-ka:conjunctiveᵇ儲けるᵈ儲けるʳモウケ⌉⌈ˢてるᵖauxv:e-ichidan-ta:terminalʳテル⌉⌈ˢとᵖprt:case_particleʳト⌉⌈ˢ思わᵖv:general:godan-waa:imperfectiveᵇ思うᵈ思うʳオモワ⌉⌈ˢないᵖauxv:auxv-nai:terminalʳナイ⌉⌈ˢ？ᵖauxs:periodᵇ?ᵈ?ʳ?⌉⌈ˢ ᵖspaceʳキゴウ⌉⌈ˢ僕ᵖpronʳボク⌉⌈ˢはᵖprt:binding_particleʳハ⌉⌈ˢ日本人ᵖn:common_nounʳニホンジン⌉⌈ˢなᵖauxv:auxv-da:attributiveᵇだᵈだʳナ⌉⌈ˢんᵖprt:pre_noun_particleʳン⌉⌈ˢだᵖauxv:auxv-da:terminalʳダ⌉⌈ˢからᵖprt:conjunctive_particleʳカラ⌉⌈ˢ、ᵖauxs:comma⌉⌈ˢ日本人ᵖn:common_nounʳニホンジン⌉⌈ˢだけᵖprt:adverbial_particleʳダケ⌉⌈ˢでᵖprt:case_particleʳデ⌉⌈ˢ作っᵖv:general:godan-ra:conjunctive-geminateᵇ作るᵈ作るʳツクッ⌉⌈ˢたᵖauxv:auxv-ta:attributiveʳタ⌉⌈ˢ教材ᵖn:common_nounʳキョウザイ⌉⌈ˢをᵖprt:case_particleʳヲ⌉⌈ˢ使いᵖv:general:godan-waa:conjunctiveᵇ使うᵈ使うʳツカイ⌉⌈ˢたいᵖauxv:auxv-tai:terminalʳタイ⌉⌈ˢ」ᵖauxs:bracket_closeʳキゴウ⌉⌈ˢ「ᵖauxs:bracket_openʳキゴウ⌉⌈ˢでᵖprt:case_particleʳデ⌉⌈ˢもᵖprt:binding_particleʳモ⌉⌈ˢさᵖprt:sentence_final_particleʳサ⌉⌈ˢ、ᵖauxs:comma⌉⌈ˢネイティブᵖn:common_noun:pos2-unk1⌉⌈ˢチェックᵖn:common_noun:suru-possible⌉⌈ˢさᵖv:non_self_reliant:sa-irregular:imperfective-saᵇするᵈするʳサ⌉⌈ˢれᵖauxv:auxv-reru:conjunctiveᵇれるᵈれるʳレ⌉⌈ˢてᵖauxv:e-ichidan-ta:imperfectiveᵇてるᵈてるʳテ⌉⌈ˢないᵖauxv:auxv-nai:terminalʳナイ⌉⌈ˢとᵖprt:conjunctive_particleʳト⌉⌈ˢ本当ᵖn:common_nounʳホントウ⌉⌈ˢにᵖprt:case_particleʳニ⌉⌈ˢいいᵖadj:non_self_reliant:adjective:terminalʳイイ⌉⌈ˢなᵖprt:sentence_final_particleʳナ⌉⌈ˢ英語ᵖn:common_nounʳエイゴ⌉⌈ˢかᵖprt:adverbial_particleʳカ⌉⌈ˢどうᵖadvʳドウ⌉⌈ˢかᵖprt:adverbial_particleʳカ⌉⌈ˢ分かんᵖv:general:godan-ra:imperfective-nasalᵇ分かるᵈ分かるʳワカン⌉⌈ˢないᵖauxv:auxv-nai:terminalʳナイ⌉⌈ˢじゃんᵖprt:sentence_final_particleʳジャン⌉⌈ˢ」ᵖauxs:bracket_closeʳキゴウ⌉⌈ˢ「ᵖauxs:bracket_openʳキゴウ⌉⌈ˢいいᵖadj:non_self_reliant:adjective:attributiveʳイイ⌉⌈ˢ英語ᵖn:common_nounʳエイゴ⌉⌈ˢってᵖprt:adverbial_particleʳッテ⌉⌈ˢ何ᵖpronʳナン⌉⌈ˢだᵖauxv:auxv-da:terminalʳダ⌉⌈ˢよᵖprt:sentence_final_particleʳヨ⌉⌈ˢ。ᵖauxs:period⌉⌈ˢネイティブᵖn:common_noun:pos2-unk1⌉⌈ˢのᵖprt:case_particleʳノ⌉⌈ˢ使うᵖv:general:godan-waa:attributiveʳツカウ⌉⌈ˢ英語ᵖn:common_nounʳエイゴ⌉⌈ˢがᵖprt:case_particleʳガ⌉⌈ˢいいᵖadj:non_self_reliant:adjective:attributiveʳイイ⌉⌈ˢ英語ᵖn:common_nounʳエイゴ⌉⌈ˢ？ᵖauxs:periodᵇ?ᵈ?ʳ?⌉⌈ˢ ᵖspaceʳキゴウ⌉⌈ˢネイティブᵖn:common_noun:pos2-unk1⌉⌈ˢってᵖprt:adverbial_particleʳッテ⌉⌈ˢそんなᵖshp:generalʳソンナ⌉⌈ˢにᵖauxv:auxv-da:conjunctive-niᵇだᵈだʳニ⌉⌈ˢ偉いᵖadj:general:adjective:attributiveʳエライ⌉⌈ˢのᵖprt:pre_noun_particleʳノ⌉⌈ˢかᵖprt:sentence_final_particleʳカ⌉⌈ˢよᵖprt:sentence_final_particleʳヨ⌉⌈ˢ？ᵖauxs:periodᵇ?ᵈ?ʳ?⌉⌈ˢ」ᵖauxs:bracket_closeʳキゴウ⌉
あなたがいらっしゃるますところはどこでも付いていきたいのです。	kansaiben	neutral, kansaiben	⌈ˢあなたᵖpronʳアナタ⌉⌈ˢがᵖprt:case_particleʳガ⌉⌈ˢいらっしゃるᵖv:non_self_reliant:godan-ra:terminalʳイラッシャル⌉⌈ˢますᵖauxv:auxv-masu:attributiveʳマス⌉⌈ˢところᵖn:common_noun:adverb-possibleʳトコロ⌉⌈ˢはᵖprt:binding_particleʳハ⌉⌈ˢどこᵖpronʳドコ⌉⌈ˢでᵖprt:case_particleʳデ⌉⌈ˢもᵖprt:binding_particleʳモ⌉⌈ˢ付いᵖv:non_self_reliant:godan-ka:conjunctive-i-soundᵇ付くᵈ付くʳツイ⌉⌈ˢてᵖprt:conjunctive_particleʳテ⌉⌈ˢいきᵖv:non_self_reliant:godan-ka:conjunctiveᵇいくᵈいくʳイキ⌉⌈ˢたいᵖauxv:auxv-tai:attributiveʳタイ⌉⌈ˢのᵖprt:pre_noun_particleʳノ⌉⌈ˢですᵖauxv:auxv-desu:terminalʳデス⌉⌈ˢ。ᵖauxs:period⌉
あなたが７時で来るときには私は勉強をしているだろう。	netslang	kenjogo	⌈ˢあなたᵖpronʳアナタ⌉⌈ˢがᵖprt:case_particleʳガ⌉⌈ˢ７ᵖn:numeralᵇ7ᵈ7ʳナナ⌉⌈ˢ時ᵖn:common_noun:counter-possibleʳジ⌉⌈ˢでᵖprt:case_particleʳデ⌉⌈ˢ来るᵖv:non_self_reliant:ka-irregular:attributiveʳクル⌉⌈ˢときᵖn:common_noun:adverb-possibleʳトキ⌉⌈ˢにᵖprt:case_particleʳニ⌉⌈ˢはᵖprt:binding_particleʳハ⌉⌈ˢ私ᵖpronʳワタクシ⌉⌈ˢはᵖprt:binding_particleʳハ⌉⌈ˢ勉強ᵖn:common_noun:suru-possibleʳベンキョウ⌉⌈ˢをᵖprt:case_particleʳヲ⌉⌈ˢしᵖv:non_self_reliant:sa-irregular:conjunctiveᵇするᵈするʳシ⌉⌈ˢてᵖprt:conjunctive_particleʳテ⌉⌈ˢいるᵖv:non_self_reliant:i-ichidan-a:terminalʳイル⌉⌈ˢだろうᵖauxv:auxv-da:volitional-presumptiveᵇだᵈだʳダロウ⌉⌈ˢ。ᵖauxs:period⌉
あなたに考慮していただくためにこの計画を提出しますぞわ。	netslang	sonkeigo	⌈ˢあなたᵖpronʳアナタ⌉⌈ˢにᵖprt:case_particleʳニ⌉⌈ˢ考慮ᵖn:common_noun:suru-possibleʳコウリョ⌉⌈ˢしᵖv:non_self_reliant:sa-irregular:conjunctiveᵇするᵈするʳシ⌉⌈ˢてᵖprt:conjunctive_particleʳテ⌉⌈ˢいただくᵖv:non_self_reliant:godan-ka:attributiveʳイタダク⌉⌈ˢためᵖn:common_noun:adverb-possibleʳタメ⌉⌈ˢにᵖprt:case_particleʳニ⌉⌈ˢこのᵖatʳコノ⌉⌈ˢ計画ᵖn:common_noun:suru-possibleʳケイカク⌉⌈ˢをᵖprt:case_particleʳヲ⌉⌈ˢ提出ᵖn:common_noun:suru-possibleʳテイシュツ⌉⌈ˢしᵖv:non_self_reliant:sa-irregular:conjunctiveᵇするᵈするʳシ⌉⌈ˢますᵖauxv:auxv-masu:terminalʳマス⌉⌈ˢぞᵖprt:sentence_final_particleʳゾ⌉⌈ˢわᵖprt:sentence_final_particleʳワ⌉⌈ˢ。ᵖauxs:period⌉
あなたのケーキちょっと頂戴。私のも少しあげるはから。	netslang	sonkeigo	⌈ˢあなたᵖpronʳアナタ⌉⌈ˢのᵖprt:case_particleʳノ⌉⌈ˢケーキᵖn:common_noun⌉⌈ˢちょっとᵖadvʳチョット⌉⌈ˢ頂戴ᵖn:common_noun:suru-possibleʳチョウダイ⌉⌈ˢ。ᵖauxs:period⌉⌈ˢ私ᵖpronʳワタクシ⌉⌈ˢのᵖprt:case_particleʳノ⌉⌈ˢもᵖprt:binding_particleʳモ⌉⌈ˢ少しᵖadvʳスコシ⌉⌈ˢあげるᵖv:non_self_reliant:e-ichidan-ga:terminalʳアゲル⌉⌈ˢはᵖprt:binding_particleʳハ⌉⌈ˢからᵖprt:case_particleʳカラ⌉⌈ˢ。ᵖauxs:period⌉
あなたの叔母さんのくれた有難迷惑なあのプレゼントだけど、どうしたものかしらね。みっともなくてとても壁にはかけにられないし。	none	netslang	⌈ˢあなたᵖpronʳアナタ⌉⌈ˢのᵖprt:case_particleʳノ⌉⌈ˢ叔母ᵖn:common_nounʳオバ⌉⌈ˢさんᵖsuff:noun_likeʳサン⌉⌈ˢのᵖprt:case_particleʳノ⌉⌈ˢくれᵖv:non_self_reliant:e-ichidan-ra:conjunctiveᵇくれるᵈくれるʳクレ⌉⌈ˢたᵖauxv:auxv-ta:attributiveʳタ⌉⌈ˢ有難迷惑ᵖn:common_nounʳアリガタメイワク⌉⌈ˢなᵖauxv:auxv-da:attributiveᵇだᵈだʳナ⌉⌈ˢあのᵖatʳアノ⌉⌈ˢプレゼントᵖn:common_noun:suru-possible⌉⌈ˢだᵖauxv:auxv-da:terminalʳダ⌉⌈ˢけどᵖprt:conjunctive_particleʳケド⌉⌈ˢ、ᵖauxs:comma⌉⌈ˢどうᵖadvʳドウ⌉⌈ˢしᵖv:non_self_reliant:sa-irregular:conjunctiveᵇするᵈするʳシ⌉⌈ˢたᵖauxv:auxv-ta:attributiveʳタ⌉⌈ˢものᵖn:common_noun:suru-possibleʳモノ⌉⌈ˢかしらᵖprt:sentence_final_particleʳカシラ⌉⌈ˢねᵖprt:sentence_final_particleʳネ⌉⌈ˢ。ᵖauxs:period⌉⌈ˢみっともなくᵖadj:general:adjective:conjunctiveᵇみっともないᵈみっともないʳミットモナク⌉⌈ˢてᵖprt:conjunctive_particleʳテ⌉⌈ˢとてもᵖadvʳトテモ⌉⌈ˢ壁ᵖn:common_nounʳカベ⌉⌈ˢにᵖprt:case_particleʳニ⌉⌈ˢはᵖprt:binding_particleʳハ⌉⌈ˢかけᵖv:non_self_reliant:e-ichidan-ka:conjunctiveᵇかけるᵈかけるʳカケ⌉⌈ˢにᵖauxv:auxv-nu-classical:conjunctiveᵇぬᵈぬʳニ⌉⌈ˢられᵖauxv:auxv-reru:imperfectiveᵇられるᵈられるʳラレ⌉⌈ˢないᵖauxv:auxv-nai:terminalʳナイ⌉⌈ˢしᵖprt:conjunctive_particleʳシ⌉⌈ˢ。ᵖauxs:period⌉
あなたはその質問に答える必要があるだ。	netslang	hakataben	⌈ˢあなたᵖpronʳアナタ⌉⌈ˢはᵖprt:binding_particleʳハ⌉⌈ˢそのᵖatʳソノ⌉⌈ˢ質問ᵖn:common_noun:suru-possibleʳシツモン⌉⌈ˢにᵖprt:case_particleʳニ⌉⌈ˢ答えるᵖv:general:e-ichidan-a:attributiveʳコタエル⌉⌈ˢ必要ᵖn:common_noun:pos2-unk1ʳヒツヨウ⌉⌈ˢがᵖprt:case_particleʳガ⌉⌈ˢあるᵖv:non_self_reliant:godan-ra:terminalʳアル⌉⌈ˢだᵖauxv:auxv-da:terminalʳダ⌉⌈ˢ。ᵖauxs:period⌉
あなたはその質問に答える必要があるは。	netslang	hakataben	⌈ˢあなたᵖpronʳアナタ⌉⌈ˢはᵖprt:binding_particleʳハ⌉⌈ˢそのᵖatʳソノ⌉⌈ˢ質問ᵖn:common_noun:suru-possibleʳシツモン⌉⌈ˢにᵖprt:case_particleʳニ⌉⌈ˢ答えるᵖv:general:e-ichidan-a:attributiveʳコタエル⌉⌈ˢ必要ᵖn:common_noun:pos2-unk1ʳヒツヨウ⌉⌈ˢがᵖprt:case_particleʳガ⌉⌈ˢあるᵖv:non_self_reliant:godan-ra:terminalʳアル⌉⌈ˢはᵖprt:binding_particleʳハ⌉⌈ˢ。ᵖauxs:period⌉
あなたは先生のおっしゃることををもっとよく注意して聞くべきだ。	neutral	neutral, hakataben	⌈ˢあなたᵖpronʳアナタ⌉⌈ˢはᵖprt:binding_particleʳハ⌉⌈ˢ先生ᵖn:common_nounʳセンセイ⌉⌈ˢのᵖprt:case_particleʳノ⌉⌈ˢおっしゃるᵖv:general:godan-ra:attributiveʳオッシャル⌉⌈ˢことᵖn:common_nounʳコト⌉⌈ˢをᵖprt:case_particleʳヲ⌉⌈ˢをᵖprt:case_particleʳヲ⌉⌈ˢもっとᵖadvʳモット⌉⌈ˢよくᵖadvʳヨク⌉⌈ˢ注意ᵖn:common_noun:suru-possibleʳチュウイ⌉⌈ˢしᵖv:non_self_reliant:sa-irregular:conjunctiveᵇするᵈするʳシ⌉⌈ˢてᵖprt:conjunctive_particleʳテ⌉⌈ˢ聞くᵖv:general:godan-ka:terminalʳキク⌉⌈ˢべきᵖauxv:auxv-beshi:attributiveᵇべしᵈべしʳベキ⌉⌈ˢだᵖauxv:auxv-da:terminalʳダ⌉⌈ˢ。ᵖauxs:period⌉
ある教授は、たとえアレックスが言葉を使っているはとしても、それを言語と呼ぶのは間違いだといっている。	netslang	hakataben	⌈ˢあるᵖatʳアル⌉⌈ˢ教授ᵖn:common_noun:suru-possibleʳキョウジュ⌉⌈ˢはᵖprt:binding_particleʳハ⌉⌈ˢ、ᵖauxs:comma⌉⌈ˢたとえᵖadvʳタトエ⌉⌈ˢアレックスᵖn:proper_noun:person-name⌉⌈ˢがᵖprt:case_particleʳガ⌉⌈ˢ言葉ᵖn:common_nounʳコトバ⌉⌈ˢをᵖprt:case_particleʳヲ⌉⌈ˢ使っᵖv:general:godan-waa:conjunctive-geminateᵇ使うᵈ使うʳツカッ⌉⌈ˢてᵖprt:conjunctive_particleʳテ⌉⌈ˢいるᵖv:non_self_reliant:i-ichidan-a:attributiveʳイル⌉⌈ˢはとᵖn:common_nounʳハト⌉⌈ˢしᵖv:non_self_reliant:sa-irregular:conjunctiveᵇするᵈするʳシ⌉⌈ˢてᵖprt:conjunctive_particleʳテ⌉⌈ˢもᵖprt:binding_particleʳモ⌉⌈ˢ、ᵖauxs:comma⌉⌈ˢそれᵖpronʳソレ⌉⌈ˢをᵖprt:case_particleʳヲ⌉⌈ˢ言語ᵖn:common_nounʳゲンゴ⌉⌈ˢとᵖprt:case_particleʳト⌉⌈ˢ呼ぶᵖv:general:godan-ba:attributiveʳヨブ⌉⌈ˢのᵖprt:pre_noun_particleʳノ⌉⌈ˢはᵖprt:binding_particleʳハ⌉⌈ˢ間違いᵖn:common_nounʳマチガイ⌉⌈ˢだᵖauxv:auxv-da:terminalʳダ⌉⌈ˢとᵖprt:case_particleʳト⌉⌈ˢいっᵖv:general:godan-waa:conjunctive-geminateᵇいうᵈいうʳイッ⌉⌈ˢてᵖprt:conjunctive_particleʳテ⌉⌈ˢいるᵖv:non_self_reliant:i-ichidan-a:terminalʳイル⌉⌈ˢ。ᵖauxs:period⌉
いつあなたはお帰りになるのか教えでください。	netslang	neutral	⌈ˢいつᵖpronʳイツ⌉⌈ˢあなたᵖpronʳアナタ⌉⌈ˢはᵖprt:binding_particleʳハ⌉⌈ˢおᵖprefʳオ⌉⌈ˢ帰りᵖn:common_nounʳカエリ⌉⌈ˢにᵖprt:case_particleʳニ⌉⌈ˢなるᵖv:non_self_reliant:godan-ra:attributiveʳナル⌉⌈ˢのᵖprt:pre_noun_particleʳノ⌉⌈ˢかᵖprt:adverbial_particleʳカ⌉⌈ˢ教えᵖn:common_nounʳオシエ⌉⌈ˢでᵖprt:case_particleʳデ⌉⌈ˢくださいᵖv:non_self_reliant:godan-ra:imperativeᵇくださるᵈくださるʳクダサイ⌉⌈ˢ。ᵖauxs:period⌉
お父さんは料理コンテストに出て優勝したのよ。	netslang	hakataben, kyoshigo	⌈ˢお父さんᵖn:common_nounʳオトウサン⌉⌈ˢはᵖprt:binding_particleʳハ⌉⌈ˢ料理ᵖn:common_noun:suru-possibleʳリョウリ⌉⌈ˢコンテストᵖn:common_noun⌉⌈ˢにᵖprt:case_particleʳニ⌉⌈ˢ出ᵖv:general:e-ichidan-da:conjunctiveᵇ出るᵈ出るʳデ⌉⌈ˢてᵖprt:conjunctive_particleʳテ⌉⌈ˢ優勝ᵖn:common_noun:suru-possibleʳユウショウ⌉⌈ˢしᵖv:non_self_reliant:sa-irregular:conjunctiveᵇするᵈするʳシ⌉⌈ˢたᵖauxv:auxv-ta:attributiveʳタ⌉⌈ˢのᵖprt:pre_noun_particleʳノ⌉⌈ˢよᵖprt:sentence_final_particleʳヨ⌉⌈ˢ。ᵖauxs:period⌉
お目にかかるのに時間はありませんぜわ。	none	sonkeigo	⌈ˢおᵖprefʳオ⌉⌈ˢ目ᵖn:common_nounʳメ⌉⌈ˢにᵖprt:case_particleʳニ⌉⌈ˢかかるᵖv:non_self_reliant:godan-ra:attributiveʳカカル⌉⌈ˢのᵖprt:pre_noun_particleʳノ⌉⌈ˢにᵖprt:case_particleʳニ⌉⌈ˢ時間ᵖn:common_noun:counter-possibleʳジカン⌉⌈ˢはᵖprt:binding_particleʳハ⌉⌈ˢありᵖv:non_self_reliant:godan-ra:conjunctiveᵇあるᵈあるʳアリ⌉⌈ˢませᵖauxv:auxv-masu:imperfectiveᵇますᵈますʳマセ⌉⌈ˢんᵖauxv:auxv-nu:terminal-nasalᵇぬᵈぬʳン⌉⌈ˢぜᵖprt:sentence_final_particleʳゼ⌉⌈ˢわᵖprt:sentence_final_particleʳワ⌉⌈ˢ。ᵖauxs:period⌉
お目にかかれてとてもうれしいだです。	netslang	sonkeigo	⌈ˢおᵖprefʳオ⌉⌈ˢ目ᵖn:common_nounʳメ⌉⌈ˢにᵖprt:case_particleʳニ⌉⌈ˢかかれᵖv:non_self_reliant:e-ichidan-ra:conjunctiveᵇかかれるᵈかかれるʳカカレ⌉⌈ˢてᵖprt:conjunctive_particleʳテ⌉⌈ˢとてもᵖadvʳトテモ⌉⌈ˢうれしいᵖadj:general:adjective:terminalʳウレシイ⌉⌈ˢだᵖauxv:auxv-da:terminalʳダ⌉⌈ˢですᵖauxv:auxv-desu:terminalʳデス⌉⌈ˢ。ᵖauxs:period⌉
お目にかかれて幸いだです。	netslang	sonkeigo	⌈ˢおᵖprefʳオ⌉⌈ˢ目ᵖn:common_nounʳメ⌉⌈ˢにᵖprt:case_particleʳニ⌉⌈ˢかかれᵖv:non_self_reliant:e-ichidan-ra:conjunctiveᵇかかれるᵈかかれるʳカカレ⌉⌈ˢてᵖprt:conjunctive_particleʳテ⌉⌈ˢ幸いᵖn:common_noun:pos2-unk2ʳサイワイ⌉⌈ˢだᵖauxv:auxv-da:terminalʳダ⌉⌈ˢですᵖauxv:auxv-desu:terminalʳデス⌉⌈ˢ。ᵖauxs:period⌉
お若いかたがあなたにお会いしるたいそうです。	netslang	neutral	⌈ˢおᵖprefʳオ⌉⌈ˢ若いᵖadj:general:adjective:attributiveʳワカイ⌉⌈ˢかたᵖn:common_nounʳカタ⌉⌈ˢがᵖprt:case_particleʳガ⌉⌈ˢあなたᵖpronʳアナタ⌉⌈ˢにᵖprt:case_particleʳニ⌉⌈ˢおᵖprefʳオ⌉⌈ˢ会いᵖv:general:godan-waa:conjunctiveᵇ会うᵈ会うʳアイ⌉⌈ˢしるᵖn:common_nounʳシル⌉⌈ˢたいそうᵖshp:generalʳタイソウ⌉⌈ˢですᵖauxv:auxv-desu:terminalʳデス⌉⌈ˢ。ᵖauxs:period⌉
お飲み物はどういたすか。	netslang	sonkeigo	⌈ˢおᵖprefʳオ⌉⌈ˢ飲み物ᵖn:common_nounʳノミモノ⌉⌈ˢはᵖprt:binding_particleʳハ⌉⌈ˢどうᵖadvʳドウ⌉⌈ˢいたすᵖv:non_self_reliant:godan-sa:terminalʳイタス⌉⌈ˢかᵖprt:sentence_final_particleʳカ⌉⌈ˢ。ᵖauxs:period⌉
かつてはあんなに輝いてたのに、老いらくの恋で若い愛人にガッポリ持ってかれるなんて、彼も晩節を汚したもんだなぜわ。	neutral	netslang	⌈ˢかつてᵖadvʳカツテ⌉⌈ˢはᵖprt:binding_particleʳハ⌉⌈ˢあんなᵖshp:generalʳアンナ⌉⌈ˢにᵖauxv:auxv-da:conjunctive-niᵇだᵈだʳニ⌉⌈ˢ輝いᵖv:general:godan-ka:conjunctive-i-soundᵇ輝くᵈ輝くʳカガヤイ⌉⌈ˢてᵖauxv:e-ichidan-ta:conjunctiveᵇてるᵈてるʳテ⌉⌈ˢたᵖauxv:auxv-ta:attributiveʳタ⌉⌈ˢのᵖprt:pre_noun_particleʳノ⌉⌈ˢにᵖprt:case_particleʳニ⌉⌈ˢ、ᵖauxs:comma⌉⌈ˢ老いらくᵖn:common_nounʳオイラク⌉⌈ˢのᵖprt:case_particleʳノ⌉⌈ˢ恋ᵖn:common_noun:suru-possibleʳコイ⌉⌈ˢでᵖauxv:auxv-da:conjunctiveᵇだᵈだʳデ⌉⌈ˢ若いᵖadj:general:adjective:attributiveʳワカイ⌉⌈ˢ愛人ᵖn:common_nounʳアイジン⌉⌈ˢにᵖprt:case_particleʳニ⌉⌈ˢガッポリᵖadv⌉⌈ˢ持っᵖv:general:godan-ta:conjunctive-geminateᵇ持つᵈ持つʳモッ⌉⌈ˢてかᵖauxv:godan-ka:imperfectiveᵇてくᵈてくʳテカ⌉⌈ˢれるᵖauxv:auxv-reru:terminalʳレル⌉⌈ˢなんてᵖprt:adverbial_particleʳナンテ⌉⌈ˢ、ᵖauxs:comma⌉⌈ˢ彼ᵖpronʳカレ⌉⌈ˢもᵖprt:binding_particleʳモ⌉⌈ˢ晩節ᵖn:common_nounʳバンセツ⌉⌈ˢをᵖprt:case_particleʳヲ⌉⌈ˢ汚しᵖv:general:godan-sa:conjunctiveᵇ汚すᵈ汚すʳヨゴシ⌉⌈ˢたᵖauxv:auxv-ta:attributiveʳタ⌉⌈ˢもんᵖn:common_nounʳモン⌉⌈ˢだᵖauxv:auxv-da:terminalʳダ⌉⌈ˢなᵖprt:sentence_final_particleʳナ⌉⌈ˢぜᵖprt:sentence_final_particleʳゼ⌉⌈ˢわᵖprt:sentence_final_particleʳワ⌉⌈ˢ。ᵖauxs:period⌉
けれども私たちがどういう挑戦に直面しているのか、私はいつも必ずみなさんに正直に話します。私は必ず、皆さんの声に耳を傾けます。意見が食い違うをときは、特にじっくりと。そして何よりも私は皆さんに、この国の再建に参加するようお願いします。国を建て直すとき、アメリカでは過去221年間、いつも必ず同じようにやってきた。ささくれたタコだらけの手で、ブロックを一枚一枚積み上げ、レンガを一枚一枚積み上げてきたのです。	kansaiben	kenjogo, kansaiben	⌈ˢけれどᵖconjʳケレド⌉⌈ˢもᵖprt:binding_particleʳモ⌉⌈ˢ私たちᵖpronʳワタシタチ⌉⌈ˢがᵖprt:case_particleʳガ⌉⌈ˢどういうᵖatʳドウイウ⌉⌈ˢ挑戦ᵖn:common_noun:suru-possibleʳチョウセン⌉⌈ˢにᵖprt:case_particleʳニ⌉⌈ˢ直面ᵖn:common_noun:suru-possibleʳチョクメン⌉⌈ˢしᵖv:non_self_reliant:sa-irregular:conjunctiveᵇするᵈするʳシ⌉⌈ˢてᵖprt:conjunctive_particleʳテ⌉⌈ˢいるᵖv:non_self_reliant:i-ichidan-a:attributiveʳイル⌉⌈ˢのᵖprt:pre_noun_particleʳノ⌉⌈ˢかᵖprt:sentence_final_particleʳカ⌉⌈ˢ、ᵖauxs:comma⌉⌈ˢ私ᵖpronʳワタクシ⌉⌈ˢはᵖprt:binding_particleʳハ⌉⌈ˢいつもᵖn:common_noun:adverb-possibleʳイツモ⌉⌈ˢ必ずᵖadvʳカナラズ⌉⌈ˢみなᵖn:common_noun:adverb-possibleʳミナ⌉⌈ˢさんᵖsuff:noun_likeʳサン⌉⌈ˢにᵖprt:case_particleʳニ⌉⌈ˢ正直ᵖn:common_noun:pos2-unk1ʳショウジキ⌉⌈ˢにᵖauxv:auxv-da:conjunctive-niᵇだᵈだʳニ⌉⌈ˢ話しᵖv:general:godan-sa:conjunctiveᵇ話すᵈ話すʳハナシ⌉⌈ˢますᵖauxv:auxv-masu:terminalʳマス⌉⌈ˢ。ᵖauxs:period⌉⌈ˢ私ᵖpronʳワタクシ⌉⌈ˢはᵖprt:binding_particleʳハ⌉⌈ˢ必ずᵖadvʳカナラズ⌉⌈ˢ、ᵖauxs:comma⌉⌈ˢ皆ᵖn:common_noun:adverb-possibleʳミナ⌉⌈ˢさんᵖsuff:noun_likeʳサン⌉⌈ˢのᵖprt:case_particleʳノ⌉⌈ˢ声ᵖn:common_nounʳコエ⌉⌈ˢにᵖprt:case_particleʳニ⌉⌈ˢ耳ᵖn:common_nounʳミミ⌉⌈ˢをᵖprt:case_particleʳヲ⌉⌈ˢ傾けᵖv:general:e-ichidan-ka:conjunctiveᵇ傾けるᵈ傾けるʳカタムケ⌉⌈ˢますᵖauxv:auxv-masu:terminalʳマス⌉⌈ˢ。ᵖauxs:period⌉⌈ˢ意見ᵖn:common_noun:suru-possibleʳイケン⌉⌈ˢがᵖprt:case_particleʳガ⌉⌈ˢ食い違うᵖv:general:godan-waa:terminalʳクイチガウ⌉⌈ˢをᵖprt:case_particleʳヲ⌉⌈ˢときᵖn:common_noun:adverb-possibleʳトキ⌉⌈ˢはᵖprt:binding_particleʳハ⌉⌈ˢ、ᵖauxs:comma⌉⌈ˢ特にᵖadvʳトクニ⌉⌈ˢじっくりᵖadvʳジックリ⌉⌈ˢとᵖprt:case_particleʳト⌉⌈ˢ。ᵖauxs:period⌉⌈ˢそしてᵖconjʳソシテ⌉⌈ˢ何ᵖpronʳナン⌉⌈ˢよりᵖprt:case_particleʳヨリ⌉⌈ˢもᵖprt:binding_particleʳモ⌉⌈ˢ私ᵖpronʳワタクシ⌉⌈ˢはᵖprt:binding_particleʳハ⌉⌈ˢ皆ᵖn:common_noun:adverb-possibleʳミナ⌉⌈ˢさんᵖsuff:noun_likeʳサン⌉⌈ˢにᵖprt:case_particleʳニ⌉⌈ˢ、ᵖauxs:comma⌉⌈ˢこのᵖatʳコノ⌉⌈ˢ国ᵖn:common_nounʳクニ⌉⌈ˢのᵖprt:case_particleʳノ⌉⌈ˢ再建ᵖn:common_noun:suru-possibleʳサイケン⌉⌈ˢにᵖprt:case_particleʳニ⌉⌈ˢ参加ᵖn:common_noun:suru-possibleʳサンカ⌉⌈ˢするᵖv:non_self_reliant:sa-irregular:attributiveʳスル⌉⌈ˢようᵖshp:auxiliary_verb_stemʳヨウ⌉⌈ˢおᵖprefʳオ⌉⌈ˢ願いᵖv:non_self_reliant:godan-waa:conjunctiveᵇ願うᵈ願うʳネガイ⌉⌈ˢしᵖv:non_self_reliant:sa-irregular:conjunctiveᵇするᵈするʳシ⌉⌈ˢますᵖauxv:auxv-masu:terminalʳマス⌉⌈ˢ。ᵖauxs:period⌉⌈ˢ国ᵖn:common_nounʳクニ⌉⌈ˢをᵖprt:case_particleʳヲ⌉⌈ˢ建て直すᵖv:general:godan-sa:attributiveʳタテナオス⌉⌈ˢときᵖn:common_noun:adverb-possibleʳトキ⌉⌈ˢ、ᵖauxs:comma⌉⌈ˢアメリカᵖn:proper_noun:place-name⌉⌈ˢでᵖprt:case_particleʳデ⌉⌈ˢはᵖprt:binding_particleʳハ⌉⌈ˢ過去ᵖn:common_noun:adverb-possibleʳカコ⌉⌈ˢ221ᵖn:numeralʳニニイチ⌉⌈ˢ年間ᵖn:common_noun:counter-possibleʳネンカン⌉⌈ˢ、ᵖauxs:comma⌉⌈ˢいつもᵖn:common_noun:adverb-possibleʳイツモ⌉⌈ˢ必ずᵖadvʳカナラズ⌉⌈ˢ同じᵖatʳオナジ⌉⌈ˢようᵖshp:auxiliary_verb_stemʳヨウ⌉⌈ˢにᵖauxv:auxv-da:conjunctive-niᵇだᵈだʳニ⌉⌈ˢやっᵖv:non_self_reliant:godan-ra:conjunctive-geminateᵇやるᵈやるʳヤッ⌉⌈ˢてᵖprt:conjunctive_particleʳテ⌉⌈ˢきᵖv:non_self_reliant:ka-irregular:conjunctiveᵇくるᵈくるʳキ⌉⌈ˢたᵖauxv:auxv-ta:terminalʳタ⌉⌈ˢ。ᵖauxs:period⌉⌈ˢささくれᵖv:general:e-ichidan-ra:conjunctiveᵇささくれるᵈささくれるʳササクレ⌉⌈ˢたᵖauxv:auxv-ta:attributiveʳタ⌉⌈ˢタコᵖn:common_noun⌉⌈ˢだらけᵖsuff:shape_word_likeʳダラケ⌉⌈ˢのᵖprt:case_particleʳノ⌉⌈ˢ手ᵖn:common_noun:counter-possibleʳテ⌉⌈ˢでᵖprt:case_particleʳデ⌉⌈ˢ、ᵖauxs:comma⌉⌈ˢブロックᵖn:common_noun:suru-possible⌉⌈ˢをᵖprt:case_particleʳヲ⌉⌈ˢ一ᵖn:numeralʳイチ⌉⌈ˢ枚ᵖsuff:noun_like:counterʳマイ⌉⌈ˢ一ᵖn:numeralʳイチ⌉⌈ˢ枚ᵖsuff:noun_like:counterʳマイ⌉⌈ˢ積み上げᵖv:general:e-ichidan-ga:conjunctiveᵇ積み上げるᵈ積み上げるʳツミアゲ⌉⌈ˢ、ᵖauxs:comma⌉⌈ˢレンガᵖn:common_noun⌉⌈ˢをᵖprt:case_particleʳヲ⌉⌈ˢ一ᵖn:numeralʳイチ⌉⌈ˢ枚ᵖsuff:noun_like:counterʳマイ⌉⌈ˢ一ᵖn:numeralʳイチ⌉⌈ˢ枚ᵖsuff:noun_like:counterʳマイ⌉⌈ˢ積み上げᵖv:general:e-ichidan-ga:conjunctiveᵇ積み上げるᵈ積み上げるʳツミアゲ⌉⌈ˢてᵖprt:conjunctive_particleʳテ⌉⌈ˢきᵖv:non_self_reliant:ka-irregular:conjunctiveᵇくるᵈくるʳキ⌉⌈ˢたᵖauxv:auxv-ta:attributiveʳタ⌉⌈ˢのᵖprt:pre_noun_particleʳノ⌉⌈ˢですᵖauxv:auxv-desu:terminalʳデス⌉⌈ˢ。ᵖauxs:period⌉
こう申し上げるのは心苦しいのですが、2月27日のお約束には行かれそうにありません。	neutral	neutral, sonkeigo	⌈ˢこうᵖadvʳコウ⌉⌈ˢ申し上げるᵖv:general:e-ichidan-ga:attributiveʳモウシアゲル⌉⌈ˢのᵖprt:pre_noun_particleʳノ⌉⌈ˢはᵖprt:binding_particleʳハ⌉⌈ˢ心苦しいᵖadj:general:adjective:attributiveʳココログルシイ⌉⌈ˢのᵖprt:pre_noun_particleʳノ⌉⌈ˢですᵖauxv:auxv-desu:terminalʳデス⌉⌈ˢがᵖprt:conjunctive_particleʳガ⌉⌈ˢ、ᵖauxs:comma⌉⌈ˢ2ᵖn:numeralʳニ⌉⌈ˢ月ᵖn:common_noun:counter-possibleʳガツ⌉⌈ˢ27ᵖn:numeralʳニナナ⌉⌈ˢ日ᵖsuff:noun_like:counterʳカ⌉⌈ˢのᵖprt:case_particleʳノ⌉⌈ˢおᵖprefʳオ⌉⌈ˢ約束ᵖn:common_noun:suru-possibleʳヤクソク⌉⌈ˢにᵖprt:case_particleʳニ⌉⌈ˢはᵖprt:binding_particleʳハ⌉⌈ˢ行かᵖv:non_self_reliant:godan-ka:imperfectiveᵇ行くᵈ行くʳイカ⌉⌈ˢれᵖauxv:auxv-reru:conjunctiveᵇれるᵈれるʳレ⌉⌈ˢそうᵖshp:auxiliary_verb_stemʳソウ⌉⌈ˢにᵖauxv:auxv-da:conjunctive-niᵇだᵈだʳニ⌉⌈ˢありᵖv:non_self_reliant:godan-ra:conjunctiveᵇあるᵈあるʳアリ⌉⌈ˢませᵖauxv:auxv-masu:imperfectiveᵇますᵈますʳマセ⌉⌈ˢんᵖauxv:auxv-nu:terminal-nasalᵇぬᵈぬʳン⌉⌈ˢ。ᵖauxs:period⌉
こちらでお手伝いさせていただく所存でございます。	netslang	sonkeigo	⌈ˢこちらᵖpronʳコチラ⌉⌈ˢでᵖprt:case_particleʳデ⌉⌈ˢおᵖprefʳオ⌉⌈ˢ手伝いᵖn:common_nounʳテツダイ⌉⌈ˢさᵖv:non_self_reliant:sa-irregular:imperfective-saᵇするᵈするʳサ⌉⌈ˢせᵖauxv:e-ichidan-sa:conjunctiveᵇせるᵈせるʳセ⌉⌈ˢてᵖprt:conjunctive_particleʳテ⌉⌈ˢいただくᵖv:non_self_reliant:godan-ka:attributiveʳイタダク⌉⌈ˢ所存ᵖn:common_nounʳショゾン⌉⌈ˢでᵖauxv:auxv-da:conjunctiveᵇだᵈだʳデ⌉⌈ˢございᵖv:non_self_reliant:godan-ra:conjunctive-i-soundᵇござるᵈござるʳゴザイ⌉⌈ˢますᵖauxv:auxv-masu:terminalʳマス⌉⌈ˢ。ᵖauxs:period⌉
このお金をどうしようとなさるのですのだか。	netslang	neutral	⌈ˢこのᵖatʳコノ⌉⌈ˢお金ᵖn:common_nounʳオカネ⌉⌈ˢをᵖprt:case_particleʳヲ⌉⌈ˢどうᵖadvʳドウ⌉⌈ˢしようᵖv:non_self_reliant:sa-irregular:volitional-presumptiveᵇするᵈするʳシヨウ⌉⌈ˢとᵖprt:case_particleʳト⌉⌈ˢなさるᵖv:non_self_reliant:godan-ra:attributiveʳナサル⌉⌈ˢのᵖprt:pre_noun_particleʳノ⌉⌈ˢですᵖauxv:auxv-desu:attributiveʳデス⌉⌈ˢのᵖprt:pre_noun_particleʳノ⌉⌈ˢだᵖauxv:auxv-da:terminalʳダ⌉⌈ˢかᵖprt:sentence_final_particleʳカ⌉⌈ˢ。ᵖauxs:period⌉
このテストにには落とし穴がある。	netslang	hakataben	⌈ˢこのᵖatʳコノ⌉⌈ˢテストᵖn:common_noun:suru-possible⌉⌈ˢにᵖprt:case_particleʳニ⌉⌈ˢにᵖprt:case_particleʳニ⌉⌈ˢはᵖprt:binding_particleʳハ⌉⌈ˢ落とし穴ᵖn:common_nounʳオトシアナ⌉⌈ˢがᵖprt:case_particleʳガ⌉⌈ˢあるᵖv:non_self_reliant:godan-ra:terminalʳアル⌉⌈ˢ。ᵖauxs:period⌉
この宿題はだいぶ時間がかかるだろう。	hakataben, netslang	hakataben	⌈ˢこのᵖatʳコノ⌉⌈ˢ宿題ᵖn:common_nounʳシュクダイ⌉⌈ˢはᵖprt:binding_particleʳハ⌉⌈ˢだいぶᵖadvʳダイブ⌉⌈ˢ時間ᵖn:common_noun:counter-possibleʳジカン⌉⌈ˢがᵖprt:case_particleʳガ⌉⌈ˢかかるᵖv:non_self_reliant:godan-ra:terminalʳカカル⌉⌈ˢだろうᵖauxv:auxv-da:volitional-presumptiveᵇだᵈだʳダロウ⌉⌈ˢ。ᵖauxs:period⌉
この本は、現代日本語の文法をできるだけわかりやすく、体系的に説明しようとする本ですぜ。	netslang	hakataben	⌈ˢこのᵖatʳコノ⌉⌈ˢ本ᵖn:common_nounʳホン⌉⌈ˢはᵖprt:binding_particleʳハ⌉⌈ˢ、ᵖauxs:comma⌉⌈ˢ現代ᵖn:common_noun:adverb-possibleʳゲンダイ⌉⌈ˢ日本語ᵖn:common_nounʳニホンゴ⌉⌈ˢのᵖprt:case_particleʳノ⌉⌈ˢ文法ᵖn:common_nounʳブンポウ⌉⌈ˢをᵖprt:case_particleʳヲ⌉⌈ˢできるだけᵖadvʳデキルダケ⌉⌈ˢわかりᵖv:general:godan-ra:conjunctiveᵇわかるᵈわかるʳワカリ⌉⌈ˢやすくᵖsuff:adjectival:adjective:conjunctiveᵇやすいᵈやすいʳヤスク⌉⌈ˢ、ᵖauxs:comma⌉⌈ˢ体系的ᵖn:common_noun:pos2-unk1ʳタイケイテキ⌉⌈ˢにᵖauxv:auxv-da:conjunctive-niᵇだᵈだʳニ⌉⌈ˢ説明ᵖn:common_noun:suru-possibleʳセツメイ⌉⌈ˢしようᵖv:non_self_reliant:sa-irregular:volitional-presumptiveᵇするᵈするʳシヨウ⌉⌈ˢとᵖprt:case_particleʳト⌉⌈ˢするᵖv:non_self_reliant:sa-irregular:attributiveʳスル⌉⌈ˢ本ᵖn:common_nounʳホン⌉⌈ˢですᵖauxv:auxv-desu:terminalʳデス⌉⌈ˢぜᵖprt:sentence_final_particleʳゼ⌉⌈ˢ。ᵖauxs:period⌉
この椅子を修理してもらうのにおいくらぐらいかかるのでしょうか。	none	netslang	⌈ˢこのᵖatʳコノ⌉⌈ˢ椅子ᵖn:common_nounʳイス⌉⌈ˢをᵖprt:case_particleʳヲ⌉⌈ˢ修理ᵖn:common_noun:suru-possibleʳシュウリ⌉⌈ˢしᵖv:non_self_reliant:sa-irregular:conjunctiveᵇするᵈするʳシ⌉⌈ˢてᵖprt:conjunctive_particleʳテ⌉⌈ˢもらうᵖv:non_self_reliant:godan-waa:attributiveʳモラウ⌉⌈ˢのᵖprt:pre_noun_particleʳノ⌉⌈ˢにᵖprt:case_particleʳニ⌉⌈ˢおᵖprefʳオ⌉⌈ˢいくらᵖn:common_noun:adverb-possibleʳイクラ⌉⌈ˢぐらいᵖprt:adverbial_particleʳグライ⌉⌈ˢかかるᵖv:non_self_reliant:godan-ra:attributiveʳカカル⌉⌈ˢのᵖprt:pre_noun_particleʳノ⌉⌈ˢでしょうᵖauxv:auxv-desu:volitional-presumptiveᵇですᵈですʳデショウ⌉⌈ˢかᵖprt:sentence_final_particleʳカ⌉⌈ˢ。ᵖauxs:period⌉
この評論を優勝作品に選んだ基準は何ですか。	netslang	kyoshigo	⌈ˢこのᵖatʳコノ⌉⌈ˢ評論ᵖn:common_noun:suru-possibleʳヒョウロン⌉⌈ˢをᵖprt:case_particleʳヲ⌉⌈ˢ優勝ᵖn:common_noun:suru-possibleʳユウショウ⌉⌈ˢ作品ᵖn:common_nounʳサクヒン⌉⌈ˢにᵖprt:case_particleʳニ⌉⌈ˢ選んᵖv:general:godan-ba:conjunctive-nasalᵇ選ぶᵈ選ぶʳエラン⌉⌈ˢだᵖauxv:auxv-ta:attributiveʳダ⌉⌈ˢ基準ᵖn:common_nounʳキジュン⌉⌈ˢはᵖprt:binding_particleʳハ⌉⌈ˢ何ᵖpronʳナン⌉⌈ˢですᵖauxv:auxv-desu:terminalʳデス⌉⌈ˢかᵖprt:sentence_final_particleʳカ⌉⌈ˢ。ᵖauxs:period⌉
この試合はいただきだ。	sonkeigo, netslang	netslang	⌈ˢこのᵖatʳコノ⌉⌈ˢ試合ᵖn:common_noun:suru-possibleʳシアイ⌉⌈ˢはᵖprt:binding_particleʳハ⌉⌈ˢいただきᵖv:non_self_reliant:godan-ka:conjunctiveᵇいただくᵈいただくʳイタダキ⌉⌈ˢだᵖauxv:auxv-da:terminalʳダ⌉⌈ˢ。ᵖauxs:period⌉
こんなこと、お安いなご用ですよ。	netslang	neutral	⌈ˢこんなᵖatʳコンナ⌉⌈ˢことᵖn:common_nounʳコト⌉⌈ˢ、ᵖauxs:comma⌉⌈ˢおᵖprefʳオ⌉⌈ˢ安いᵖadj:general:adjective:terminalʳヤスイ⌉⌈ˢなᵖprt:sentence_final_particleʳナ⌉⌈ˢご用ᵖn:common_nounʳゴヨウ⌉⌈ˢですᵖauxv:auxv-desu:terminalʳデス⌉⌈ˢよᵖprt:sentence_final_particleʳヨ⌉⌈ˢ。ᵖauxs:period⌉
ご自由に果物をお取りを下さい。	netslang	neutral	⌈ˢごᵖprefʳゴ⌉⌈ˢ自由ᵖn:common_noun:pos2-unk1ʳジユウ⌉⌈ˢにᵖauxv:auxv-da:conjunctive-niᵇだᵈだʳニ⌉⌈ˢ果物ᵖn:common_nounʳクダモノ⌉⌈ˢをᵖprt:case_particleʳヲ⌉⌈ˢおᵖprefʳオ⌉⌈ˢ取りᵖn:common_nounʳトリ⌉⌈ˢをᵖprt:case_particleʳヲ⌉⌈ˢ下さいᵖv:non_self_reliant:godan-ra:imperativeᵇ下さるᵈ下さるʳクダサイ⌉⌈ˢ。ᵖauxs:period⌉
しかし、面倒な乗り換えをしなくてすむをＪＲの成田エクスプレス（空港から３０分から６０分おきに出発します）をお使いになることをおすすめします。	netslang	neutral	⌈ˢしかしᵖconjʳシカシ⌉⌈ˢ、ᵖauxs:comma⌉⌈ˢ面倒ᵖn:common_noun:pos2-unk1ʳメンドウ⌉⌈ˢなᵖauxv:auxv-da:attributiveᵇだᵈだʳナ⌉⌈ˢ乗り換えᵖn:common_nounʳノリカエ⌉⌈ˢをᵖprt:case_particleʳヲ⌉⌈ˢしᵖv:non_self_reliant:sa-irregular:imperfectiveᵇするᵈするʳシ⌉⌈ˢなくᵖauxv:auxv-nai:conjunctiveᵇないᵈないʳナク⌉⌈ˢてᵖprt:conjunctive_particleʳテ⌉⌈ˢすむᵖv:general:godan-ma:terminalʳスム⌉⌈ˢをᵖprt:case_particleʳヲ⌉⌈ˢＪＲᵖn:proper_nounᵇJRᵈJRʳジェイアール⌉⌈ˢのᵖprt:case_particleʳノ⌉⌈ˢ成田エクスプレスᵖn:proper_nounʳナリタエクスプレス⌉⌈ˢ（ᵖauxs:bracket_openᵇ(ᵈ(ʳキゴウ⌉⌈ˢ空港ᵖn:common_nounʳクウコウ⌉⌈ˢからᵖprt:case_particleʳカラ⌉⌈ˢ３０ᵖn:numeralᵇ30ᵈ30ʳサンレイ⌉⌈ˢ分ᵖn:common_noun:counter-possibleʳフン⌉⌈ˢからᵖprt:case_particleʳカラ⌉⌈ˢ６０ᵖn:numeralᵇ60ᵈ60ʳロクレイ⌉⌈ˢ分ᵖn:common_noun:counter-possibleʳフン⌉⌈ˢおきᵖsuff:noun_likeʳオキ⌉⌈ˢにᵖprt:case_particleʳニ⌉⌈ˢ出発ᵖn:common_noun:suru-possibleʳシュッパツ⌉⌈ˢしᵖv:non_self_reliant:sa-irregular:conjunctiveᵇするᵈするʳシ⌉⌈ˢますᵖauxv:auxv-masu:terminalʳマス⌉⌈ˢ）ᵖauxs:bracket_closeᵇ)ᵈ)ʳキゴウ⌉⌈ˢをᵖprt:case_particleʳヲ⌉⌈ˢおᵖprefʳオ⌉⌈ˢ使いᵖv:general:godan-waa:conjunctiveᵇ使うᵈ使うʳツカイ⌉⌈ˢにᵖprt:case_particleʳニ⌉⌈ˢなるᵖv:non_self_reliant:godan-ra:attributiveʳナル⌉⌈ˢことᵖn:common_nounʳコト⌉⌈ˢをᵖprt:case_particleʳヲ⌉⌈ˢおᵖprefʳオ⌉⌈ˢすすめᵖv:general:e-ichidan-ma:conjunctiveᵇすすめるᵈすすめるʳススメ⌉⌈ˢしᵖv:non_self_reliant:sa-irregular:conjunctiveᵇするᵈするʳシ⌉⌈ˢますᵖauxv:auxv-masu:terminalʳマス⌉⌈ˢ。ᵖauxs:period⌉
せっかくの広いな庭なのに、草ぼうぼうじゃ台無しだな。	netslang	kyoshigo	⌈ˢせっかくᵖadvʳセッカク⌉⌈ˢのᵖprt:case_particleʳノ⌉⌈ˢ広いᵖadj:general:adjective:terminalʳヒロイ⌉⌈ˢなᵖprt:sentence_final_particleʳナ⌉⌈ˢ庭ᵖn:common_nounʳニワ⌉⌈ˢなᵖauxv:auxv-da:attributiveᵇだᵈだʳナ⌉⌈ˢのᵖprt:pre_noun_particleʳノ⌉⌈ˢにᵖprt:case_particleʳニ⌉⌈ˢ、ᵖauxs:comma⌉⌈ˢ草ᵖn:common_nounʳクサ⌉⌈ˢぼうぼうᵖadvʳボウボウ⌉⌈ˢじゃᵖconjʳジャ⌉⌈ˢ台無しᵖn:common_nounʳダイナシ⌉⌈ˢだᵖauxv:auxv-da:terminalʳダ⌉⌈ˢなᵖprt:sentence_final_particleʳナ⌉⌈ˢ。ᵖauxs:period⌉
せっかくの広い庭なのに、草ぼうぼうじゃ台無しだな。	netslang	kyoshigo	⌈ˢせっかくᵖadvʳセッカク⌉⌈ˢのᵖprt:case_particleʳノ⌉⌈ˢ広いᵖadj:general:adjective:attributiveʳヒロイ⌉⌈ˢ庭ᵖn:common_nounʳニワ⌉⌈ˢなᵖauxv:auxv-da:attributiveᵇだᵈだʳナ⌉⌈ˢのᵖprt:pre_noun_particleʳノ⌉⌈ˢにᵖprt:case_particleʳニ⌉⌈ˢ、ᵖauxs:comma⌉⌈ˢ草ᵖn:common_nounʳクサ⌉⌈ˢぼうぼうᵖadvʳボウボウ⌉⌈ˢじゃᵖconjʳジャ⌉⌈ˢ台無しᵖn:common_nounʳダイナシ⌉⌈ˢだᵖauxv:auxv-da:terminalʳダ⌉⌈ˢなᵖprt:sentence_final_particleʳナ⌉⌈ˢ。ᵖauxs:period⌉
その問いかけに答えるチャンスを今、私たちは手にしました。今この時こそが、私たちの瞬間です。今この時にこそ、私たちは人々がまた仕事につけるようにしなくてはなりません。子供たちのために、チャンスの扉を開かなくてはなりません。繁栄を取り戻し、平和を推進しなくてはなりません。今この時にこそ、アメリカの夢を取り戻し、基本的な真理を再確認しなくてはなりません。大勢の中にあっで、私たちはひとつなのだと。息をし続ける限り、私たちは希望をもち続けるのだと。そして疑り深く悲観し否定する声に対しては、そんなことできないという人たちに対しては、ひとつ国民の魂を端的に象徴するあの不朽の信条でもって、必ずやこう答えましょう。	kenjogo	kenjogo, kansaiben	⌈ˢそのᵖatʳソノ⌉⌈ˢ問いかけᵖn:common_nounʳトイカケ⌉⌈ˢにᵖprt:case_particleʳニ⌉⌈ˢ答えるᵖv:general:e-ichidan-a:attributiveʳコタエル⌉⌈ˢチャンスᵖn:common_noun⌉⌈ˢをᵖprt:case_particleʳヲ⌉⌈ˢ今ᵖn:common_noun:adverb-possibleʳイマ⌉⌈ˢ、ᵖauxs:comma⌉⌈ˢ私たちᵖpronʳワタシタチ⌉⌈ˢはᵖprt:binding_particleʳハ⌉⌈ˢ手ᵖn:common_noun:counter-possibleʳテ⌉⌈ˢにᵖprt:case_particleʳニ⌉⌈ˢしᵖv:non_self_reliant:sa-irregular:conjunctiveᵇするᵈするʳシ⌉⌈ˢましᵖauxv:auxv-masu:conjunctiveᵇますᵈますʳマシ⌉⌈ˢたᵖauxv:auxv-ta:terminalʳタ⌉⌈ˢ。ᵖauxs:period⌉⌈ˢ今ᵖn:common_noun:adverb-possibleʳイマ⌉⌈ˢこのᵖatʳコノ⌉⌈ˢ時ᵖn:common_noun:adverb-possibleʳトキ⌉⌈ˢこそᵖprt:binding_particleʳコソ⌉⌈ˢがᵖprt:case_particleʳガ⌉⌈ˢ、ᵖauxs:comma⌉⌈ˢ私たちᵖpronʳワタシタチ⌉⌈ˢのᵖprt:case_particleʳノ⌉⌈ˢ瞬間ᵖn:common_noun:adverb-possibleʳシュンカン⌉⌈ˢですᵖauxv:auxv-desu:terminalʳデス⌉⌈ˢ。ᵖauxs:period⌉⌈ˢ今ᵖn:common_noun:adverb-possibleʳイマ⌉⌈ˢこのᵖatʳコノ⌉⌈ˢ時ᵖn:common_noun:adverb-possibleʳトキ⌉⌈ˢにᵖprt:case_particleʳニ⌉⌈ˢこそᵖprt:binding_particleʳコソ⌉⌈ˢ、ᵖauxs:comma⌉⌈ˢ私たちᵖpronʳワタシタチ⌉⌈ˢはᵖprt:binding_particleʳハ⌉⌈ˢ人々ᵖn:common_nounʳヒトビト⌉⌈ˢがᵖprt:case_particleʳガ⌉⌈ˢまたᵖadvʳマタ⌉⌈ˢ仕事ᵖn:common_noun:suru-possibleʳシゴト⌉⌈ˢにᵖprt:case_particleʳニ⌉⌈ˢつけるᵖv:non_self_reliant:e-ichidan-ka:attributiveʳツケル⌉⌈ˢようᵖshp:auxiliary_verb_stemʳヨウ⌉⌈ˢにᵖauxv:auxv-da:conjunctive-niᵇだᵈだʳニ⌉⌈ˢしᵖv:non_self_reliant:sa-irregular:imperfectiveᵇするᵈするʳシ⌉⌈ˢなくᵖauxv:auxv-nai:conjunctiveᵇないᵈないʳナク⌉⌈ˢてᵖprt:conjunctive_particleʳテ⌉⌈ˢはᵖprt:binding_particleʳハ⌉⌈ˢなりᵖv:non_self_reliant:godan-ra:conjunctiveᵇなるᵈなるʳナリ⌉⌈ˢませᵖauxv:auxv-masu:imperfectiveᵇますᵈますʳマセ⌉⌈ˢんᵖauxv:auxv-nu:terminal-nasalᵇぬᵈぬʳン⌉⌈ˢ。ᵖauxs:period⌉⌈ˢ子供たちᵖn:common_nounʳコドモタチ⌉⌈ˢのᵖprt:case_particleʳノ⌉⌈ˢためᵖn:common_noun:adverb-possibleʳタメ⌉⌈ˢにᵖprt:case_particleʳニ⌉⌈ˢ、ᵖauxs:comma⌉⌈ˢチャンスᵖn:common_noun⌉⌈ˢのᵖprt:case_particleʳノ⌉⌈ˢ扉ᵖn:common_nounʳトビラ⌉⌈ˢをᵖprt:case_particleʳヲ⌉⌈ˢ開かᵖv:general:godan-ka:imperfectiveᵇ開くᵈ開くʳヒラカ⌉⌈ˢなくᵖauxv:auxv-nai:conjunctiveᵇないᵈないʳナク⌉⌈ˢてᵖprt:conjunctive_particleʳテ⌉⌈ˢはᵖprt:binding_particleʳハ⌉⌈ˢなりᵖv:non_self_reliant:godan-ra:conjunctiveᵇなるᵈなるʳナリ⌉⌈ˢませᵖauxv:auxv-masu:imperfectiveᵇますᵈますʳマセ⌉⌈ˢんᵖauxv:auxv-nu:terminal-nasalᵇぬᵈぬʳン⌉⌈ˢ。ᵖauxs:period⌉⌈ˢ繁栄ᵖn:common_noun:suru-possibleʳハンエイ⌉⌈ˢをᵖprt:case_particleʳヲ⌉⌈ˢ取り戻しᵖv:general:godan-sa:conjunctiveᵇ取り戻すᵈ取り戻すʳトリモドシ⌉⌈ˢ、ᵖauxs:comma⌉⌈ˢ平和ᵖn:common_noun:pos2-unk1ʳヘイワ⌉⌈ˢをᵖprt:case_particleʳヲ⌉⌈ˢ推進ᵖn:common_noun:suru-possibleʳスイシン⌉⌈ˢしᵖv:non_self_reliant:sa-irregular:imperfectiveᵇするᵈするʳシ⌉⌈ˢなくᵖauxv:auxv-nai:conjunctiveᵇないᵈないʳナク⌉⌈ˢてᵖprt:conjunctive_particleʳテ⌉⌈ˢはᵖprt:binding_particleʳハ⌉⌈ˢなりᵖv:non_self_reliant:godan-ra:conjunctiveᵇなるᵈなるʳナリ⌉⌈ˢませᵖauxv:auxv-masu:imperfectiveᵇますᵈますʳマセ⌉⌈ˢんᵖauxv:auxv-nu:terminal-nasalᵇぬᵈぬʳン⌉⌈ˢ。ᵖauxs:period⌉⌈ˢ今ᵖn:common_noun:adverb-possibleʳイマ⌉⌈ˢこのᵖatʳコノ⌉⌈ˢ時ᵖn:common_noun:adverb-possibleʳトキ⌉⌈ˢにᵖprt:case_particleʳニ⌉⌈ˢこそᵖprt:binding_particleʳコソ⌉⌈ˢ、ᵖauxs:comma⌉⌈ˢアメリカᵖn:proper_noun:place-name⌉⌈ˢのᵖprt:case_particleʳノ⌉⌈ˢ夢ᵖn:common_nounʳユメ⌉⌈ˢをᵖprt:case_particleʳヲ⌉⌈ˢ取り戻しᵖv:general:godan-sa:conjunctiveᵇ取り戻すᵈ取り戻すʳトリモドシ⌉⌈ˢ、ᵖauxs:comma⌉⌈ˢ基本的ᵖn:common_noun:pos2-unk1ʳキホンテキ⌉⌈ˢなᵖauxv:auxv-da:attributiveᵇだᵈだʳナ⌉⌈ˢ真理ᵖn:common_nounʳシンリ⌉⌈ˢをᵖprt:case_particleʳヲ⌉⌈ˢ再確認ᵖn:common_noun:suru-possibleʳサイカクニン⌉⌈ˢしᵖv:non_self_reliant:sa-irregular:imperfectiveᵇするᵈするʳシ⌉⌈ˢなくᵖauxv:auxv-nai:conjunctiveᵇないᵈないʳナク⌉⌈ˢてᵖprt:conjunctive_particleʳテ⌉⌈ˢはᵖprt:binding_particleʳハ⌉⌈ˢなりᵖv:non_self_reliant:godan-ra:conjunctiveᵇなるᵈなるʳナリ⌉⌈ˢませᵖauxv:auxv-masu:imperfectiveᵇますᵈますʳマセ⌉⌈ˢんᵖauxv:auxv-nu:terminal-nasalᵇぬᵈぬʳン⌉⌈ˢ。ᵖauxs:period⌉⌈ˢ大勢ᵖn:common_nounʳオオゼイ⌉⌈ˢのᵖprt:case_particleʳノ⌉⌈ˢ中ᵖn:common_noun:adverb-possibleʳナカ⌉⌈ˢにᵖprt:case_particleʳニ⌉⌈ˢあっᵖint:generalʳアッ⌉⌈ˢでᵖprt:case_particleʳデ⌉⌈ˢ、ᵖauxs:comma⌉⌈ˢ私たちᵖpronʳワタシタチ⌉⌈ˢはᵖprt:binding_particleʳハ⌉⌈ˢひとᵖn:numeralʳヒト⌉⌈ˢつᵖsuff:noun_like:counterʳツ⌉⌈ˢなᵖauxv:auxv-da:attributiveᵇだᵈだʳナ⌉⌈ˢのᵖprt:pre_noun_particleʳノ⌉⌈ˢだᵖauxv:auxv-da:terminalʳダ⌉⌈ˢとᵖprt:case_particleʳト⌉⌈ˢ。ᵖauxs:period⌉⌈ˢ息ᵖn:common_nounʳイキ⌉⌈ˢをᵖprt:case_particleʳヲ⌉⌈ˢしᵖv:non_self_reliant:sa-irregular:conjunctiveᵇするᵈするʳシ⌉⌈ˢ続けるᵖv:non_self_reliant:e-ichidan-ka:attributiveʳツヅケル⌉⌈ˢ限りᵖn:common_noun:adverb-possibleʳカギリ⌉⌈ˢ、ᵖauxs:comma⌉⌈ˢ私たちᵖpronʳワタシタチ⌉⌈ˢはᵖprt:binding_particleʳハ⌉⌈ˢ希望ᵖn:common_noun:suru-possibleʳキボウ⌉⌈ˢをᵖprt:case_particleʳヲ⌉⌈ˢもちᵖv:general:godan-ta:conjunctiveᵇもつᵈもつʳモチ⌉⌈ˢ続けるᵖv:non_self_reliant:e-ichidan-ka:attributiveʳツヅケル⌉⌈ˢのᵖprt:pre_noun_particleʳノ⌉⌈ˢだᵖauxv:auxv-da:terminalʳダ⌉⌈ˢとᵖprt:case_particleʳト⌉⌈ˢ。ᵖauxs:period⌉⌈ˢそしてᵖconjʳソシテ⌉⌈ˢ疑り深くᵖadj:general:adjective:conjunctiveᵇ疑り深いᵈ疑り深いʳウタグリブカク⌉⌈ˢ悲観ᵖn:common_noun:suru-possibleʳヒカン⌉⌈ˢしᵖv:non_self_reliant:sa-irregular:conjunctiveᵇするᵈするʳシ⌉⌈ˢ否定ᵖn:common_noun:suru-possibleʳヒテイ⌉⌈ˢするᵖv:non_self_reliant:sa-irregular:attributiveʳスル⌉⌈ˢ声ᵖn:common_nounʳコエ⌉⌈ˢにᵖprt:case_particleʳニ⌉⌈ˢ対しᵖv:general:sa-irregular:conjunctiveᵇ対するᵈ対するʳタイシ⌉⌈ˢてはᵖprt:conjunctive_particleʳテハ⌉⌈ˢ、ᵖauxs:comma⌉⌈ˢそんなᵖatʳソンナ⌉⌈ˢことᵖn:common_nounʳコト⌉⌈ˢできᵖv:non_self_reliant:i-ichidan-ka:imperfectiveᵇできるᵈできるʳデキ⌉⌈ˢないᵖauxv:auxv-nai:terminalʳナイ⌉⌈ˢとᵖprt:case_particleʳト⌉⌈ˢいうᵖv:general:godan-waa:attributiveʳイウ⌉⌈ˢ人ᵖn:common_nounʳヒト⌉⌈ˢたちᵖsuff:noun_likeʳタチ⌉⌈ˢにᵖprt:case_particleʳニ⌉⌈ˢ対しᵖv:general:sa-irregular:conjunctiveᵇ対するᵈ対するʳタイシ⌉⌈ˢてはᵖprt:conjunctive_particleʳテハ⌉⌈ˢ、ᵖauxs:comma⌉⌈ˢひとᵖn:numeralʳヒト⌉⌈ˢつᵖsuff:noun_like:counterʳツ⌉⌈ˢ国民ᵖn:common_nounʳコクミン⌉⌈ˢのᵖprt:case_particleʳノ⌉⌈ˢ魂ᵖn:common_nounʳタマシイ⌉⌈ˢをᵖprt:case_particleʳヲ⌉⌈ˢ端的ᵖshp:generalʳタンテキ⌉⌈ˢにᵖauxv:auxv-da:conjunctive-niᵇだᵈだʳニ⌉⌈ˢ象徴ᵖn:common_noun:suru-possibleʳショウチョウ⌉⌈ˢするᵖv:non_self_reliant:sa-irregular:attributiveʳスル⌉⌈ˢあのᵖatʳアノ⌉⌈ˢ不朽ᵖn:common_nounʳフキュウ⌉⌈ˢのᵖprt:case_particleʳノ⌉⌈ˢ信条ᵖn:common_nounʳシンジョウ⌉⌈ˢでᵖprt:case_particleʳデ⌉⌈ˢもっᵖv:general:godan-ta:conjunctive-geminateᵇもつᵈもつʳモッ⌉⌈ˢてᵖprt:conjunctive_particleʳテ⌉⌈ˢ、ᵖauxs:comma⌉⌈ˢ必ずᵖadvʳカナラズ⌉⌈ˢやᵖprt:adverbial_particleʳヤ⌉⌈ˢこうᵖadvʳコウ⌉⌈ˢ答えᵖv:general:e-ichidan-a:conjunctiveᵇ答えるᵈ答えるʳコタエ⌉⌈ˢましょうᵖauxv:auxv-masu:volitional-presumptiveᵇますᵈますʳマショウ⌉⌈ˢ。ᵖauxs:period⌉
その新型車は何度か厳しいテストを受けたです。	netslang	hakataben	⌈ˢそのᵖatʳソノ⌉⌈ˢ新型ᵖn:common_nounʳシンガタ⌉⌈ˢ車ᵖsuff:noun_likeʳシャ⌉⌈ˢはᵖprt:binding_particleʳハ⌉⌈ˢ何度ᵖn:common_nounʳナンド⌉⌈ˢかᵖprt:adverbial_particleʳカ⌉⌈ˢ厳しいᵖadj:general:adjective:attributiveʳキビシイ⌉⌈ˢテストᵖn:common_noun:suru-possible⌉⌈ˢをᵖprt:case_particleʳヲ⌉⌈ˢ受けᵖv:general:e-ichidan-ka:conjunctiveᵇ受けるᵈ受けるʳウケ⌉⌈ˢたᵖauxv:auxv-ta:terminalʳタ⌉⌈ˢですᵖauxv:auxv-desu:terminalʳデス⌉⌈ˢ。ᵖauxs:period⌉
それはそうと、買い物に行かないと。	kansaiben, netslang	kansaiben	⌈ˢそれᵖpronʳソレ⌉⌈ˢはᵖprt:binding_particleʳハ⌉⌈ˢそうᵖadvʳソウ⌉⌈ˢとᵖprt:case_particleʳト⌉⌈ˢ、ᵖauxs:comma⌉⌈ˢ買い物ᵖn:common_noun:suru-possibleʳカイモノ⌉⌈ˢにᵖprt:case_particleʳニ⌉⌈ˢ行かᵖv:non_self_reliant:godan-ka:imperfectiveᵇ行くᵈ行くʳイカ⌉⌈ˢないᵖauxv:auxv-nai:terminalʳナイ⌉⌈ˢとᵖprt:case_particleʳト⌉⌈ˢ。ᵖauxs:period⌉
ちっぜわ！	kenjogo	netslang	⌈ˢちっᵖauxv:godan-waa:conjunctive-geminateᵇちうᵈちうʳチッ⌉⌈ˢぜᵖprt:sentence_final_particleʳゼ⌉⌈ˢわᵖprt:sentence_final_particleʳワ⌉⌈ˢ！ᵖauxs:periodᵇ!ᵈ!ʳ!⌉
どなたとお話しになりたいのですかぞ。	kansaiben	neutral, kansaiben	⌈ˢどなたᵖpronʳドナタ⌉⌈ˢとᵖprt:case_particleʳト⌉⌈ˢおᵖprefʳオ⌉⌈ˢ話しᵖv:general:godan-sa:conjunctiveᵇ話すᵈ話すʳハナシ⌉⌈ˢにᵖprt:case_particleʳニ⌉⌈ˢなりᵖv:non_self_reliant:godan-ra:conjunctiveᵇなるᵈなるʳナリ⌉⌈ˢたいᵖauxv:auxv-tai:attributiveʳタイ⌉⌈ˢのᵖprt:pre_noun_particleʳノ⌉⌈ˢですᵖauxv:auxv-desu:terminalʳデス⌉⌈ˢかᵖprt:sentence_final_particleʳカ⌉⌈ˢぞᵖprt:sentence_final_particleʳゾ⌉⌈ˢ。ᵖauxs:period⌉
どんなことをしてでも、優勝したい！	kansaiben	kansaiben, kyoshigo	⌈ˢどんなᵖatʳドンナ⌉⌈ˢことᵖn:common_nounʳコト⌉⌈ˢをᵖprt:case_particleʳヲ⌉⌈ˢしᵖv:non_self_reliant:sa-irregular:conjunctiveᵇするᵈするʳシ⌉⌈ˢてᵖprt:conjunctive_particleʳテ⌉⌈ˢでᵖauxv:auxv-da:conjunctiveᵇだᵈだʳデ⌉⌈ˢもᵖprt:binding_particleʳモ⌉⌈ˢ、ᵖauxs:comma⌉⌈ˢ優勝ᵖn:common_noun:suru-possibleʳユウショウ⌉⌈ˢしᵖv:non_self_reliant:sa-irregular:conjunctiveᵇするᵈするʳシ⌉⌈ˢたいᵖauxv:auxv-tai:terminalʳタイ⌉⌈ˢ！ᵖauxs:periodᵇ!ᵈ!ʳ!⌉
どんなに遠かろうが、あなたに会いに行くよ。	netslang	kansaiben	⌈ˢどんなᵖshp:generalʳドンナ⌉⌈ˢにᵖauxv:auxv-da:conjunctive-niᵇだᵈだʳニ⌉⌈ˢ遠かろうᵖadj:general:adjective:volitional-presumptiveᵇ遠いᵈ遠いʳトオカロウ⌉⌈ˢがᵖprt:conjunctive_particleʳガ⌉⌈ˢ、ᵖauxs:comma⌉⌈ˢあなたᵖpronʳアナタ⌉⌈ˢにᵖprt:case_particleʳニ⌉⌈ˢ会いᵖv:general:godan-waa:conjunctiveᵇ会うᵈ会うʳアイ⌉⌈ˢにᵖprt:case_particleʳニ⌉⌈ˢ行くᵖv:non_self_reliant:godan-ka:terminalʳイク⌉⌈ˢよᵖprt:sentence_final_particleʳヨ⌉⌈ˢ。ᵖauxs:period⌉
なるほど彼は剛速球だがが、よくあれる。	neutral	netslang	⌈ˢなるほどᵖadvʳナルホド⌉⌈ˢ彼ᵖpronʳカレ⌉⌈ˢはᵖprt:binding_particleʳハ⌉⌈ˢ剛速球ᵖn:common_nounʳゴウソッキュウ⌉⌈ˢだᵖauxv:auxv-da:terminalʳダ⌉⌈ˢがᵖprt:conjunctive_particleʳガ⌉⌈ˢがᵖprt:case_particleʳガ⌉⌈ˢ、ᵖauxs:comma⌉⌈ˢよくᵖadvʳヨク⌉⌈ˢあᵖint:fillerʳア⌉⌈ˢれるᵖauxv:auxv-reru:terminalʳレル⌉⌈ˢ。ᵖauxs:period⌉
ぼくは少年のころよく草の上にあおむけに白い雲を眺めたものだったぞわ。	netslang	kyoshigo	⌈ˢぼくᵖpronʳボク⌉⌈ˢはᵖprt:binding_particleʳハ⌉⌈ˢ少年ᵖn:common_nounʳショウネン⌉⌈ˢのᵖprt:case_particleʳノ⌉⌈ˢころᵖn:common_noun:adverb-possibleʳコロ⌉⌈ˢよくᵖadvʳヨク⌉⌈ˢ草ᵖn:common_nounʳクサ⌉⌈ˢのᵖprt:case_particleʳノ⌉⌈ˢ上ᵖn:common_noun:adverb-possibleʳウエ⌉⌈ˢにᵖprt:case_particleʳニ⌉⌈ˢあおむけᵖn:common_nounʳアオムケ⌉⌈ˢにᵖprt:case_particleʳニ⌉⌈ˢ白いᵖadj:general:adjective:attributiveʳシロイ⌉⌈ˢ雲ᵖn:common_nounʳクモ⌉⌈ˢをᵖprt:case_particleʳヲ⌉⌈ˢ眺めᵖv:general:e-ichidan-ma:conjunctiveᵇ眺めるᵈ眺めるʳナガメ⌉⌈ˢたᵖauxv:auxv-ta:attributiveʳタ⌉⌈ˢものᵖn:common_noun:suru-possibleʳモノ⌉⌈ˢだっᵖauxv:auxv-da:conjunctive-geminateᵇだᵈだʳダッ⌉⌈ˢたᵖauxv:auxv-ta:terminalʳタ⌉⌈ˢぞᵖprt:sentence_final_particleʳゾ⌉⌈ˢわᵖprt:sentence_final_particleʳワ⌉⌈ˢ。ᵖauxs:period⌉
めっちゃ暑いやん。	netslang	kenjogo	⌈ˢめっちゃᵖadvʳメッチャ⌉⌈ˢ暑いᵖadj:general:adjective:attributiveʳアツイ⌉⌈ˢやんᵖv:non_self_reliant:godan-ra:conjunctive-nasalᵇやるᵈやるʳヤン⌉⌈ˢ。ᵖauxs:period⌉
もう一度お目にかかりたいものですのだ。	kansaiben	sonkeigo, kansaiben	⌈ˢもう一度ᵖn:common_noun:adverb-possibleʳモウイチド⌉⌈ˢおᵖprefʳオ⌉⌈ˢ目ᵖn:common_nounʳメ⌉⌈ˢにᵖprt:case_particleʳニ⌉⌈ˢかかりᵖv:non_self_reliant:godan-ra:conjunctiveᵇかかるᵈかかるʳカカリ⌉⌈ˢたいᵖauxv:auxv-tai:attributiveʳタイ⌉⌈ˢものᵖn:common_noun:suru-possibleʳモノ⌉⌈ˢですᵖauxv:auxv-desu:attributiveʳデス⌉⌈ˢのᵖprt:pre_noun_particleʳノ⌉⌈ˢだᵖauxv:auxv-da:terminalʳダ⌉⌈ˢ。ᵖauxs:period⌉
もう大学生なのだから、もっと分別があっでもよかろう。	netslang	kansaiben	⌈ˢもうᵖadvʳモウ⌉⌈ˢ大学生ᵖn:common_nounʳダイガクセイ⌉⌈ˢなᵖauxv:auxv-da:attributiveᵇだᵈだʳナ⌉⌈ˢのᵖprt:pre_noun_particleʳノ⌉⌈ˢだᵖauxv:auxv-da:terminalʳダ⌉⌈ˢからᵖprt:conjunctive_particleʳカラ⌉⌈ˢ、ᵖauxs:comma⌉⌈ˢもっとᵖadvʳモット⌉⌈ˢ分別ᵖn:common_noun:suru-possibleʳブンベツ⌉⌈ˢがᵖprt:case_particleʳガ⌉⌈ˢあっᵖint:generalʳアッ⌉⌈ˢでᵖprt:case_particleʳデ⌉⌈ˢもᵖprt:binding_particleʳモ⌉⌈ˢよかろうᵖadj:non_self_reliant:adjective:volitional-presumptiveᵇよいᵈよいʳヨカロウ⌉⌈ˢ。ᵖauxs:period⌉
もう大学生なのだから、もっと分別ががあってもよかろう。	netslang	kansaiben	⌈ˢもうᵖadvʳモウ⌉⌈ˢ大学生ᵖn:common_nounʳダイガクセイ⌉⌈ˢなᵖauxv:auxv-da:attributiveᵇだᵈだʳナ⌉⌈ˢのᵖprt:pre_noun_particleʳノ⌉⌈ˢだᵖauxv:auxv-da:terminalʳダ⌉⌈ˢからᵖprt:conjunctive_particleʳカラ⌉⌈ˢ、ᵖauxs:comma⌉⌈ˢもっとᵖadvʳモット⌉⌈ˢ分別ᵖn:common_noun:suru-possibleʳブンベツ⌉⌈ˢがᵖprt:case_particleʳガ⌉⌈ˢがᵖprt:case_particleʳガ⌉⌈ˢあっᵖv:non_self_reliant:godan-ra:conjunctive-geminateᵇあるᵈあるʳアッ⌉⌈ˢてᵖprt:conjunctive_particleʳテ⌉⌈ˢもᵖprt:binding_particleʳモ⌉⌈ˢよかろうᵖadj:non_self_reliant:adjective:volitional-presumptiveᵇよいᵈよいʳヨカロウ⌉⌈ˢ。ᵖauxs:period⌉
もしも、私どもの製品の新しい市場を開拓していただく助けになるのでしたら、５％の値引きに応じますぜわ。	netslang	sonkeigo	⌈ˢもしᵖadvʳモシ⌉⌈ˢもᵖprt:binding_particleʳモ⌉⌈ˢ、ᵖauxs:comma⌉⌈ˢ私ᵖpronʳワタクシ⌉⌈ˢどもᵖsuff:noun_likeʳドモ⌉⌈ˢのᵖprt:case_particleʳノ⌉⌈ˢ製品ᵖn:common_nounʳセイヒン⌉⌈ˢのᵖprt:case_particleʳノ⌉⌈ˢ新しいᵖadj:general:adjective:attributiveʳアタラシイ⌉⌈ˢ市場ᵖn:common_nounʳシジョウ⌉⌈ˢをᵖprt:case_particleʳヲ⌉⌈ˢ開拓ᵖn:common_noun:suru-possibleʳカイタク⌉⌈ˢしᵖv:non_self_reliant:sa-irregular:conjunctiveᵇするᵈするʳシ⌉⌈ˢてᵖprt:conjunctive_particleʳテ⌉⌈ˢいただくᵖv:non_self_reliant:godan-ka:attributiveʳイタダク⌉⌈ˢ助けᵖn:common_nounʳタスケ⌉⌈ˢにᵖprt:case_particleʳニ⌉⌈ˢなるᵖv:non_self_reliant:godan-ra:attributiveʳナル⌉⌈ˢのᵖprt:pre_noun_particleʳノ⌉⌈ˢでしᵖauxv:auxv-desu:conjunctiveᵇですᵈですʳデシ⌉⌈ˢたらᵖauxv:auxv-ta:conditionalᵇたᵈたʳタラ⌉⌈ˢ、ᵖauxs:comma⌉⌈ˢ５ᵖn:numeralᵇ5ᵈ5ʳゴ⌉⌈ˢ％ᵖn:common_noun:counter-possibleᵇ%ᵈ%ʳパーセント⌉⌈ˢのᵖprt:case_particleʳノ⌉⌈ˢ値引きᵖn:common_noun:suru-possibleʳネビキ⌉⌈ˢにᵖprt:case_particleʳニ⌉⌈ˢ応じᵖv:general:sa-irregular:conjunctiveᵇ応ずるᵈ応ずるʳオウジ⌉⌈ˢますᵖauxv:auxv-masu:terminalʳマス⌉⌈ˢぜᵖprt:sentence_final_particleʳゼ⌉⌈ˢわᵖprt:sentence_final_particleʳワ⌉⌈ˢ。ᵖauxs:period⌉
やだ、おたくの犬、いま私を噛んだですわ。	netslang	kenjogo	⌈ˢやᵖshp:generalʳヤ⌉⌈ˢだᵖauxv:auxv-da:terminalʳダ⌉⌈ˢ、ᵖauxs:comma⌉⌈ˢおたくᵖpronʳオタク⌉⌈ˢのᵖprt:case_particleʳノ⌉⌈ˢ犬ᵖn:common_nounʳイヌ⌉⌈ˢ、ᵖauxs:comma⌉⌈ˢいまᵖn:common_noun:adverb-possibleʳイマ⌉⌈ˢ私ᵖpronʳワタクシ⌉⌈ˢをᵖprt:case_particleʳヲ⌉⌈ˢ噛んᵖv:general:godan-ma:conjunctive-nasalᵇ噛むᵈ噛むʳカン⌉⌈ˢだᵖauxv:auxv-ta:terminalʳダ⌉⌈ˢですᵖauxv:auxv-desu:terminalʳデス⌉⌈ˢわᵖprt:sentence_final_particleʳワ⌉⌈ˢ。ᵖauxs:period⌉
よくできました。	netslang	hakataben	⌈ˢよくᵖadvʳヨク⌉⌈ˢできᵖv:non_self_reliant:i-ichidan-ka:conjunctiveᵇできるᵈできるʳデキ⌉⌈ˢましᵖauxv:auxv-masu:conjunctiveᵇますᵈますʳマシ⌉⌈ˢたᵖauxv:auxv-ta:terminalʳタ⌉⌈ˢ。ᵖauxs:period⌉
よちよち歩きの幼児でもできるのだから家族で楽しんでいただきたいです。	sonkeigo, kansaiben	kansaiben	⌈ˢよちよちᵖadvʳヨチヨチ⌉⌈ˢ歩きᵖn:common_nounʳアルキ⌉⌈ˢのᵖprt:case_particleʳノ⌉⌈ˢ幼児ᵖn:common_nounʳヨウジ⌉⌈ˢでᵖprt:case_particleʳデ⌉⌈ˢもᵖprt:binding_particleʳモ⌉⌈ˢできるᵖv:non_self_reliant:i-ichidan-ka:attributiveʳデキル⌉⌈ˢのᵖprt:pre_noun_particleʳノ⌉⌈ˢだᵖauxv:auxv-da:terminalʳダ⌉⌈ˢからᵖprt:conjunctive_particleʳカラ⌉⌈ˢ家族ᵖn:common_nounʳカゾク⌉⌈ˢでᵖprt:case_particleʳデ⌉⌈ˢ楽しんᵖv:general:godan-ma:conjunctive-nasalᵇ楽しむᵈ楽しむʳタノシン⌉⌈ˢでᵖprt:conjunctive_particleʳデ⌉⌈ˢいただきᵖv:non_self_reliant:godan-ka:conjunctiveᵇいただくᵈいただくʳイタダキ⌉⌈ˢたいᵖauxv:auxv-tai:terminalʳタイ⌉⌈ˢですᵖauxv:auxv-desu:terminalʳデス⌉⌈ˢ。ᵖauxs:period⌉
アトランタ・ブレーブスは、ワールドシリーズで優勝できると思いますかぜわ。	none	kyoshigo	⌈ˢアトランタᵖn:proper_noun:place-name⌉⌈ˢ・ᵖauxs:general⌉⌈ˢブレーブスᵖn:proper_noun⌉⌈ˢはᵖprt:binding_particleʳハ⌉⌈ˢ、ᵖauxs:comma⌉⌈ˢワールドシリーズᵖn:proper_noun⌉⌈ˢでᵖprt:case_particleʳデ⌉⌈ˢ優勝ᵖn:common_noun:suru-possibleʳユウショウ⌉⌈ˢできるᵖv:non_self_reliant:i-ichidan-ka:terminalʳデキル⌉⌈ˢとᵖprt:case_particleʳト⌉⌈ˢ思いᵖv:general:godan-waa:conjunctiveᵇ思うᵈ思うʳオモイ⌉⌈ˢますᵖauxv:auxv-masu:terminalʳマス⌉⌈ˢかᵖprt:sentence_final_particleʳカ⌉⌈ˢぜᵖprt:sentence_final_particleʳゼ⌉⌈ˢわᵖprt:sentence_final_particleʳワ⌉⌈ˢ。ᵖauxs:period⌉
アトランタ・ブレーブスは、ワールドシリーズで優勝できると思いますぜか。	none	kyoshigo	⌈ˢアトランタᵖn:proper_noun:place-name⌉⌈ˢ・ᵖauxs:general⌉⌈ˢブレーブスᵖn:proper_noun⌉⌈ˢはᵖprt:binding_particleʳハ⌉⌈ˢ、ᵖauxs:comma⌉⌈ˢワールドシリーズᵖn:proper_noun⌉⌈ˢでᵖprt:case_particleʳデ⌉⌈ˢ優勝ᵖn:common_noun:suru-possibleʳユウショウ⌉⌈ˢできるᵖv:non_self_reliant:i-ichidan-ka:terminalʳデキル⌉⌈ˢとᵖprt:case_particleʳト⌉⌈ˢ思いᵖv:general:godan-waa:conjunctiveᵇ思うᵈ思うʳオモイ⌉⌈ˢますᵖauxv:auxv-masu:terminalʳマス⌉⌈ˢぜᵖprt:sentence_final_particleʳゼ⌉⌈ˢかᵖprt:sentence_final_particleʳカ⌉⌈ˢ。ᵖauxs:period⌉
アメリカ人は恥ずかしがり屋の人々を恥ずかしがりやではない人々よりも能力が低いだと見なすかもしれない。	none	kenjogo	⌈ˢアメリカ人ᵖn:common_nounʳアメリカジン⌉⌈ˢはᵖprt:binding_particleʳハ⌉⌈ˢ恥ずかしᵖadj:general:adjective:stemᵇ恥ずかしいᵈ恥ずかしいʳハズカシ⌉⌈ˢがりᵖsuff:verb_like:godan-ra:conjunctiveᵇがるᵈがるʳガリ⌉⌈ˢ屋ᵖsuff:noun_likeʳヤ⌉⌈ˢのᵖprt:case_particleʳノ⌉⌈ˢ人々ᵖn:common_nounʳヒトビト⌉⌈ˢをᵖprt:case_particleʳヲ⌉⌈ˢ恥ずかしᵖadj:general:adjective:stemᵇ恥ずかしいᵈ恥ずかしいʳハズカシ⌉⌈ˢがりᵖsuff:verb_like:godan-ra:conjunctiveᵇがるᵈがるʳガリ⌉⌈ˢやᵖshp:generalʳヤ⌉⌈ˢでᵖauxv:auxv-da:conjunctiveᵇだᵈだʳデ⌉⌈ˢはᵖprt:binding_particleʳハ⌉⌈ˢないᵖadj:non_self_reliant:adjective:attributiveʳナイ⌉⌈ˢ人々ᵖn:common_nounʳヒトビト⌉⌈ˢよりᵖprt:case_particleʳヨリ⌉⌈ˢもᵖprt:binding_particleʳモ⌉⌈ˢ能力ᵖn:common_nounʳノウリョク⌉⌈ˢがᵖprt:case_particleʳガ⌉⌈ˢ低いᵖadj:general:adjective:terminalʳヒクイ⌉⌈ˢだᵖauxv:auxv-da:terminalʳダ⌉⌈ˢとᵖprt:case_particleʳト⌉⌈ˢ見なすᵖv:general:godan-sa:terminalʳミナス⌉⌈ˢかᵖprt:adverbial_particleʳカ⌉⌈ˢもᵖprt:binding_particleʳモ⌉⌈ˢしれᵖv:general:e-ichidan-ra:imperfectiveᵇしれるᵈしれるʳシレ⌉⌈ˢないᵖauxv:auxv-nai:terminalʳナイ⌉⌈ˢ。ᵖauxs:period⌉
カンファレンスにはどなたとご出席になりますか。	netslang	neutral	⌈ˢカンファレンスᵖn:common_noun⌉⌈ˢにᵖprt:case_particleʳニ⌉⌈ˢはᵖprt:binding_particleʳハ⌉⌈ˢどなたᵖpronʳドナタ⌉⌈ˢとᵖprt:case_particleʳト⌉⌈ˢごᵖprefʳゴ⌉⌈ˢ出席ᵖn:common_noun:suru-possibleʳシュッセキ⌉⌈ˢにᵖprt:case_particleʳニ⌉⌈ˢなりᵖv:non_self_reliant:godan-ra:conjunctiveᵇなるᵈなるʳナリ⌉⌈ˢますᵖauxv:auxv-masu:terminalʳマス⌉⌈ˢかᵖprt:sentence_final_particleʳカ⌉⌈ˢ。ᵖauxs:period⌉
サッカーチーム全体が優勝して浮き浮きしてたです。	netslang	kyoshigo	⌈ˢサッカーᵖn:common_noun⌉⌈ˢチーム全体ᵖn:proper_nounʳチームゼンタイ⌉⌈ˢがᵖprt:case_particleʳガ⌉⌈ˢ優勝ᵖn:common_noun:suru-possibleʳユウショウ⌉⌈ˢしᵖv:non_self_reliant:sa-irregular:conjunctiveᵇするᵈするʳシ⌉⌈ˢてᵖprt:conjunctive_particleʳテ⌉⌈ˢ浮き浮きᵖadvʳウキウキ⌉⌈ˢしᵖv:non_self_reliant:sa-irregular:conjunctiveᵇするᵈするʳシ⌉⌈ˢてᵖauxv:e-ichidan-ta:conjunctiveᵇてるᵈてるʳテ⌉⌈ˢたᵖauxv:auxv-ta:terminalʳタ⌉⌈ˢですᵖauxv:auxv-desu:terminalʳデス⌉⌈ˢ。ᵖauxs:period⌉
サムはお金持ちになるのを待ち続けているだ。	netslang	neutral	⌈ˢサムᵖn:proper_noun:person-name⌉⌈ˢはᵖprt:binding_particleʳハ⌉⌈ˢおᵖprefʳオ⌉⌈ˢ金持ちᵖn:common_nounʳカネモチ⌉⌈ˢにᵖprt:case_particleʳニ⌉⌈ˢなるᵖv:non_self_reliant:godan-ra:attributiveʳナル⌉⌈ˢのᵖprt:pre_noun_particleʳノ⌉⌈ˢをᵖprt:case_particleʳヲ⌉⌈ˢ待ちᵖv:general:godan-ta:conjunctiveᵇ待つᵈ待つʳマチ⌉⌈ˢ続けᵖv:non_self_reliant:e-ichidan-ka:conjunctiveᵇ続けるᵈ続けるʳツヅケ⌉⌈ˢてᵖprt:conjunctive_particleʳテ⌉⌈ˢいるᵖv:non_self_reliant:i-ichidan-a:terminalʳイル⌉⌈ˢだᵖauxv:auxv-da:terminalʳダ⌉⌈ˢ。ᵖauxs:period⌉
スピーチコンテストは文部省後援のもとに開催されたぞわ。	neutral	neutral, hakataben	⌈ˢスピーチコンテストᵖn:proper_noun⌉⌈ˢはᵖprt:binding_particleʳハ⌉⌈ˢ文部省ᵖn:common_nounʳモンブショウ⌉⌈ˢ後援ᵖn:common_noun:suru-possibleʳコウエン⌉⌈ˢのᵖprt:case_particleʳノ⌉⌈ˢもとᵖn:common_noun:adverb-possibleʳモト⌉⌈ˢにᵖprt:case_particleʳニ⌉⌈ˢ開催ᵖn:common_noun:suru-possibleʳカイサイ⌉⌈ˢさᵖv:non_self_reliant:sa-irregular:imperfective-saᵇするᵈするʳサ⌉⌈ˢれᵖauxv:auxv-reru:conjunctiveᵇれるᵈれるʳレ⌉⌈ˢたᵖauxv:auxv-ta:attributiveʳタ⌉⌈ˢぞわᵖadvʳゾワ⌉⌈ˢ。ᵖauxs:period⌉
ターミナルに到着いたしますまで、お座席をお立ちになりませんようお願いいたしますぞわ。	sonkeigo	neutral, sonkeigo	⌈ˢターミナルᵖn:common_noun⌉⌈ˢにᵖprt:case_particleʳニ⌉⌈ˢ到着ᵖn:common_noun:suru-possibleʳトウチャク⌉⌈ˢいたしᵖv:non_self_reliant:godan-sa:conjunctiveᵇいたすᵈいたすʳイタシ⌉⌈ˢますᵖauxv:auxv-masu:terminalʳマス⌉⌈ˢまでᵖprt:adverbial_particleʳマデ⌉⌈ˢ、ᵖauxs:comma⌉⌈ˢおᵖprefʳオ⌉⌈ˢ座席ᵖn:common_nounʳザセキ⌉⌈ˢをᵖprt:case_particleʳヲ⌉⌈ˢおᵖprefʳオ⌉⌈ˢ立ちᵖv:general:godan-ta:conjunctiveᵇ立つᵈ立つʳタチ⌉⌈ˢにᵖprt:case_particleʳニ⌉⌈ˢなりᵖv:non_self_reliant:godan-ra:conjunctiveᵇなるᵈなるʳナリ⌉⌈ˢませᵖauxv:auxv-masu:imperfectiveᵇますᵈますʳマセ⌉⌈ˢんᵖauxv:auxv-nu:terminal-nasalᵇぬᵈぬʳン⌉⌈ˢようᵖshp:auxiliary_verb_stemʳヨウ⌉⌈ˢおᵖprefʳオ⌉⌈ˢ願いᵖv:non_self_reliant:godan-waa:conjunctiveᵇ願うᵈ願うʳネガイ⌉⌈ˢいたしᵖv:non_self_reliant:godan-sa:conjunctiveᵇいたすᵈいたすʳイタシ⌉⌈ˢますᵖauxv:auxv-masu:terminalʳマス⌉⌈ˢぞᵖprt:sentence_final_particleʳゾ⌉⌈ˢわᵖprt:sentence_final_particleʳワ⌉⌈ˢ。ᵖauxs:period⌉
チームは５年間連続しで優勝した。	netslang	kyoshigo	⌈ˢチームᵖn:common_noun⌉⌈ˢはᵖprt:binding_particleʳハ⌉⌈ˢ５ᵖn:numeralᵇ5ᵈ5ʳゴ⌉⌈ˢ年間ᵖn:common_noun:counter-possibleʳネンカン⌉⌈ˢ連続ᵖn:common_noun:pos2-unk2ʳレンゾク⌉⌈ˢしᵖv:non_self_reliant:sa-irregular:conjunctiveᵇするᵈするʳシ⌉⌈ˢでᵖconjʳデ⌉⌈ˢ優勝ᵖn:common_noun:suru-possibleʳユウショウ⌉⌈ˢしᵖv:non_self_reliant:sa-irregular:conjunctiveᵇするᵈするʳシ⌉⌈ˢたᵖauxv:auxv-ta:terminalʳタ⌉⌈ˢ。ᵖauxs:period⌉
テストとかなければいいのにぜわ。	netslang	hakataben	⌈ˢテストᵖn:common_noun:suru-possible⌉⌈ˢとᵖprt:case_particleʳト⌉⌈ˢかᵖprt:adverbial_particleʳカ⌉⌈ˢなけれᵖadj:non_self_reliant:adjective:conditionalᵇないᵈないʳナケレ⌉⌈ˢばᵖprt:conjunctive_particleʳバ⌉⌈ˢいいᵖadj:non_self_reliant:adjective:attributiveʳイイ⌉⌈ˢのᵖprt:pre_noun_particleʳノ⌉⌈ˢにᵖprt:case_particleʳニ⌉⌈ˢぜᵖprt:sentence_final_particleʳゼ⌉⌈ˢわᵖprt:sentence_final_particleʳワ⌉⌈ˢ。ᵖauxs:period⌉
テストの勉強、あんまりしなかったようだねぜわ。	netslang	hakataben	⌈ˢテストᵖn:common_noun:suru-possible⌉⌈ˢのᵖprt:case_particleʳノ⌉⌈ˢ勉強ᵖn:common_noun:suru-possibleʳベンキョウ⌉⌈ˢ、ᵖauxs:comma⌉⌈ˢあんまりᵖadvʳアンマリ⌉⌈ˢしᵖv:non_self_reliant:sa-irregular:imperfectiveᵇするᵈするʳシ⌉⌈ˢなかっᵖauxv:auxv-nai:conjunctive-geminateᵇないᵈないʳナカッ⌉⌈ˢたᵖauxv:auxv-ta:attributiveʳタ⌉⌈ˢようᵖshp:auxiliary_verb_stemʳヨウ⌉⌈ˢだᵖauxv:auxv-da:terminalʳダ⌉⌈ˢねᵖprt:sentence_final_particleʳネ⌉⌈ˢぜᵖprt:sentence_final_particleʳゼ⌉⌈ˢわᵖprt:sentence_final_particleʳワ⌉⌈ˢ。ᵖauxs:period⌉
テストの結果が心配だぞわ。	netslang	hakataben	⌈ˢテストᵖn:common_noun:suru-possible⌉⌈ˢのᵖprt:case_particleʳノ⌉⌈ˢ結果ᵖn:common_noun:adverb-possibleʳケッカ⌉⌈ˢがᵖprt:case_particleʳガ⌉⌈ˢ心配ᵖn:common_noun:pos2-unk2ʳシンパイ⌉⌈ˢだᵖauxv:auxv-da:terminalʳダ⌉⌈ˢぞᵖprt:sentence_final_particleʳゾ⌉⌈ˢわᵖprt:sentence_final_particleʳワ⌉⌈ˢ。ᵖauxs:period⌉
テストはなんとかなったた。	netslang	hakataben	⌈ˢテストᵖn:common_noun:suru-possible⌉⌈ˢはᵖprt:binding_particleʳハ⌉⌈ˢなんᵖpronʳナン⌉⌈ˢとᵖprt:case_particleʳト⌉⌈ˢかなっᵖv:general:godan-waa:conjunctive-geminateᵇかなうᵈかなうʳカナッ⌉⌈ˢたᵖauxv:auxv-ta:terminalʳタ⌉⌈ˢたᵖauxv:auxv-ta:terminalʳタ⌉⌈ˢ。ᵖauxs:period⌉
トムはすごくいいお友達なんだけど、見た目ががイノシシだから恋愛対象にはならないんだ。	netslang	kyoshigo	⌈ˢトムᵖn:proper_noun:person-name⌉⌈ˢはᵖprt:binding_particleʳハ⌉⌈ˢすごくᵖadj:general:adjective:conjunctiveᵇすごいᵈすごいʳスゴク⌉⌈ˢいいᵖadj:non_self_reliant:adjective:attributiveʳイイ⌉⌈ˢおᵖprefʳオ⌉⌈ˢ友達ᵖn:common_nounʳトモダチ⌉⌈ˢなᵖauxv:auxv-da:attributiveᵇだᵈだʳナ⌉⌈ˢんᵖprt:pre_noun_particleʳン⌉⌈ˢだᵖauxv:auxv-da:terminalʳダ⌉⌈ˢけどᵖprt:conjunctive_particleʳケド⌉⌈ˢ、ᵖauxs:comma⌉⌈ˢ見た目ᵖn:common_nounʳミタメ⌉⌈ˢがᵖprt:case_particleʳガ⌉⌈ˢがᵖprt:case_particleʳガ⌉⌈ˢイノシシᵖn:common_noun⌉⌈ˢだᵖauxv:auxv-da:terminalʳダ⌉⌈ˢからᵖprt:conjunctive_particleʳカラ⌉⌈ˢ恋愛対象ᵖn:proper_nounʳレンアイタイショウ⌉⌈ˢにᵖprt:case_particleʳニ⌉⌈ˢはᵖprt:binding_particleʳハ⌉⌈ˢならᵖv:non_self_reliant:godan-ra:imperfectiveᵇなるᵈなるʳナラ⌉⌈ˢないᵖauxv:auxv-nai:attributiveʳナイ⌉⌈ˢんᵖprt:pre_noun_particleʳン⌉⌈ˢだᵖauxv:auxv-da:terminalʳダ⌉⌈ˢ。ᵖauxs:period⌉
ピザは一人二切れずつだからね。	netslang	hakataben	⌈ˢピザᵖn:common_noun⌉⌈ˢはᵖprt:binding_particleʳハ⌉⌈ˢ一人ᵖn:common_noun:adverb-possibleʳヒトリ⌉⌈ˢ二ᵖn:numeralʳニ⌉⌈ˢ切れᵖn:common_noun:counter-possibleʳキレ⌉⌈ˢずつᵖprt:adverbial_particleʳズツ⌉⌈ˢだᵖauxv:auxv-da:terminalʳダ⌉⌈ˢからᵖprt:conjunctive_particleʳカラ⌉⌈ˢねᵖprt:sentence_final_particleʳネ⌉⌈ˢ。ᵖauxs:period⌉
ホワイト先生は感謝状を何通か生徒に読んで聞かせた。	netslang	hakataben	⌈ˢホワイトᵖn:common_noun⌉⌈ˢ先生ᵖn:common_nounʳセンセイ⌉⌈ˢはᵖprt:binding_particleʳハ⌉⌈ˢ感謝状ᵖn:common_nounʳカンシャジョウ⌉⌈ˢをᵖprt:case_particleʳヲ⌉⌈ˢ何ᵖn:numeralʳナン⌉⌈ˢ通ᵖsuff:noun_like:counterʳツウ⌉⌈ˢかᵖprt:adverbial_particleʳカ⌉⌈ˢ生徒ᵖn:common_nounʳセイト⌉⌈ˢにᵖprt:case_particleʳニ⌉⌈ˢ読んᵖv:general:godan-ma:conjunctive-nasalᵇ読むᵈ読むʳヨン⌉⌈ˢでᵖprt:conjunctive_particleʳデ⌉⌈ˢ聞かᵖv:general:godan-ka:imperfectiveᵇ聞くᵈ聞くʳキカ⌉⌈ˢせᵖauxv:e-ichidan-sa:conjunctiveᵇせるᵈせるʳセ⌉⌈ˢたᵖauxv:auxv-ta:terminalʳタ⌉⌈ˢ。ᵖauxs:period⌉
ワールドカップで優勝しるた全日本チームは、意気揚々と帰国してきた。	netslang	kyoshigo	⌈ˢワールドカップᵖn:proper_noun⌉⌈ˢでᵖprt:case_particleʳデ⌉⌈ˢ優勝ᵖn:common_noun:suru-possibleʳユウショウ⌉⌈ˢしᵖv:non_self_reliant:sa-irregular:conjunctiveᵇするᵈするʳシ⌉⌈ˢるᵖauxv:auxv-ri:attributiveᵇりᵈりʳル⌉⌈ˢたᵖauxv:auxv-ta:attributiveʳタ⌉⌈ˢ全日本ᵖn:common_nounʳゼンニッポン⌉⌈ˢチームᵖn:common_noun⌉⌈ˢはᵖprt:binding_particleʳハ⌉⌈ˢ、ᵖauxs:comma⌉⌈ˢ意気揚々ᵖn:common_nounʳイキヨウヨウ⌉⌈ˢとᵖprt:case_particleʳト⌉⌈ˢ帰国ᵖn:common_noun:suru-possibleʳキコク⌉⌈ˢしᵖv:non_self_reliant:sa-irregular:conjunctiveᵇするᵈするʳシ⌉⌈ˢてᵖprt:conjunctive_particleʳテ⌉⌈ˢきᵖv:non_self_reliant:ka-irregular:conjunctiveᵇくるᵈくるʳキ⌉⌈ˢたᵖauxv:auxv-ta:terminalʳタ⌉⌈ˢ。ᵖauxs:period⌉
予想されたことだが、彼らはコンテストに敗れた。	neutral	neutral, hakataben	⌈ˢ予想ᵖn:common_noun:suru-possibleʳヨソウ⌉⌈ˢさᵖv:non_self_reliant:sa-irregular:imperfective-saᵇするᵈするʳサ⌉⌈ˢれᵖauxv:auxv-reru:conjunctiveᵇれるᵈれるʳレ⌉⌈ˢたᵖauxv:auxv-ta:attributiveʳタ⌉⌈ˢことᵖn:common_nounʳコト⌉⌈ˢだᵖauxv:auxv-da:terminalʳダ⌉⌈ˢがᵖprt:conjunctive_particleʳガ⌉⌈ˢ、ᵖauxs:comma⌉⌈ˢ彼ᵖpronʳカレ⌉⌈ˢらᵖsuff:noun_likeʳラ⌉⌈ˢはᵖprt:binding_particleʳハ⌉⌈ˢコンテストᵖn:common_noun⌉⌈ˢにᵖprt:case_particleʳニ⌉⌈ˢ敗れᵖv:general:e-ichidan-ra:conjunctiveᵇ敗れるᵈ敗れるʳヤブレ⌉⌈ˢたᵖauxv:auxv-ta:terminalʳタ⌉⌈ˢ。ᵖauxs:period⌉
今年はライオンズが優勝するはと思うな。	none	kyoshigo	⌈ˢ今年ᵖn:common_noun:adverb-possibleʳコトシ⌉⌈ˢはᵖprt:binding_particleʳハ⌉⌈ˢライオンズᵖn:proper_noun⌉⌈ˢがᵖprt:case_particleʳガ⌉⌈ˢ優勝ᵖn:common_noun:suru-possibleʳユウショウ⌉⌈ˢするᵖv:non_self_reliant:sa-irregular:terminalʳスル⌉⌈ˢはᵖprt:binding_particleʳハ⌉⌈ˢとᵖprt:case_particleʳト⌉⌈ˢ思うᵖv:general:godan-waa:terminalʳオモウ⌉⌈ˢなᵖprt:sentence_final_particleʳナ⌉⌈ˢ。ᵖauxs:period⌉
今日おいでになったときにお会いをできなくて、申し訳ありませんでした。	none	neutral	⌈ˢ今日ᵖn:common_noun:adverb-possibleʳキョウ⌉⌈ˢおᵖprefʳオ⌉⌈ˢいでᵖv:general:e-ichidan-da:conjunctiveᵇいでるᵈいでるʳイデ⌉⌈ˢにᵖprt:case_particleʳニ⌉⌈ˢなっᵖv:non_self_reliant:godan-ra:conjunctive-geminateᵇなるᵈなるʳナッ⌉⌈ˢたᵖauxv:auxv-ta:attributiveʳタ⌉⌈ˢときᵖn:common_noun:adverb-possibleʳトキ⌉⌈ˢにᵖprt:case_particleʳニ⌉⌈ˢおᵖprefʳオ⌉⌈ˢ会いᵖv:general:godan-waa:conjunctiveᵇ会うᵈ会うʳアイ⌉⌈ˢをᵖprt:case_particleʳヲ⌉⌈ˢできᵖv:non_self_reliant:i-ichidan-ka:imperfectiveᵇできるᵈできるʳデキ⌉⌈ˢなくᵖauxv:auxv-nai:conjunctiveᵇないᵈないʳナク⌉⌈ˢてᵖprt:conjunctive_particleʳテ⌉⌈ˢ、ᵖauxs:comma⌉⌈ˢ申し訳ᵖn:common_nounʳモウシワケ⌉⌈ˢありᵖv:non_self_reliant:godan-ra:conjunctiveᵇあるᵈあるʳアリ⌉⌈ˢませᵖauxv:auxv-masu:imperfectiveᵇますᵈますʳマセ⌉⌈ˢんᵖauxv:auxv-nu:terminal-nasalᵇぬᵈぬʳン⌉⌈ˢでしᵖauxv:auxv-desu:conjunctiveᵇですᵈですʳデシ⌉⌈ˢたᵖauxv:auxv-ta:terminalʳタ⌉⌈ˢ。ᵖauxs:period⌉
今日の午後、英語のテストがありますぜ。	netslang	hakataben	⌈ˢ今日ᵖn:common_noun:adverb-possibleʳキョウ⌉⌈ˢのᵖprt:case_particleʳノ⌉⌈ˢ午後ᵖn:common_noun:adverb-possibleʳゴゴ⌉⌈ˢ、ᵖauxs:comma⌉⌈ˢ英語ᵖn:common_nounʳエイゴ⌉⌈ˢのᵖprt:case_particleʳノ⌉⌈ˢテストᵖn:common_noun:suru-possible⌉⌈ˢがᵖprt:case_particleʳガ⌉⌈ˢありᵖv:non_self_reliant:godan-ra:conjunctiveᵇあるᵈあるʳアリ⌉⌈ˢますᵖauxv:auxv-masu:terminalʳマス⌉⌈ˢぜᵖprt:sentence_final_particleʳゼ⌉⌈ˢ。ᵖauxs:period⌉
仕事にに取りかかろう。	netslang	kansaiben	⌈ˢ仕事ᵖn:common_noun:suru-possibleʳシゴト⌉⌈ˢにᵖprt:case_particleʳニ⌉⌈ˢにᵖprt:case_particleʳニ⌉⌈ˢ取りかかろうᵖv:general:godan-ra:volitional-presumptiveᵇ取りかかるᵈ取りかかるʳトリカカロウ⌉⌈ˢ。ᵖauxs:period⌉
企画展のチケットで常設展もご覧いただけますぞ。	netslang	neutral	⌈ˢ企画展ᵖn:common_nounʳキカクテン⌉⌈ˢのᵖprt:case_particleʳノ⌉⌈ˢチケットᵖn:common_noun⌉⌈ˢでᵖprt:case_particleʳデ⌉⌈ˢ常設展ᵖn:common_nounʳジョウセツテン⌉⌈ˢもᵖprt:binding_particleʳモ⌉⌈ˢご覧ᵖn:common_nounʳゴラン⌉⌈ˢいただけᵖv:non_self_reliant:e-ichidan-ka:conjunctiveᵇいただけるᵈいただけるʳイタダケ⌉⌈ˢますᵖauxv:auxv-masu:terminalʳマス⌉⌈ˢぞᵖprt:sentence_final_particleʳゾ⌉⌈ˢ。ᵖauxs:period⌉
何かを信じる事が現代の若者にとってどれほど難しいか、おわかりにならないようですぜね。	kansaiben	neutral, kansaiben	⌈ˢ何ᵖpronʳナン⌉⌈ˢかᵖprt:adverbial_particleʳカ⌉⌈ˢをᵖprt:case_particleʳヲ⌉⌈ˢ信じるᵖv:general:i-ichidan-za:attributiveʳシンジル⌉⌈ˢ事ᵖn:common_nounʳコト⌉⌈ˢがᵖprt:case_particleʳガ⌉⌈ˢ現代ᵖn:common_noun:adverb-possibleʳゲンダイ⌉⌈ˢのᵖprt:case_particleʳノ⌉⌈ˢ若者ᵖn:common_nounʳワカモノ⌉⌈ˢにᵖprt:case_particleʳニ⌉⌈ˢとっᵖv:general:godan-ra:conjunctive-geminateᵇとるᵈとるʳトッ⌉⌈ˢてᵖprt:conjunctive_particleʳテ⌉⌈ˢどれᵖpronʳドレ⌉⌈ˢほどᵖprt:adverbial_particleʳホド⌉⌈ˢ難しいᵖadj:general:adjective:terminalʳムズカシイ⌉⌈ˢかᵖprt:adverbial_particleʳカ⌉⌈ˢ、ᵖauxs:comma⌉⌈ˢおᵖprefʳオ⌉⌈ˢわかりᵖv:general:godan-ra:conjunctiveᵇわかるᵈわかるʳワカリ⌉⌈ˢにᵖprt:case_particleʳニ⌉⌈ˢならᵖv:non_self_reliant:godan-ra:imperfectiveᵇなるᵈなるʳナラ⌉⌈ˢないᵖauxv:auxv-nai:attributiveʳナイ⌉⌈ˢようᵖshp:auxiliary_verb_stemʳヨウ⌉⌈ˢですᵖauxv:auxv-desu:terminalʳデス⌉⌈ˢぜᵖprt:sentence_final_particleʳゼ⌉⌈ˢねᵖprt:sentence_final_particleʳネ⌉⌈ˢ。ᵖauxs:period⌉
何と言われようと、私は夢を諦めてやんない。	neutral	neutral, kenjogo	⌈ˢ何ᵖpronʳナン⌉⌈ˢとᵖprt:case_particleʳト⌉⌈ˢ言わᵖv:general:godan-waa:imperfectiveᵇ言うᵈ言うʳイワ⌉⌈ˢれようᵖauxv:auxv-reru:volitional-presumptiveᵇれるᵈれるʳレヨウ⌉⌈ˢとᵖprt:conjunctive_particleʳト⌉⌈ˢ、ᵖauxs:comma⌉⌈ˢ私ᵖpronʳワタクシ⌉⌈ˢはᵖprt:binding_particleʳハ⌉⌈ˢ夢ᵖn:common_nounʳユメ⌉⌈ˢをᵖprt:case_particleʳヲ⌉⌈ˢ諦めᵖv:general:e-ichidan-ma:conjunctiveᵇ諦めるᵈ諦めるʳアキラメ⌉⌈ˢてᵖprt:conjunctive_particleʳテ⌉⌈ˢやんᵖv:non_self_reliant:godan-ra:imperfective-nasalᵇやるᵈやるʳヤン⌉⌈ˢないᵖauxv:auxv-nai:terminalʳナイ⌉⌈ˢ。ᵖauxs:period⌉
何ををどうやったら、鍋がこんなに真っ黒焦げになるわけ？	netslang	neutral	⌈ˢ何ᵖpronʳナン⌉⌈ˢをᵖprt:case_particleʳヲ⌉⌈ˢをᵖprt:case_particleʳヲ⌉⌈ˢどうᵖadvʳドウ⌉⌈ˢやっᵖv:non_self_reliant:godan-ra:conjunctive-geminateᵇやるᵈやるʳヤッ⌉⌈ˢたらᵖauxv:auxv-ta:conditionalᵇたᵈたʳタラ⌉⌈ˢ、ᵖauxs:comma⌉⌈ˢ鍋ᵖn:common_nounʳナベ⌉⌈ˢがᵖprt:case_particleʳガ⌉⌈ˢこんなᵖshp:generalʳコンナ⌉⌈ˢにᵖauxv:auxv-da:conjunctive-niᵇだᵈだʳニ⌉⌈ˢ真っᵖprefʳマッ⌉⌈ˢ黒焦げᵖn:common_nounʳクロコゲ⌉⌈ˢにᵖprt:case_particleʳニ⌉⌈ˢなるᵖv:non_self_reliant:godan-ra:attributiveʳナル⌉⌈ˢわけᵖn:common_nounʳワケ⌉⌈ˢ？ᵖauxs:periodᵇ?ᵈ?ʳ?⌉
俺が自分と同じぐらい頭良かったらええねんけどな。	netslang	kenjogo	⌈ˢ俺ᵖpronʳオレ⌉⌈ˢがᵖprt:case_particleʳガ⌉⌈ˢ自分ᵖn:common_nounʳジブン⌉⌈ˢとᵖprt:case_particleʳト⌉⌈ˢ同じᵖatʳオナジ⌉⌈ˢぐらいᵖprt:adverbial_particleʳグライ⌉⌈ˢ頭ᵖn:common_nounʳアタマ⌉⌈ˢ良かっᵖadj:non_self_reliant:adjective:conjunctive-geminateᵇ良いᵈ良いʳヨカッ⌉⌈ˢたらᵖauxv:auxv-ta:conditionalᵇたᵈたʳタラ⌉⌈ˢええᵖadj:non_self_reliant:adjective:terminalʳエエ⌉⌈ˢねんᵖprt:sentence_final_particleʳネン⌉⌈ˢけどᵖprt:conjunctive_particleʳケド⌉⌈ˢなᵖprt:sentence_final_particleʳナ⌉⌈ˢ。ᵖauxs:period⌉
優勝候補とあって、チームの練習は一層厳しくなっております。	netslang	kyoshigo	⌈ˢ優勝候補ᵖn:common_nounʳユウショウコウホ⌉⌈ˢとᵖprt:case_particleʳト⌉⌈ˢあっᵖv:non_self_reliant:godan-ra:conjunctive-geminateᵇあるᵈあるʳアッ⌉⌈ˢてᵖprt:conjunctive_particleʳテ⌉⌈ˢ、ᵖauxs:comma⌉⌈ˢチームᵖn:common_noun⌉⌈ˢのᵖprt:case_particleʳノ⌉⌈ˢ練習ᵖn:common_noun:suru-possibleʳレンシュウ⌉⌈ˢはᵖprt:binding_particleʳハ⌉⌈ˢ一層ᵖadvʳイッソウ⌉⌈ˢ厳しくᵖadj:general:adjective:conjunctiveᵇ厳しいᵈ厳しいʳキビシク⌉⌈ˢなっᵖv:non_self_reliant:godan-ra:conjunctive-geminateᵇなるᵈなるʳナッ⌉⌈ˢてᵖprt:conjunctive_particleʳテ⌉⌈ˢおりᵖv:non_self_reliant:godan-ra:conjunctiveᵇおるᵈおるʳオリ⌉⌈ˢますᵖauxv:auxv-masu:terminalʳマス⌉⌈ˢ。ᵖauxs:period⌉
先生にご指導いただいたことによって、私はスピーチ大会で優勝することができました。	netslang	neutral, kyoshigo	⌈ˢ先生ᵖn:common_nounʳセンセイ⌉⌈ˢにᵖprt:case_particleʳニ⌉⌈ˢごᵖprefʳゴ⌉⌈ˢ指導ᵖn:common_noun:suru-possibleʳシドウ⌉⌈ˢいただいᵖv:non_self_reliant:godan-ka:conjunctive-i-soundᵇいただくᵈいただくʳイタダイ⌉⌈ˢたᵖauxv:auxv-ta:attributiveʳタ⌉⌈ˢことᵖn:common_nounʳコト⌉⌈ˢにᵖprt:case_particleʳニ⌉⌈ˢよっᵖv:general:godan-ra:conjunctive-geminateᵇよるᵈよるʳヨッ⌉⌈ˢてᵖprt:conjunctive_particleʳテ⌉⌈ˢ、ᵖauxs:comma⌉⌈ˢ私ᵖpronʳワタクシ⌉⌈ˢはᵖprt:binding_particleʳハ⌉⌈ˢスピーチᵖn:common_noun:suru-possible⌉⌈ˢ大会ᵖn:common_nounʳタイカイ⌉⌈ˢでᵖprt:case_particleʳデ⌉⌈ˢ優勝ᵖn:common_noun:suru-possibleʳユウショウ⌉⌈ˢするᵖv:non_self_reliant:sa-irregular:attributiveʳスル⌉⌈ˢことᵖn:common_nounʳコト⌉⌈ˢがᵖprt:case_particleʳガ⌉⌈ˢできᵖv:non_self_reliant:i-ichidan-ka:conjunctiveᵇできるᵈできるʳデキ⌉⌈ˢましᵖauxv:auxv-masu:conjunctiveᵇますᵈますʳマシ⌉⌈ˢたᵖauxv:auxv-ta:terminalʳタ⌉⌈ˢ。ᵖauxs:period⌉
先生はテスト用紙を配ったた。	netslang	hakataben	⌈ˢ先生ᵖn:common_nounʳセンセイ⌉⌈ˢはᵖprt:binding_particleʳハ⌉⌈ˢテストᵖn:common_noun:suru-possible⌉⌈ˢ用ᵖsuff:noun_likeʳヨウ⌉⌈ˢ紙ᵖsuff:noun_likeʳシ⌉⌈ˢをᵖprt:case_particleʳヲ⌉⌈ˢ配っᵖv:general:godan-ra:conjunctive-geminateᵇ配るᵈ配るʳクバッ⌉⌈ˢたᵖauxv:auxv-ta:terminalʳタ⌉⌈ˢたᵖauxv:auxv-ta:terminalʳタ⌉⌈ˢ。ᵖauxs:period⌉
先生はベルの音が聞こえなかったので、話し続けたぜわ。	netslang	hakataben	⌈ˢ先生ᵖn:common_nounʳセンセイ⌉⌈ˢはᵖprt:binding_particleʳハ⌉⌈ˢベルᵖn:common_noun⌉⌈ˢのᵖprt:case_particleʳノ⌉⌈ˢ音ᵖn:common_nounʳオト⌉⌈ˢがᵖprt:case_particleʳガ⌉⌈ˢ聞こえᵖv:general:e-ichidan-a:imperfectiveᵇ聞こえるᵈ聞こえるʳキコエ⌉⌈ˢなかっᵖauxv:auxv-nai:conjunctive-geminateᵇないᵈないʳナカッ⌉⌈ˢたᵖauxv:auxv-ta:attributiveʳタ⌉⌈ˢのᵖprt:pre_noun_particleʳノ⌉⌈ˢでᵖauxv:auxv-da:conjunctiveᵇだᵈだʳデ⌉⌈ˢ、ᵖauxs:comma⌉⌈ˢ話しᵖv:general:godan-sa:conjunctiveᵇ話すᵈ話すʳハナシ⌉⌈ˢ続けᵖv:non_self_reliant:e-ichidan-ka:conjunctiveᵇ続けるᵈ続けるʳツヅケ⌉⌈ˢたᵖauxv:auxv-ta:terminalʳタ⌉⌈ˢぜᵖprt:sentence_final_particleʳゼ⌉⌈ˢわᵖprt:sentence_final_particleʳワ⌉⌈ˢ。ᵖauxs:period⌉
先輩はご卒業なさるとかで、寂しくなりますね。	netslang	neutral	⌈ˢ先輩ᵖn:common_nounʳセンパイ⌉⌈ˢはᵖprt:binding_particleʳハ⌉⌈ˢごᵖprefʳゴ⌉⌈ˢ卒業ᵖn:common_noun:suru-possibleʳソツギョウ⌉⌈ˢなさるᵖv:non_self_reliant:godan-ra:terminalʳナサル⌉⌈ˢとᵖprt:case_particleʳト⌉⌈ˢかᵖprt:adverbial_particleʳカ⌉⌈ˢでᵖprt:case_particleʳデ⌉⌈ˢ、ᵖauxs:comma⌉⌈ˢ寂しくᵖadj:general:adjective:conjunctiveᵇ寂しいᵈ寂しいʳサビシク⌉⌈ˢなりᵖv:non_self_reliant:godan-ra:conjunctiveᵇなるᵈなるʳナリ⌉⌈ˢますᵖauxv:auxv-masu:terminalʳマス⌉⌈ˢねᵖprt:sentence_final_particleʳネ⌉⌈ˢ。ᵖauxs:period⌉
兵十ががいなくなると、ごんは、ぴょいと草の中からとび出して、びくのそばへかけつけました。ちょいと、いたずらがしたくなったのです。	netslang	kyoshigo	⌈ˢ兵十ᵖn:proper_noun:person-nameʳヘイジュウ⌉⌈ˢがᵖprt:case_particleʳガ⌉⌈ˢがᵖprt:case_particleʳガ⌉⌈ˢいᵖv:non_self_reliant:i-ichidan-a:imperfectiveᵇいるᵈいるʳイ⌉⌈ˢなくᵖauxv:auxv-nai:conjunctiveᵇないᵈないʳナク⌉⌈ˢなるᵖv:non_self_reliant:godan-ra:terminalʳナル⌉⌈ˢとᵖprt:conjunctive_particleʳト⌉⌈ˢ、ᵖauxs:comma⌉⌈ˢごんᵖn:proper_nounʳゴン⌉⌈ˢはᵖprt:binding_particleʳハ⌉⌈ˢ、ᵖauxs:comma⌉⌈ˢぴょいᵖadvʳピョイ⌉⌈ˢとᵖprt:case_particleʳト⌉⌈ˢ草ᵖn:common_nounʳクサ⌉⌈ˢのᵖprt:case_particleʳノ⌉⌈ˢ中ᵖn:common_noun:adverb-possibleʳナカ⌉⌈ˢからᵖprt:case_particleʳカラ⌉⌈ˢとび出しᵖv:general:godan-sa:conjunctiveᵇとび出すᵈとび出すʳトビダシ⌉⌈ˢてᵖprt:conjunctive_particleʳテ⌉⌈ˢ、ᵖauxs:comma⌉⌈ˢびくᵖn:common_nounʳビク⌉⌈ˢのᵖprt:case_particleʳノ⌉⌈ˢそばᵖn:common_nounʳソバ⌉⌈ˢへᵖprt:case_particleʳヘ⌉⌈ˢかけつけᵖv:general:e-ichidan-ka:conjunctiveᵇかけつけるᵈかけつけるʳカケツケ⌉⌈ˢましᵖauxv:auxv-masu:conjunctiveᵇますᵈますʳマシ⌉⌈ˢたᵖauxv:auxv-ta:terminalʳタ⌉⌈ˢ。ᵖauxs:period⌉⌈ˢちょいとᵖadvʳチョイト⌉⌈ˢ、ᵖauxs:comma⌉⌈ˢいたずらᵖn:common_noun:pos2-unk2ʳイタズラ⌉⌈ˢがᵖprt:case_particleʳガ⌉⌈ˢしᵖv:non_self_reliant:sa-irregular:conjunctiveᵇするᵈするʳシ⌉⌈ˢたくᵖauxv:auxv-tai:conjunctiveᵇたいᵈたいʳタク⌉⌈ˢなっᵖv:non_self_reliant:godan-ra:conjunctive-geminateᵇなるᵈなるʳナッ⌉⌈ˢたᵖauxv:auxv-ta:attributiveʳタ⌉⌈ˢのᵖprt:pre_noun_particleʳノ⌉⌈ˢですᵖauxv:auxv-desu:terminalʳデス⌉⌈ˢ。ᵖauxs:period⌉
内容をご覧になり、適切なご意見をいただければ幸いですぜ。	netslang	neutral	⌈ˢ内容ᵖn:common_nounʳナイヨウ⌉⌈ˢをᵖprt:case_particleʳヲ⌉⌈ˢご覧ᵖn:common_nounʳゴラン⌉⌈ˢにᵖprt:case_particleʳニ⌉⌈ˢなりᵖv:non_self_reliant:godan-ra:conjunctiveᵇなるᵈなるʳナリ⌉⌈ˢ、ᵖauxs:comma⌉⌈ˢ適切ᵖshp:generalʳテキセツ⌉⌈ˢなᵖauxv:auxv-da:attributiveᵇだᵈだʳナ⌉⌈ˢごᵖprefʳゴ⌉⌈ˢ意見ᵖn:common_noun:suru-possibleʳイケン⌉⌈ˢをᵖprt:case_particleʳヲ⌉⌈ˢいただけれᵖv:non_self_reliant:e-ichidan-ka:conditionalᵇいただけるᵈいただけるʳイタダケレ⌉⌈ˢばᵖprt:conjunctive_particleʳバ⌉⌈ˢ幸いᵖn:common_noun:pos2-unk2ʳサイワイ⌉⌈ˢですᵖauxv:auxv-desu:terminalʳデス⌉⌈ˢぜᵖprt:sentence_final_particleʳゼ⌉⌈ˢ。ᵖauxs:period⌉
切符を買うはには少なくとも１時間待たなくてはなりません。	netslang	hakataben	⌈ˢ切符ᵖn:common_nounʳキップ⌉⌈ˢをᵖprt:case_particleʳヲ⌉⌈ˢ買うᵖv:general:godan-waa:terminalʳカウ⌉⌈ˢはᵖprt:binding_particleʳハ⌉⌈ˢにᵖprt:case_particleʳニ⌉⌈ˢはᵖprt:binding_particleʳハ⌉⌈ˢ少なくᵖadj:general:adjective:conjunctiveᵇ少ないᵈ少ないʳスクナク⌉⌈ˢともᵖprt:conjunctive_particleʳトモ⌉⌈ˢ１ᵖn:numeralᵇ1ᵈ1ʳイチ⌉⌈ˢ時間ᵖn:common_noun:counter-possibleʳジカン⌉⌈ˢ待たᵖv:general:godan-ta:imperfectiveᵇ待つᵈ待つʳマタ⌉⌈ˢなくᵖauxv:auxv-nai:conjunctiveᵇないᵈないʳナク⌉⌈ˢてᵖprt:conjunctive_particleʳテ⌉⌈ˢはᵖprt:binding_particleʳハ⌉⌈ˢなりᵖv:non_self_reliant:godan-ra:conjunctiveᵇなるᵈなるʳナリ⌉⌈ˢませᵖauxv:auxv-masu:imperfectiveᵇますᵈますʳマセ⌉⌈ˢんᵖauxv:auxv-nu:terminal-nasalᵇぬᵈぬʳン⌉⌈ˢ。ᵖauxs:period⌉
切符を買うますには少なくとも１時間待たなくてはなりません。	netslang	hakataben	⌈ˢ切符ᵖn:common_nounʳキップ⌉⌈ˢをᵖprt:case_particleʳヲ⌉⌈ˢ買うᵖv:general:godan-waa:terminalʳカウ⌉⌈ˢますᵖauxv:auxv-masu:terminalʳマス⌉⌈ˢにᵖprt:case_particleʳニ⌉⌈ˢはᵖprt:binding_particleʳハ⌉⌈ˢ少なくᵖadj:general:adjective:conjunctiveᵇ少ないᵈ少ないʳスクナク⌉⌈ˢともᵖprt:conjunctive_particleʳトモ⌉⌈ˢ１ᵖn:numeralᵇ1ᵈ1ʳイチ⌉⌈ˢ時間ᵖn:common_noun:counter-possibleʳジカン⌉⌈ˢ待たᵖv:general:godan-ta:imperfectiveᵇ待つᵈ待つʳマタ⌉⌈ˢなくᵖauxv:auxv-nai:conjunctiveᵇないᵈないʳナク⌉⌈ˢてᵖprt:conjunctive_particleʳテ⌉⌈ˢはᵖprt:binding_particleʳハ⌉⌈ˢなりᵖv:non_self_reliant:godan-ra:conjunctiveᵇなるᵈなるʳナリ⌉⌈ˢませᵖauxv:auxv-masu:imperfectiveᵇますᵈますʳマセ⌉⌈ˢんᵖauxv:auxv-nu:terminal-nasalᵇぬᵈぬʳン⌉⌈ˢ。ᵖauxs:period⌉
召し上がりるたいものがあったら、遠慮なく言ってください。	kansaiben	neutral, kansaiben	⌈ˢ召し上がりᵖv:general:godan-ra:conjunctiveᵇ召し上がるᵈ召し上がるʳメシアガリ⌉⌈ˢるᵖauxv:auxv-ri:attributiveᵇりᵈりʳル⌉⌈ˢたいᵖauxv:auxv-tai:attributiveʳタイ⌉⌈ˢものᵖn:common_noun:suru-possibleʳモノ⌉⌈ˢがᵖprt:case_particleʳガ⌉⌈ˢあっᵖv:non_self_reliant:godan-ra:conjunctive-geminateᵇあるᵈあるʳアッ⌉⌈ˢたらᵖauxv:auxv-ta:conditionalᵇたᵈたʳタラ⌉⌈ˢ、ᵖauxs:comma⌉⌈ˢ遠慮ᵖn:common_noun:suru-possibleʳエンリョ⌉⌈ˢなくᵖadj:non_self_reliant:adjective:conjunctiveᵇないᵈないʳナク⌉⌈ˢ言っᵖv:general:godan-waa:conjunctive-geminateᵇ言うᵈ言うʳイッ⌉⌈ˢてᵖprt:conjunctive_particleʳテ⌉⌈ˢくださいᵖv:non_self_reliant:godan-ra:imperativeᵇくださるᵈくださるʳクダサイ⌉⌈ˢ。ᵖauxs:period⌉
君は野心と能力の間に折り合いをつけないと。	kansaiben, netslang	kansaiben	⌈ˢ君ᵖpronʳキミ⌉⌈ˢはᵖprt:binding_particleʳハ⌉⌈ˢ野心ᵖn:common_nounʳヤシン⌉⌈ˢとᵖprt:case_particleʳト⌉⌈ˢ能力ᵖn:common_nounʳノウリョク⌉⌈ˢのᵖprt:case_particleʳノ⌉⌈ˢ間ᵖn:common_noun:adverb-possibleʳアイダ⌉⌈ˢにᵖprt:case_particleʳニ⌉⌈ˢ折り合いᵖn:common_nounʳオリアイ⌉⌈ˢをᵖprt:case_particleʳヲ⌉⌈ˢつけᵖv:non_self_reliant:e-ichidan-ka:imperfectiveᵇつけるᵈつけるʳツケ⌉⌈ˢないᵖauxv:auxv-nai:terminalʳナイ⌉⌈ˢとᵖprt:case_particleʳト⌉⌈ˢ。ᵖauxs:period⌉
喉が乾いているのでしたらご自由に飲み物を取ってお飲みくださいぞ。	netslang	neutral	⌈ˢ喉ᵖn:common_nounʳノド⌉⌈ˢがᵖprt:case_particleʳガ⌉⌈ˢ乾いᵖv:general:godan-ka:conjunctive-i-soundᵇ乾くᵈ乾くʳカワイ⌉⌈ˢてᵖprt:conjunctive_particleʳテ⌉⌈ˢいるᵖv:non_self_reliant:i-ichidan-a:attributiveʳイル⌉⌈ˢのᵖprt:pre_noun_particleʳノ⌉⌈ˢでしᵖauxv:auxv-desu:conjunctiveᵇですᵈですʳデシ⌉⌈ˢたらᵖauxv:auxv-ta:conditionalᵇたᵈたʳタラ⌉⌈ˢごᵖprefʳゴ⌉⌈ˢ自由ᵖn:common_noun:pos2-unk1ʳジユウ⌉⌈ˢにᵖauxv:auxv-da:conjunctive-niᵇだᵈだʳニ⌉⌈ˢ飲み物ᵖn:common_nounʳノミモノ⌉⌈ˢをᵖprt:case_particleʳヲ⌉⌈ˢ取っᵖv:general:godan-ra:conjunctive-geminateᵇ取るᵈ取るʳトッ⌉⌈ˢてᵖprt:conjunctive_particleʳテ⌉⌈ˢおᵖprefʳオ⌉⌈ˢ飲みᵖv:general:godan-ma:conjunctiveᵇ飲むᵈ飲むʳノミ⌉⌈ˢくださいᵖv:non_self_reliant:godan-ra:imperativeᵇくださるᵈくださるʳクダサイ⌉⌈ˢぞᵖprt:sentence_final_particleʳゾ⌉⌈ˢ。ᵖauxs:period⌉
変換にはかなりの時間がかかるです。	netslang	hakataben	⌈ˢ変換ᵖn:common_noun:suru-possibleʳヘンカン⌉⌈ˢにᵖprt:case_particleʳニ⌉⌈ˢはᵖprt:binding_particleʳハ⌉⌈ˢかなりᵖshp:generalʳカナリ⌉⌈ˢのᵖprt:case_particleʳノ⌉⌈ˢ時間ᵖn:common_noun:counter-possibleʳジカン⌉⌈ˢがᵖprt:case_particleʳガ⌉⌈ˢかかるᵖv:non_self_reliant:godan-ra:attributiveʳカカル⌉⌈ˢですᵖauxv:auxv-desu:terminalʳデス⌉⌈ˢ。ᵖauxs:period⌉
大女優になっても、彼女は挨拶の仕方も丁寧に指導する。	netslang	neutral	⌈ˢ大ᵖprefʳダイ⌉⌈ˢ女優ᵖn:common_nounʳジョユウ⌉⌈ˢにᵖprt:case_particleʳニ⌉⌈ˢなっᵖv:non_self_reliant:godan-ra:conjunctive-geminateᵇなるᵈなるʳナッ⌉⌈ˢてᵖprt:conjunctive_particleʳテ⌉⌈ˢもᵖprt:binding_particleʳモ⌉⌈ˢ、ᵖauxs:comma⌉⌈ˢ彼女ᵖpronʳカノジョ⌉⌈ˢはᵖprt:binding_particleʳハ⌉⌈ˢ挨拶ᵖn:common_noun:suru-possibleʳアイサツ⌉⌈ˢのᵖprt:case_particleʳノ⌉⌈ˢ仕方ᵖn:common_nounʳシカタ⌉⌈ˢもᵖprt:binding_particleʳモ⌉⌈ˢ丁寧ᵖshp:generalʳテイネイ⌉⌈ˢにᵖauxv:auxv-da:conjunctive-niᵇだᵈだʳニ⌉⌈ˢ指導ᵖn:common_noun:suru-possibleʳシドウ⌉⌈ˢするᵖv:non_self_reliant:sa-irregular:terminalʳスル⌉⌈ˢ。ᵖauxs:period⌉
天気が良かろうが悪かろうが、ショーは続行されます。	neutral	neutral, kansaiben	⌈ˢ天気ᵖn:common_nounʳテンキ⌉⌈ˢがᵖprt:case_particleʳガ⌉⌈ˢ良かろうᵖadj:non_self_reliant:adjective:volitional-presumptiveᵇ良いᵈ良いʳヨカロウ⌉⌈ˢがᵖprt:conjunctive_particleʳガ⌉⌈ˢ悪かろうᵖadj:general:adjective:volitional-presumptiveᵇ悪いᵈ悪いʳワルカロウ⌉⌈ˢがᵖprt:conjunctive_particleʳガ⌉⌈ˢ、ᵖauxs:comma⌉⌈ˢショーᵖn:common_noun⌉⌈ˢはᵖprt:binding_particleʳハ⌉⌈ˢ続行ᵖn:common_noun:suru-possibleʳゾッコウ⌉⌈ˢさᵖv:non_self_reliant:sa-irregular:imperfective-saᵇするᵈするʳサ⌉⌈ˢれᵖauxv:auxv-reru:conjunctiveᵇれるᵈれるʳレ⌉⌈ˢますᵖauxv:auxv-masu:terminalʳマス⌉⌈ˢ。ᵖauxs:period⌉
好きだの、嫌いだのと	netslang	kansaiben	⌈ˢ好きᵖshp:generalʳスキ⌉⌈ˢだᵖauxv:auxv-da:terminalʳダ⌉⌈ˢのᵖprt:case_particleʳノ⌉⌈ˢ、ᵖauxs:comma⌉⌈ˢ嫌いᵖn:common_noun:pos2-unk1ʳキライ⌉⌈ˢだᵖauxv:auxv-da:terminalʳダ⌉⌈ˢのᵖprt:case_particleʳノ⌉⌈ˢとᵖprt:case_particleʳト⌉
妻は魚のオードブルが好きだからね、釣りに出掛けるときはお許しが出やすいんだよねぞわ。	kenjogo	kenjogo, hakataben	⌈ˢ妻ᵖn:common_nounʳツマ⌉⌈ˢはᵖprt:binding_particleʳハ⌉⌈ˢ魚ᵖn:common_nounʳサカナ⌉⌈ˢのᵖprt:case_particleʳノ⌉⌈ˢオードブルᵖn:common_noun⌉⌈ˢがᵖprt:case_particleʳガ⌉⌈ˢ好きᵖshp:generalʳスキ⌉⌈ˢだᵖauxv:auxv-da:terminalʳダ⌉⌈ˢからᵖprt:conjunctive_particleʳカラ⌉⌈ˢねᵖprt:sentence_final_particleʳネ⌉⌈ˢ、ᵖauxs:comma⌉⌈ˢ釣りᵖn:common_nounʳツリ⌉⌈ˢにᵖprt:case_particleʳニ⌉⌈ˢ出掛けるᵖv:general:e-ichidan-ka:attributiveʳデカケル⌉⌈ˢときᵖn:common_noun:adverb-possibleʳトキ⌉⌈ˢはᵖprt:binding_particleʳハ⌉⌈ˢおᵖprefʳオ⌉⌈ˢ許しᵖn:common_nounʳユルシ⌉⌈ˢがᵖprt:case_particleʳガ⌉⌈ˢ出ᵖv:general:e-ichidan-da:conjunctiveᵇ出るᵈ出るʳデ⌉⌈ˢやすいᵖsuff:adjectival:adjective:attributiveʳヤスイ⌉⌈ˢんᵖprt:pre_noun_particleʳン⌉⌈ˢだᵖauxv:auxv-da:terminalʳダ⌉⌈ˢよᵖprt:sentence_final_particleʳヨ⌉⌈ˢねᵖprt:sentence_final_particleʳネ⌉⌈ˢぞわᵖadvʳゾワ⌉⌈ˢ。ᵖauxs:period⌉
子供の使いじゃあるますまいし、もうちょいとまともな交渉してくれんかね。	kenjogo, netslang	kenjogo	⌈ˢ子供ᵖn:common_nounʳコドモ⌉⌈ˢのᵖprt:case_particleʳノ⌉⌈ˢ使いᵖn:common_nounʳツカイ⌉⌈ˢじゃᵖauxv:auxv-da:conjunctive-fusedᵇだᵈだʳジャ⌉⌈ˢあるᵖv:non_self_reliant:godan-ra:terminalʳアル⌉⌈ˢますᵖauxv:auxv-masu:terminalʳマス⌉⌈ˢまいᵖauxv:auxv-mai:terminalʳマイ⌉⌈ˢしᵖprt:conjunctive_particleʳシ⌉⌈ˢ、ᵖauxs:comma⌉⌈ˢもうᵖadvʳモウ⌉⌈ˢちょいとᵖadvʳチョイト⌉⌈ˢまともᵖshp:generalʳマトモ⌉⌈ˢなᵖauxv:auxv-da:attributiveᵇだᵈだʳナ⌉⌈ˢ交渉ᵖn:common_noun:suru-possibleʳコウショウ⌉⌈ˢしᵖv:non_self_reliant:sa-irregular:conjunctiveᵇするᵈするʳシ⌉⌈ˢてᵖprt:conjunctive_particleʳテ⌉⌈ˢくれᵖv:non_self_reliant:e-ichidan-ra:conjunctiveᵇくれるᵈくれるʳクレ⌉⌈ˢんᵖauxv:auxv-nu:terminal-nasalᵇぬᵈぬʳン⌉⌈ˢかᵖprt:sentence_final_particleʳカ⌉⌈ˢねᵖprt:sentence_final_particleʳネ⌉⌈ˢ。ᵖauxs:period⌉
帰るときには間違いなく電気を消してくださいぞわ。	kenjogo	kenjogo, hakataben	⌈ˢ帰るᵖv:general:godan-ra:attributiveʳカエル⌉⌈ˢときᵖn:common_noun:adverb-possibleʳトキ⌉⌈ˢにᵖprt:case_particleʳニ⌉⌈ˢはᵖprt:binding_particleʳハ⌉⌈ˢ間違いᵖn:common_nounʳマチガイ⌉⌈ˢなくᵖadj:non_self_reliant:adjective:conjunctiveᵇないᵈないʳナク⌉⌈ˢ電気ᵖn:common_nounʳデンキ⌉⌈ˢをᵖprt:case_particleʳヲ⌉⌈ˢ消しᵖv:general:godan-sa:conjunctiveᵇ消すᵈ消すʳケシ⌉⌈ˢてᵖprt:conjunctive_particleʳテ⌉⌈ˢくださいᵖv:non_self_reliant:godan-ra:imperativeᵇくださるᵈくださるʳクダサイ⌉⌈ˢぞわᵖadvʳゾワ⌉⌈ˢ。ᵖauxs:period⌉
弁論大会で優勝されておめでとうございます。	neutral	neutral, kyoshigo	⌈ˢ弁論大会ᵖn:common_nounʳベンロンタイカイ⌉⌈ˢでᵖprt:case_particleʳデ⌉⌈ˢ優勝ᵖn:common_noun:suru-possibleʳユウショウ⌉⌈ˢさᵖv:non_self_reliant:sa-irregular:imperfective-saᵇするᵈするʳサ⌉⌈ˢれᵖauxv:auxv-reru:conjunctiveᵇれるᵈれるʳレ⌉⌈ˢてᵖprt:conjunctive_particleʳテ⌉⌈ˢおめでとうᵖint:generalʳオメデトウ⌉⌈ˢございᵖv:non_self_reliant:godan-ra:conjunctive-i-soundᵇござるᵈござるʳゴザイ⌉⌈ˢますᵖauxv:auxv-masu:terminalʳマス⌉⌈ˢ。ᵖauxs:period⌉
彼がどちらへ行かれたのか、存じ上げません。	neutral	neutral, sonkeigo	⌈ˢ彼ᵖpronʳカレ⌉⌈ˢがᵖprt:case_particleʳガ⌉⌈ˢどちらᵖpronʳドチラ⌉⌈ˢへᵖprt:case_particleʳヘ⌉⌈ˢ行かᵖv:non_self_reliant:godan-ka:imperfectiveᵇ行くᵈ行くʳイカ⌉⌈ˢれᵖauxv:auxv-reru:conjunctiveᵇれるᵈれるʳレ⌉⌈ˢたᵖauxv:auxv-ta:attributiveʳタ⌉⌈ˢのᵖprt:pre_noun_particleʳノ⌉⌈ˢかᵖprt:sentence_final_particleʳカ⌉⌈ˢ、ᵖauxs:comma⌉⌈ˢ存じ上げᵖv:general:e-ichidan-ga:conjunctiveᵇ存じ上げるᵈ存じ上げるʳゾンジアゲ⌉⌈ˢませᵖauxv:auxv-masu:imperfectiveᵇますᵈますʳマセ⌉⌈ˢんᵖauxv:auxv-nu:terminal-nasalᵇぬᵈぬʳン⌉⌈ˢ。ᵖauxs:period⌉
彼が大音楽家になるはだろうという母親の予言はのちに現実になった。	netslang	neutral	⌈ˢ彼ᵖpronʳカレ⌉⌈ˢがᵖprt:case_particleʳガ⌉⌈ˢ大ᵖprefʳダイ⌉⌈ˢ音楽家ᵖn:common_nounʳオンガクカ⌉⌈ˢにᵖprt:case_particleʳニ⌉⌈ˢなるᵖv:non_self_reliant:godan-ra:terminalʳナル⌉⌈ˢはᵖprt:binding_particleʳハ⌉⌈ˢだろうᵖauxv:auxv-da:volitional-presumptiveᵇだᵈだʳダロウ⌉⌈ˢとᵖprt:case_particleʳト⌉⌈ˢいうᵖv:general:godan-waa:attributiveʳイウ⌉⌈ˢ母親ᵖn:common_nounʳハハオヤ⌉⌈ˢのᵖprt:case_particleʳノ⌉⌈ˢ予言ᵖn:common_noun:suru-possibleʳヨゲン⌉⌈ˢはᵖprt:binding_particleʳハ⌉⌈ˢのちᵖn:common_noun:adverb-possibleʳノチ⌉⌈ˢにᵖprt:case_particleʳニ⌉⌈ˢ現実ᵖn:common_nounʳゲンジツ⌉⌈ˢにᵖprt:case_particleʳニ⌉⌈ˢなっᵖv:non_self_reliant:godan-ra:conjunctive-geminateᵇなるᵈなるʳナッ⌉⌈ˢたᵖauxv:auxv-ta:terminalʳタ⌉⌈ˢ。ᵖauxs:period⌉
彼の説明、変なところだらけで、分かりにくかったよ。	netslang	hakataben	⌈ˢ彼ᵖpronʳカレ⌉⌈ˢのᵖprt:case_particleʳノ⌉⌈ˢ説明ᵖn:common_noun:suru-possibleʳセツメイ⌉⌈ˢ、ᵖauxs:comma⌉⌈ˢ変ᵖn:common_noun:pos2-unk1ʳヘン⌉⌈ˢなᵖauxv:auxv-da:attributiveᵇだᵈだʳナ⌉⌈ˢところᵖn:common_noun:adverb-possibleʳトコロ⌉⌈ˢだらけᵖsuff:shape_word_likeʳダラケ⌉⌈ˢでᵖauxv:auxv-da:conjunctiveᵇだᵈだʳデ⌉⌈ˢ、ᵖauxs:comma⌉⌈ˢ分かりᵖv:general:godan-ra:conjunctiveᵇ分かるᵈ分かるʳワカリ⌉⌈ˢにくかっᵖsuff:adjectival:adjective:conjunctive-geminateᵇにくいᵈにくいʳニクカッ⌉⌈ˢたᵖauxv:auxv-ta:terminalʳタ⌉⌈ˢよᵖprt:sentence_final_particleʳヨ⌉⌈ˢ。ᵖauxs:period⌉
彼の４人抜きの活躍でうちの高校のチームが優勝しましたです。	none	kyoshigo	⌈ˢ彼ᵖpronʳカレ⌉⌈ˢのᵖprt:case_particleʳノ⌉⌈ˢ４ᵖn:numeralᵇ4ᵈ4ʳヨン⌉⌈ˢ人ᵖsuff:noun_likeʳニン⌉⌈ˢ抜きᵖn:common_nounʳヌキ⌉⌈ˢのᵖprt:case_particleʳノ⌉⌈ˢ活躍ᵖn:common_noun:suru-possibleʳカツヤク⌉⌈ˢでᵖprt:case_particleʳデ⌉⌈ˢうちᵖn:common_noun:adverb-possibleʳウチ⌉⌈ˢのᵖprt:case_particleʳノ⌉⌈ˢ高校ᵖn:common_nounʳコウコウ⌉⌈ˢのᵖprt:case_particleʳノ⌉⌈ˢチームᵖn:common_noun⌉⌈ˢがᵖprt:case_particleʳガ⌉⌈ˢ優勝ᵖn:common_noun:suru-possibleʳユウショウ⌉⌈ˢしᵖv:non_self_reliant:sa-irregular:conjunctiveᵇするᵈするʳシ⌉⌈ˢましᵖauxv:auxv-masu:conjunctiveᵇますᵈますʳマシ⌉⌈ˢたᵖauxv:auxv-ta:terminalʳタ⌉⌈ˢですᵖauxv:auxv-desu:terminalʳデス⌉⌈ˢ。ᵖauxs:period⌉
彼はかなり長いな時間そこに滞在していた。	netslang	hakataben	⌈ˢ彼ᵖpronʳカレ⌉⌈ˢはᵖprt:binding_particleʳハ⌉⌈ˢかなりᵖadvʳカナリ⌉⌈ˢ長いᵖadj:general:adjective:terminalʳナガイ⌉⌈ˢなᵖprt:sentence_final_particleʳナ⌉⌈ˢ時間ᵖn:common_noun:counter-possibleʳジカン⌉⌈ˢそこᵖpronʳソコ⌉⌈ˢにᵖprt:case_particleʳニ⌉⌈ˢ滞在ᵖn:common_noun:suru-possibleʳタイザイ⌉⌈ˢしᵖv:non_self_reliant:sa-irregular:conjunctiveᵇするᵈするʳシ⌉⌈ˢてᵖprt:conjunctive_particleʳテ⌉⌈ˢいᵖv:non_self_reliant:i-ichidan-a:conjunctiveᵇいるᵈいるʳイ⌉⌈ˢたᵖauxv:auxv-ta:terminalʳタ⌉⌈ˢ。ᵖauxs:period⌉
彼は先生の言うをことをあまりよく聞かない。	netslang	hakataben	⌈ˢ彼ᵖpronʳカレ⌉⌈ˢはᵖprt:binding_particleʳハ⌉⌈ˢ先生ᵖn:common_nounʳセンセイ⌉⌈ˢのᵖprt:case_particleʳノ⌉⌈ˢ言うᵖv:general:godan-waa:attributiveʳイウ⌉⌈ˢをᵖprt:case_particleʳヲ⌉⌈ˢことᵖn:common_nounʳコト⌉⌈ˢをᵖprt:case_particleʳヲ⌉⌈ˢあまりᵖadvʳアマリ⌉⌈ˢよくᵖadvʳヨク⌉⌈ˢ聞かᵖv:general:godan-ka:imperfectiveᵇ聞くᵈ聞くʳキカ⌉⌈ˢないᵖauxv:auxv-nai:terminalʳナイ⌉⌈ˢ。ᵖauxs:period⌉
彼は在宅していますのだが、どなたにもお目にかかりません。	netslang	sonkeigo	⌈ˢ彼ᵖpronʳカレ⌉⌈ˢはᵖprt:binding_particleʳハ⌉⌈ˢ在宅ᵖn:common_noun:suru-possibleʳザイタク⌉⌈ˢしᵖv:non_self_reliant:sa-irregular:conjunctiveᵇするᵈするʳシ⌉⌈ˢてᵖprt:conjunctive_particleʳテ⌉⌈ˢいᵖv:non_self_reliant:i-ichidan-a:conjunctiveᵇいるᵈいるʳイ⌉⌈ˢますᵖauxv:auxv-masu:attributiveʳマス⌉⌈ˢのᵖprt:pre_noun_particleʳノ⌉⌈ˢだᵖauxv:auxv-da:terminalʳダ⌉⌈ˢがᵖprt:conjunctive_particleʳガ⌉⌈ˢ、ᵖauxs:comma⌉⌈ˢどなたᵖpronʳドナタ⌉⌈ˢにᵖprt:case_particleʳニ⌉⌈ˢもᵖprt:binding_particleʳモ⌉⌈ˢおᵖprefʳオ⌉⌈ˢ目ᵖn:common_nounʳメ⌉⌈ˢにᵖprt:case_particleʳニ⌉⌈ˢかかりᵖv:non_self_reliant:godan-ra:conjunctiveᵇかかるᵈかかるʳカカリ⌉⌈ˢませᵖauxv:auxv-masu:imperfectiveᵇますᵈますʳマセ⌉⌈ˢんᵖauxv:auxv-nu:terminal-nasalᵇぬᵈぬʳン⌉⌈ˢ。ᵖauxs:period⌉
彼は大変な努力の結果として優勝した。	netslang	kyoshigo	⌈ˢ彼ᵖpronʳカレ⌉⌈ˢはᵖprt:binding_particleʳハ⌉⌈ˢ大変ᵖshp:generalʳタイヘン⌉⌈ˢなᵖauxv:auxv-da:attributiveᵇだᵈだʳナ⌉⌈ˢ努力ᵖn:common_noun:suru-possibleʳドリョク⌉⌈ˢのᵖprt:case_particleʳノ⌉⌈ˢ結果ᵖn:common_noun:adverb-possibleʳケッカ⌉⌈ˢとᵖprt:case_particleʳト⌉⌈ˢしᵖv:non_self_reliant:sa-irregular:conjunctiveᵇするᵈするʳシ⌉⌈ˢてᵖprt:conjunctive_particleʳテ⌉⌈ˢ優勝ᵖn:common_noun:suru-possibleʳユウショウ⌉⌈ˢしᵖv:non_self_reliant:sa-irregular:conjunctiveᵇするᵈするʳシ⌉⌈ˢたᵖauxv:auxv-ta:terminalʳタ⌉⌈ˢ。ᵖauxs:period⌉
彼は自分でその会議に出られないので、代わりに私が参りますぜわ。	neutral	neutral, sonkeigo	⌈ˢ彼ᵖpronʳカレ⌉⌈ˢはᵖprt:binding_particleʳハ⌉⌈ˢ自分ᵖn:common_nounʳジブン⌉⌈ˢでᵖprt:case_particleʳデ⌉⌈ˢそのᵖatʳソノ⌉⌈ˢ会議ᵖn:common_noun:suru-possibleʳカイギ⌉⌈ˢにᵖprt:case_particleʳニ⌉⌈ˢ出ᵖv:general:e-ichidan-da:imperfectiveᵇ出るᵈ出るʳデ⌉⌈ˢられᵖauxv:auxv-reru:imperfectiveᵇられるᵈられるʳラレ⌉⌈ˢないᵖauxv:auxv-nai:attributiveʳナイ⌉⌈ˢのᵖprt:pre_noun_particleʳノ⌉⌈ˢでᵖauxv:auxv-da:conjunctiveᵇだᵈだʳデ⌉⌈ˢ、ᵖauxs:comma⌉⌈ˢ代わりᵖn:common_nounʳカワリ⌉⌈ˢにᵖprt:case_particleʳニ⌉⌈ˢ私ᵖpronʳワタクシ⌉⌈ˢがᵖprt:case_particleʳガ⌉⌈ˢ参りᵖv:non_self_reliant:godan-ra:conjunctiveᵇ参るᵈ参るʳマイリ⌉⌈ˢますᵖauxv:auxv-masu:terminalʳマス⌉⌈ˢぜᵖprt:sentence_final_particleʳゼ⌉⌈ˢわᵖprt:sentence_final_particleʳワ⌉⌈ˢ。ᵖauxs:period⌉
彼は英語もフランス語もとてもよくできるぞわ。	netslang	hakataben	⌈ˢ彼ᵖpronʳカレ⌉⌈ˢはᵖprt:binding_particleʳハ⌉⌈ˢ英語ᵖn:common_nounʳエイゴ⌉⌈ˢもᵖprt:binding_particleʳモ⌉⌈ˢフランス語ᵖn:common_nounʳフランスゴ⌉⌈ˢもᵖprt:binding_particleʳモ⌉⌈ˢとてもᵖadvʳトテモ⌉⌈ˢよくᵖadvʳヨク⌉⌈ˢできるᵖv:non_self_reliant:i-ichidan-ka:terminalʳデキル⌉⌈ˢぞᵖprt:sentence_final_particleʳゾ⌉⌈ˢわᵖprt:sentence_final_particleʳワ⌉⌈ˢ。ᵖauxs:period⌉
彼らは少しの間どうしましたものか考えていたけど、どうしたらいいか考えて一日中費やすわけにもいかないでしょう。そこで最後にはもう一つのグラスも持ち上げたわ。そしたらまた水が床一面にこぼれたわけ。	kenjogo, kansaiben	kansaiben	⌈ˢ彼ᵖpronʳカレ⌉⌈ˢらᵖsuff:noun_likeʳラ⌉⌈ˢはᵖprt:binding_particleʳハ⌉⌈ˢ少しᵖadvʳスコシ⌉⌈ˢのᵖprt:case_particleʳノ⌉⌈ˢ間ᵖn:common_noun:adverb-possibleʳアイダ⌉⌈ˢどうᵖadvʳドウ⌉⌈ˢしᵖv:non_self_reliant:sa-irregular:conjunctiveᵇするᵈするʳシ⌉⌈ˢましᵖauxv:auxv-masu:conjunctiveᵇますᵈますʳマシ⌉⌈ˢたᵖauxv:auxv-ta:attributiveʳタ⌉⌈ˢものᵖn:common_noun:suru-possibleʳモノ⌉⌈ˢかᵖprt:adverbial_particleʳカ⌉⌈ˢ考えᵖv:general:e-ichidan-a:conjunctiveᵇ考えるᵈ考えるʳカンガエ⌉⌈ˢてᵖprt:conjunctive_particleʳテ⌉⌈ˢいᵖv:non_self_reliant:i-ichidan-a:conjunctiveᵇいるᵈいるʳイ⌉⌈ˢたᵖauxv:auxv-ta:terminalʳタ⌉⌈ˢけどᵖprt:conjunctive_particleʳケド⌉⌈ˢ、ᵖauxs:comma⌉⌈ˢどうᵖadvʳドウ⌉⌈ˢしᵖv:non_self_reliant:sa-irregular:conjunctiveᵇするᵈするʳシ⌉⌈ˢたらᵖauxv:auxv-ta:conditionalᵇたᵈたʳタラ⌉⌈ˢいいᵖadj:non_self_reliant:adjective:terminalʳイイ⌉⌈ˢかᵖprt:adverbial_particleʳカ⌉⌈ˢ考えᵖv:general:e-ichidan-a:conjunctiveᵇ考えるᵈ考えるʳカンガエ⌉⌈ˢてᵖprt:conjunctive_particleʳテ⌉⌈ˢ一ᵖn:numeralʳイチ⌉⌈ˢ日ᵖn:common_noun:counter-possibleʳニチ⌉⌈ˢ中ᵖsuff:noun_like:adverb-possibleʳチュウ⌉⌈ˢ費やすᵖv:general:godan-sa:attributiveʳツイヤス⌉⌈ˢわけᵖn:common_nounʳワケ⌉⌈ˢにᵖprt:case_particleʳニ⌉⌈ˢもᵖprt:binding_particleʳモ⌉⌈ˢいかᵖv:non_self_reliant:godan-ka:imperfectiveᵇいくᵈいくʳイカ⌉⌈ˢないᵖauxv:auxv-nai:terminalʳナイ⌉⌈ˢでしょうᵖauxv:auxv-desu:volitional-presumptiveᵇですᵈですʳデショウ⌉⌈ˢ。ᵖauxs:period⌉⌈ˢそこᵖpronʳソコ⌉⌈ˢでᵖprt:case_particleʳデ⌉⌈ˢ最後ᵖn:common_nounʳサイゴ⌉⌈ˢにᵖprt:case_particleʳニ⌉⌈ˢはᵖprt:binding_particleʳハ⌉⌈ˢもうᵖadvʳモウ⌉⌈ˢ一ᵖn:numeralʳヒト⌉⌈ˢつᵖsuff:noun_like:counterʳツ⌉⌈ˢのᵖprt:case_particleʳノ⌉⌈ˢグラスᵖn:common_noun⌉⌈ˢもᵖprt:binding_particleʳモ⌉⌈ˢ持ち上げᵖv:general:e-ichidan-ga:conjunctiveᵇ持ち上げるᵈ持ち上げるʳモチアゲ⌉⌈ˢたᵖauxv:auxv-ta:terminalʳタ⌉⌈ˢわᵖprt:sentence_final_particleʳワ⌉⌈ˢ。ᵖauxs:period⌉⌈ˢそᵖadvʳソ⌉⌈ˢしᵖv:non_self_reliant:sa-irregular:conjunctiveᵇするᵈするʳシ⌉⌈ˢたらᵖauxv:auxv-ta:conditionalᵇたᵈたʳタラ⌉⌈ˢまたᵖadvʳマタ⌉⌈ˢ水ᵖn:common_nounʳミズ⌉⌈ˢがᵖprt:case_particleʳガ⌉⌈ˢ床ᵖn:common_nounʳユカ⌉⌈ˢ一面ᵖn:common_noun:adverb-possibleʳイチメン⌉⌈ˢにᵖprt:case_particleʳニ⌉⌈ˢこぼれᵖv:general:e-ichidan-ra:conjunctiveᵇこぼれるᵈこぼれるʳコボレ⌉⌈ˢたᵖauxv:auxv-ta:attributiveʳタ⌉⌈ˢわけᵖn:common_nounʳワケ⌉⌈ˢ。ᵖauxs:period⌉
彼女が恥ずかしがりやなので、なおいっそう好きです。	netslang	kenjogo	⌈ˢ彼女ᵖpronʳカノジョ⌉⌈ˢがᵖprt:case_particleʳガ⌉⌈ˢ恥ずかしᵖadj:general:adjective:stemᵇ恥ずかしいᵈ恥ずかしいʳハズカシ⌉⌈ˢがりᵖsuff:verb_like:godan-ra:conjunctiveᵇがるᵈがるʳガリ⌉⌈ˢやᵖshp:generalʳヤ⌉⌈ˢなᵖauxv:auxv-da:attributiveᵇだᵈだʳナ⌉⌈ˢのᵖprt:pre_noun_particleʳノ⌉⌈ˢでᵖauxv:auxv-da:conjunctiveᵇだᵈだʳデ⌉⌈ˢ、ᵖauxs:comma⌉⌈ˢなおᵖadvʳナオ⌉⌈ˢいっそうᵖadvʳイッソウ⌉⌈ˢ好きᵖshp:generalʳスキ⌉⌈ˢですᵖauxv:auxv-desu:terminalʳデス⌉⌈ˢ。ᵖauxs:period⌉
彼女のみに何が降りかかるますなど誰に分かろう。	netslang	kansaiben	⌈ˢ彼女ᵖpronʳカノジョ⌉⌈ˢのみᵖprt:adverbial_particleʳノミ⌉⌈ˢにᵖprt:case_particleʳニ⌉⌈ˢ何ᵖpronʳナン⌉⌈ˢがᵖprt:case_particleʳガ⌉⌈ˢ降りかかるᵖv:general:godan-ra:terminalʳフリカカル⌉⌈ˢますᵖauxv:auxv-masu:terminalʳマス⌉⌈ˢなどᵖprt:adverbial_particleʳナド⌉⌈ˢ誰ᵖpronʳダレ⌉⌈ˢにᵖprt:case_particleʳニ⌉⌈ˢ分かろうᵖv:general:godan-ra:volitional-presumptiveᵇ分かるᵈ分かるʳワカロウ⌉⌈ˢ。ᵖauxs:period⌉
彼女はこの村のみんなからかわいがられていましたです。	neutral	netslang	⌈ˢ彼女ᵖpronʳカノジョ⌉⌈ˢはᵖprt:binding_particleʳハ⌉⌈ˢこのᵖatʳコノ⌉⌈ˢ村ᵖn:common_nounʳムラ⌉⌈ˢのᵖprt:case_particleʳノ⌉⌈ˢみんなᵖn:common_noun:adverb-possibleʳミンナ⌉⌈ˢからᵖprt:case_particleʳカラ⌉⌈ˢかわいᵖadj:general:adjective:stemᵇかわいいᵈかわいいʳカワイ⌉⌈ˢがらᵖsuff:verb_like:godan-ra:imperfectiveᵇがるᵈがるʳガラ⌉⌈ˢれᵖauxv:auxv-reru:conjunctiveᵇれるᵈれるʳレ⌉⌈ˢてᵖprt:conjunctive_particleʳテ⌉⌈ˢいᵖv:non_self_reliant:i-ichidan-a:conjunctiveᵇいるᵈいるʳイ⌉⌈ˢましᵖauxv:auxv-masu:conjunctiveᵇますᵈますʳマシ⌉⌈ˢたᵖauxv:auxv-ta:terminalʳタ⌉⌈ˢですᵖauxv:auxv-desu:terminalʳデス⌉⌈ˢ。ᵖauxs:period⌉
彼女は美人コンテストに参加した。	netslang	hakataben	⌈ˢ彼女ᵖpronʳカノジョ⌉⌈ˢはᵖprt:binding_particleʳハ⌉⌈ˢ美人ᵖn:common_nounʳビジン⌉⌈ˢコンテストᵖn:common_noun⌉⌈ˢにᵖprt:case_particleʳニ⌉⌈ˢ参加ᵖn:common_noun:suru-possibleʳサンカ⌉⌈ˢしᵖv:non_self_reliant:sa-irregular:conjunctiveᵇするᵈするʳシ⌉⌈ˢたᵖauxv:auxv-ta:terminalʳタ⌉⌈ˢ。ᵖauxs:period⌉
必要のない語はどれでも線を引いて消さねばならないぞわ。	netslang	hakataben	⌈ˢ必要ᵖn:common_noun:pos2-unk1ʳヒツヨウ⌉⌈ˢのᵖprt:case_particleʳノ⌉⌈ˢないᵖadj:non_self_reliant:adjective:attributiveʳナイ⌉⌈ˢ語ᵖn:common_nounʳゴ⌉⌈ˢはᵖprt:binding_particleʳハ⌉⌈ˢどれᵖpronʳドレ⌉⌈ˢでᵖprt:case_particleʳデ⌉⌈ˢもᵖprt:binding_particleʳモ⌉⌈ˢ線ᵖn:common_nounʳセン⌉⌈ˢをᵖprt:case_particleʳヲ⌉⌈ˢ引いᵖv:general:godan-ka:conjunctive-i-soundᵇ引くᵈ引くʳヒイ⌉⌈ˢてᵖprt:conjunctive_particleʳテ⌉⌈ˢ消さᵖv:general:godan-sa:imperfectiveᵇ消すᵈ消すʳケサ⌉⌈ˢねᵖauxv:auxv-nu:conditionalᵇぬᵈぬʳネ⌉⌈ˢばᵖprt:conjunctive_particleʳバ⌉⌈ˢならᵖv:non_self_reliant:godan-ra:imperfectiveᵇなるᵈなるʳナラ⌉⌈ˢないᵖauxv:auxv-nai:terminalʳナイ⌉⌈ˢぞᵖprt:sentence_final_particleʳゾ⌉⌈ˢわᵖprt:sentence_final_particleʳワ⌉⌈ˢ。ᵖauxs:period⌉
新しいエンジンは必要なテストをすべて受けなければならないだ。	hakataben, netslang	hakataben	⌈ˢ新しいᵖadj:general:adjective:attributiveʳアタラシイ⌉⌈ˢエンジンᵖn:common_noun⌉⌈ˢはᵖprt:binding_particleʳハ⌉⌈ˢ必要ᵖn:common_noun:pos2-unk1ʳヒツヨウ⌉⌈ˢなᵖauxv:auxv-da:attributiveᵇだᵈだʳナ⌉⌈ˢテストᵖn:common_noun:suru-possible⌉⌈ˢをᵖprt:case_particleʳヲ⌉⌈ˢすべてᵖn:common_noun:adverb-possibleʳスベテ⌉⌈ˢ受けᵖv:general:e-ichidan-ka:imperfectiveᵇ受けるᵈ受けるʳウケ⌉⌈ˢなけれᵖauxv:auxv-nai:conditionalᵇないᵈないʳナケレ⌉⌈ˢばᵖprt:conjunctive_particleʳバ⌉⌈ˢならᵖv:non_self_reliant:godan-ra:imperfectiveᵇなるᵈなるʳナラ⌉⌈ˢないᵖauxv:auxv-nai:terminalʳナイ⌉⌈ˢだᵖauxv:auxv-da:terminalʳダ⌉⌈ˢ。ᵖauxs:period⌉
時間ががありません。いますぐ行動しなければなりません。	netslang	hakataben	⌈ˢ時間ᵖn:common_noun:counter-possibleʳジカン⌉⌈ˢがᵖprt:case_particleʳガ⌉⌈ˢがᵖprt:case_particleʳガ⌉⌈ˢありᵖv:non_self_reliant:godan-ra:conjunctiveᵇあるᵈあるʳアリ⌉⌈ˢませᵖauxv:auxv-masu:imperfectiveᵇますᵈますʳマセ⌉⌈ˢんᵖauxv:auxv-nu:terminal-nasalᵇぬᵈぬʳン⌉⌈ˢ。ᵖauxs:period⌉⌈ˢいまᵖn:common_noun:adverb-possibleʳイマ⌉⌈ˢすぐᵖadvʳスグ⌉⌈ˢ行動ᵖn:common_noun:suru-possibleʳコウドウ⌉⌈ˢしᵖv:non_self_reliant:sa-irregular:imperfectiveᵇするᵈするʳシ⌉⌈ˢなけれᵖauxv:auxv-nai:conditionalᵇないᵈないʳナケレ⌉⌈ˢばᵖprt:conjunctive_particleʳバ⌉⌈ˢなりᵖv:non_self_reliant:godan-ra:conjunctiveᵇなるᵈなるʳナリ⌉⌈ˢませᵖauxv:auxv-masu:imperfectiveᵇますᵈますʳマセ⌉⌈ˢんᵖauxv:auxv-nu:terminal-nasalᵇぬᵈぬʳン⌉⌈ˢ。ᵖauxs:period⌉
時間が来たので私たちは発表を短めにしなければなりませんぞ。	netslang	hakataben	⌈ˢ時間ᵖn:common_noun:counter-possibleʳジカン⌉⌈ˢがᵖprt:case_particleʳガ⌉⌈ˢ来ᵖv:non_self_reliant:ka-irregular:conjunctiveᵇ来るᵈ来るʳキ⌉⌈ˢたᵖauxv:auxv-ta:attributiveʳタ⌉⌈ˢのᵖprt:pre_noun_particleʳノ⌉⌈ˢでᵖauxv:auxv-da:conjunctiveᵇだᵈだʳデ⌉⌈ˢ私たちᵖpronʳワタシタチ⌉⌈ˢはᵖprt:binding_particleʳハ⌉⌈ˢ発表ᵖn:common_noun:suru-possibleʳハッピョウ⌉⌈ˢをᵖprt:case_particleʳヲ⌉⌈ˢ短めᵖshp:generalʳミジカメ⌉⌈ˢにᵖauxv:auxv-da:conjunctive-niᵇだᵈだʳニ⌉⌈ˢしᵖv:non_self_reliant:sa-irregular:imperfectiveᵇするᵈするʳシ⌉⌈ˢなけれᵖauxv:auxv-nai:conditionalᵇないᵈないʳナケレ⌉⌈ˢばᵖprt:conjunctive_particleʳバ⌉⌈ˢなりᵖv:non_self_reliant:godan-ra:conjunctiveᵇなるᵈなるʳナリ⌉⌈ˢませᵖauxv:auxv-masu:imperfectiveᵇますᵈますʳマセ⌉⌈ˢんᵖauxv:auxv-nu:terminal-nasalᵇぬᵈぬʳン⌉⌈ˢぞᵖprt:sentence_final_particleʳゾ⌉⌈ˢ。ᵖauxs:period⌉
時間ですぞ。あなたのテスト（用紙）を渡してください。	netslang	hakataben	⌈ˢ時間ᵖn:common_noun:counter-possibleʳジカン⌉⌈ˢですᵖauxv:auxv-desu:terminalʳデス⌉⌈ˢぞᵖprt:sentence_final_particleʳゾ⌉⌈ˢ。ᵖauxs:period⌉⌈ˢあなたᵖpronʳアナタ⌉⌈ˢのᵖprt:case_particleʳノ⌉⌈ˢテストᵖn:common_noun:suru-possible⌉⌈ˢ（ᵖauxs:bracket_openᵇ(ᵈ(ʳキゴウ⌉⌈ˢ用紙ᵖn:common_nounʳヨウシ⌉⌈ˢ）ᵖauxs:bracket_closeᵇ)ᵈ)ʳキゴウ⌉⌈ˢをᵖprt:case_particleʳヲ⌉⌈ˢ渡しᵖv:general:godan-sa:conjunctiveᵇ渡すᵈ渡すʳワタシ⌉⌈ˢてᵖprt:conjunctive_particleʳテ⌉⌈ˢくださいᵖv:non_self_reliant:godan-ra:imperativeᵇくださるᵈくださるʳクダサイ⌉⌈ˢ。ᵖauxs:period⌉
時間の使い方上手くなりたいなあぜわ。	kansaiben	kansaiben, hakataben	⌈ˢ時間ᵖn:common_noun:counter-possibleʳジカン⌉⌈ˢのᵖprt:case_particleʳノ⌉⌈ˢ使い方ᵖn:common_nounʳツカイカタ⌉⌈ˢ上手くᵖadj:general:adjective:conjunctiveᵇ上手いᵈ上手いʳウマク⌉⌈ˢなりᵖv:non_self_reliant:godan-ra:conjunctiveᵇなるᵈなるʳナリ⌉⌈ˢたいᵖauxv:auxv-tai:terminalʳタイ⌉⌈ˢなあᵖprt:sentence_final_particleʳナア⌉⌈ˢぜᵖprt:sentence_final_particleʳゼ⌉⌈ˢわᵖprt:sentence_final_particleʳワ⌉⌈ˢ。ᵖauxs:period⌉
本コンテストは、プロ・アマを問わず応募を受け付けます。	netslang	hakataben	⌈ˢ本ᵖprefʳホン⌉⌈ˢコンテストᵖn:common_noun⌉⌈ˢはᵖprt:binding_particleʳハ⌉⌈ˢ、ᵖauxs:comma⌉⌈ˢプロᵖn:common_noun⌉⌈ˢ・ᵖauxs:general⌉⌈ˢアマᵖn:common_noun⌉⌈ˢをᵖprt:case_particleʳヲ⌉⌈ˢ問わᵖv:general:godan-waa:imperfectiveᵇ問うᵈ問うʳトワ⌉⌈ˢずᵖauxv:auxv-nu:conjunctiveʳズ⌉⌈ˢ応募ᵖn:common_noun:suru-possibleʳオウボ⌉⌈ˢをᵖprt:case_particleʳヲ⌉⌈ˢ受け付けᵖv:general:e-ichidan-ka:conjunctiveᵇ受け付けるᵈ受け付けるʳウケツケ⌉⌈ˢますᵖauxv:auxv-masu:terminalʳマス⌉⌈ˢ。ᵖauxs:period⌉
本章の目的は、以下の質問に答えることである。	netslang	hakataben	⌈ˢ本章ᵖn:common_nounʳホンショウ⌉⌈ˢのᵖprt:case_particleʳノ⌉⌈ˢ目的ᵖn:common_nounʳモクテキ⌉⌈ˢはᵖprt:binding_particleʳハ⌉⌈ˢ、ᵖauxs:comma⌉⌈ˢ以下ᵖn:common_nounʳイカ⌉⌈ˢのᵖprt:case_particleʳノ⌉⌈ˢ質問ᵖn:common_noun:suru-possibleʳシツモン⌉⌈ˢにᵖprt:case_particleʳニ⌉⌈ˢ答えるᵖv:general:e-ichidan-a:attributiveʳコタエル⌉⌈ˢことᵖn:common_nounʳコト⌉⌈ˢでᵖauxv:auxv-da:conjunctiveᵇだᵈだʳデ⌉⌈ˢあるᵖv:non_self_reliant:godan-ra:terminalʳアル⌉⌈ˢ。ᵖauxs:period⌉
来年はお目にかかれるますでしょう。	none	sonkeigo	⌈ˢ来年ᵖn:common_noun:adverb-possibleʳライネン⌉⌈ˢはᵖprt:binding_particleʳハ⌉⌈ˢおᵖprefʳオ⌉⌈ˢ目ᵖn:common_nounʳメ⌉⌈ˢにᵖprt:case_particleʳニ⌉⌈ˢかかれるᵖv:non_self_reliant:e-ichidan-ra:terminalʳカカレル⌉⌈ˢますᵖauxv:auxv-masu:terminalʳマス⌉⌈ˢでしょうᵖauxv:auxv-desu:volitional-presumptiveᵇですᵈですʳデショウ⌉⌈ˢ。ᵖauxs:period⌉
来月、家族と沖縄へ旅行に参る予定です。ちなみに、私にとっては初めての沖縄となります。	netslang	sonkeigo	⌈ˢ来月ᵖn:common_noun:adverb-possibleʳライゲツ⌉⌈ˢ、ᵖauxs:comma⌉⌈ˢ家族ᵖn:common_nounʳカゾク⌉⌈ˢとᵖprt:case_particleʳト⌉⌈ˢ沖縄ᵖn:proper_noun:place-nameʳオキナワ⌉⌈ˢへᵖprt:case_particleʳヘ⌉⌈ˢ旅行ᵖn:common_noun:suru-possibleʳリョコウ⌉⌈ˢにᵖprt:case_particleʳニ⌉⌈ˢ参るᵖv:non_self_reliant:godan-ra:attributiveʳマイル⌉⌈ˢ予定ᵖn:common_noun:suru-possibleʳヨテイ⌉⌈ˢですᵖauxv:auxv-desu:terminalʳデス⌉⌈ˢ。ᵖauxs:period⌉⌈ˢちなみᵖn:common_nounʳチナミ⌉⌈ˢにᵖprt:case_particleʳニ⌉⌈ˢ、ᵖauxs:comma⌉⌈ˢ私ᵖpronʳワタクシ⌉⌈ˢにᵖprt:case_particleʳニ⌉⌈ˢとっᵖv:general:godan-ra:conjunctive-geminateᵇとるᵈとるʳトッ⌉⌈ˢてᵖprt:conjunctive_particleʳテ⌉⌈ˢはᵖprt:binding_particleʳハ⌉⌈ˢ初めてᵖadvʳハジメテ⌉⌈ˢのᵖprt:case_particleʳノ⌉⌈ˢ沖縄ᵖn:proper_noun:place-nameʳオキナワ⌉⌈ˢとᵖprt:case_particleʳト⌉⌈ˢなりᵖv:non_self_reliant:godan-ra:conjunctiveᵇなるᵈなるʳナリ⌉⌈ˢますᵖauxv:auxv-masu:terminalʳマス⌉⌈ˢ。ᵖauxs:period⌉
桜の樹の下には屍体が埋まっている！ これは信じていいことなんだよ。何故って、桜の花があんなにも見事に咲くなんて信じられありませんことじゃないか。俺はあの美しさが信じられないので、この二三日不安だった。しかしいま、やっとわかるときが来た。桜の樹の下には屍体が埋まっている。これは信じていいことだ。	neutral, kansaiben	neutral, kenjogo, kansaiben	⌈ˢ桜ᵖn:common_nounʳサクラ⌉⌈ˢのᵖprt:case_particleʳノ⌉⌈ˢ樹ᵖn:common_nounʳキ⌉⌈ˢのᵖprt:case_particleʳノ⌉⌈ˢ下ᵖn:common_nounʳシタ⌉⌈ˢにᵖprt:case_particleʳニ⌉⌈ˢはᵖprt:binding_particleʳハ⌉⌈ˢ屍体ᵖn:common_nounʳシタイ⌉⌈ˢがᵖprt:case_particleʳガ⌉⌈ˢ埋まっᵖv:general:godan-ra:conjunctive-geminateᵇ埋まるᵈ埋まるʳウマッ⌉⌈ˢてᵖprt:conjunctive_particleʳテ⌉⌈ˢいるᵖv:non_self_reliant:i-ichidan-a:terminalʳイル⌉⌈ˢ！ᵖauxs:periodᵇ!ᵈ!ʳ!⌉⌈ˢ ᵖspaceʳキゴウ⌉⌈ˢこれᵖpronʳコレ⌉⌈ˢはᵖprt:binding_particleʳハ⌉⌈ˢ信じᵖv:general:sa-irregular:conjunctiveᵇ信ずるᵈ信ずるʳシンジ⌉⌈ˢてᵖprt:conjunctive_particleʳテ⌉⌈ˢいいᵖadj:non_self_reliant:adjective:attributiveʳイイ⌉⌈ˢことᵖn:common_nounʳコト⌉⌈ˢなᵖauxv:auxv-da:attributiveᵇだᵈだʳナ⌉⌈ˢんᵖprt:pre_noun_particleʳン⌉⌈ˢだᵖauxv:auxv-da:terminalʳダ⌉⌈ˢよᵖprt:sentence_final_particleʳヨ⌉⌈ˢ。ᵖauxs:period⌉⌈ˢ何故ᵖadvʳナゼ⌉⌈ˢってᵖprt:adverbial_particleʳッテ⌉⌈ˢ、ᵖauxs:comma⌉⌈ˢ桜ᵖn:common_nounʳサクラ⌉⌈ˢのᵖprt:case_particleʳノ⌉⌈ˢ花ᵖn:common_nounʳハナ⌉⌈ˢがᵖprt:case_particleʳガ⌉⌈ˢあんなᵖshp:generalʳアンナ⌉⌈ˢにᵖauxv:auxv-da:conjunctive-niᵇだᵈだʳニ⌉⌈ˢもᵖprt:binding_particleʳモ⌉⌈ˢ見事ᵖshp:generalʳミゴト⌉⌈ˢにᵖauxv:auxv-da:conjunctive-niᵇだᵈだʳニ⌉⌈ˢ咲くᵖv:general:godan-ka:attributiveʳサク⌉⌈ˢなんてᵖprt:adverbial_particleʳナンテ⌉⌈ˢ信じᵖv:general:sa-irregular:imperfectiveᵇ信ずるᵈ信ずるʳシンジ⌉⌈ˢられᵖauxv:auxv-reru:conjunctiveᵇられるᵈられるʳラレ⌉⌈ˢありᵖv:non_self_reliant:godan-ra:conjunctiveᵇあるᵈあるʳアリ⌉⌈ˢませᵖauxv:auxv-masu:imperfectiveᵇますᵈますʳマセ⌉⌈ˢんᵖauxv:auxv-nu:terminal-nasalᵇぬᵈぬʳン⌉⌈ˢことᵖn:common_nounʳコト⌉⌈ˢじゃᵖauxv:auxv-da:conjunctive-fusedᵇだᵈだʳジャ⌉⌈ˢないᵖadj:non_self_reliant:adjective:terminalʳナイ⌉⌈ˢかᵖprt:sentence_final_particleʳカ⌉⌈ˢ。ᵖauxs:period⌉⌈ˢ俺ᵖpronʳオレ⌉⌈ˢはᵖprt:binding_particleʳハ⌉⌈ˢあのᵖatʳアノ⌉⌈ˢ美しᵖadj:general:adjective:stemᵇ美しいᵈ美しいʳウツクシ⌉⌈ˢさᵖsuff:noun_likeʳサ⌉⌈ˢがᵖprt:case_particleʳガ⌉⌈ˢ信じᵖv:general:sa-irregular:imperfectiveᵇ信ずるᵈ信ずるʳシンジ⌉⌈ˢられᵖauxv:auxv-reru:imperfectiveᵇられるᵈられるʳラレ⌉⌈ˢないᵖauxv:auxv-nai:attributiveʳナイ⌉⌈ˢのᵖprt:pre_noun_particleʳノ⌉⌈ˢでᵖauxv:auxv-da:conjunctiveᵇだᵈだʳデ⌉⌈ˢ、ᵖauxs:comma⌉⌈ˢこのᵖatʳコノ⌉⌈ˢ二三ᵖn:numeralʳニサン⌉⌈ˢ日ᵖn:common_noun:counter-possibleʳニチ⌉⌈ˢ不安ᵖn:common_noun:pos2-unk1ʳフアン⌉⌈ˢだっᵖauxv:auxv-da:conjunctive-geminateᵇだᵈだʳダッ⌉⌈ˢたᵖauxv:auxv-ta:terminalʳタ⌉⌈ˢ。ᵖauxs:period⌉⌈ˢしかしᵖconjʳシカシ⌉⌈ˢいまᵖn:common_noun:adverb-possibleʳイマ⌉⌈ˢ、ᵖauxs:comma⌉⌈ˢやっとᵖadvʳヤット⌉⌈ˢわかるᵖv:general:godan-ra:attributiveʳワカル⌉⌈ˢときᵖn:common_noun:adverb-possibleʳトキ⌉⌈ˢがᵖprt:case_particleʳガ⌉⌈ˢ来ᵖv:non_self_reliant:ka-irregular:conjunctiveᵇ来るᵈ来るʳキ⌉⌈ˢたᵖauxv:auxv-ta:terminalʳタ⌉⌈ˢ。ᵖauxs:period⌉⌈ˢ桜ᵖn:common_nounʳサクラ⌉⌈ˢのᵖprt:case_particleʳノ⌉⌈ˢ樹ᵖn:common_nounʳキ⌉⌈ˢのᵖprt:case_particleʳノ⌉⌈ˢ下ᵖn:common_nounʳシタ⌉⌈ˢにᵖprt:case_particleʳニ⌉⌈ˢはᵖprt:binding_particleʳハ⌉⌈ˢ屍体ᵖn:common_nounʳシタイ⌉⌈ˢがᵖprt:case_particleʳガ⌉⌈ˢ埋まっᵖv:general:godan-ra:conjunctive-geminateᵇ埋まるᵈ埋まるʳウマッ⌉⌈ˢてᵖprt:conjunctive_particleʳテ⌉⌈ˢいるᵖv:non_self_reliant:i-ichidan-a:terminalʳイル⌉⌈ˢ。ᵖauxs:period⌉⌈ˢこれᵖpronʳコレ⌉⌈ˢはᵖprt:binding_particleʳハ⌉⌈ˢ信じᵖv:general:sa-irregular:conjunctiveᵇ信ずるᵈ信ずるʳシンジ⌉⌈ˢてᵖprt:conjunctive_particleʳテ⌉⌈ˢいいᵖadj:non_self_reliant:adjective:attributiveʳイイ⌉⌈ˢことᵖn:common_nounʳコト⌉⌈ˢだᵖauxv:auxv-da:terminalʳダ⌉⌈ˢ。ᵖauxs:period⌉
残念ながら昨日はご覧の通りの結果ととなりました。	netslang	neutral	⌈ˢ残念ᵖshp:generalʳザンネン⌉⌈ˢながらᵖprt:conjunctive_particleʳナガラ⌉⌈ˢ昨日ᵖn:common_noun:adverb-possibleʳキノウ⌉⌈ˢはᵖprt:binding_particleʳハ⌉⌈ˢご覧ᵖn:common_nounʳゴラン⌉⌈ˢのᵖprt:case_particleʳノ⌉⌈ˢ通りᵖn:common_noun:counter-possibleʳトオリ⌉⌈ˢのᵖprt:case_particleʳノ⌉⌈ˢ結果ᵖn:common_noun:adverb-possibleʳケッカ⌉⌈ˢとᵖprt:case_particleʳト⌉⌈ˢとᵖprt:case_particleʳト⌉⌈ˢなりᵖv:non_self_reliant:godan-ra:conjunctiveᵇなるᵈなるʳナリ⌉⌈ˢましᵖauxv:auxv-masu:conjunctiveᵇますᵈますʳマシ⌉⌈ˢたᵖauxv:auxv-ta:terminalʳタ⌉⌈ˢ。ᵖauxs:period⌉
母はかつて水泳で優勝したことがあるます。	netslang	kyoshigo	⌈ˢ母ᵖn:common_nounʳハハ⌉⌈ˢはᵖprt:binding_particleʳハ⌉⌈ˢかつてᵖadvʳカツテ⌉⌈ˢ水泳ᵖn:common_noun:suru-possibleʳスイエイ⌉⌈ˢでᵖprt:case_particleʳデ⌉⌈ˢ優勝ᵖn:common_noun:suru-possibleʳユウショウ⌉⌈ˢしᵖv:non_self_reliant:sa-irregular:conjunctiveᵇするᵈするʳシ⌉⌈ˢたᵖauxv:auxv-ta:attributiveʳタ⌉⌈ˢことᵖn:common_nounʳコト⌉⌈ˢがᵖprt:case_particleʳガ⌉⌈ˢあるᵖv:non_self_reliant:godan-ra:terminalʳアル⌉⌈ˢますᵖauxv:auxv-masu:terminalʳマス⌉⌈ˢ。ᵖauxs:period⌉
母は無邪気にも「もっとビールを召し上がるの」と尋ねたた。	netslang	neutral	⌈ˢ母ᵖn:common_nounʳハハ⌉⌈ˢはᵖprt:binding_particleʳハ⌉⌈ˢ無邪気ᵖn:common_noun:pos2-unk1ʳムジャキ⌉⌈ˢにᵖauxv:auxv-da:conjunctive-niᵇだᵈだʳニ⌉⌈ˢもᵖprt:binding_particleʳモ⌉⌈ˢ「ᵖauxs:bracket_openʳキゴウ⌉⌈ˢもっとᵖadvʳモット⌉⌈ˢビールᵖn:common_noun⌉⌈ˢをᵖprt:case_particleʳヲ⌉⌈ˢ召し上がるᵖv:general:godan-ra:attributiveʳメシアガル⌉⌈ˢのᵖprt:sentence_final_particleʳノ⌉⌈ˢ」ᵖauxs:bracket_closeʳキゴウ⌉⌈ˢとᵖprt:case_particleʳト⌉⌈ˢ尋ねᵖv:general:e-ichidan-na:conjunctiveᵇ尋ねるᵈ尋ねるʳタズネ⌉⌈ˢたᵖauxv:auxv-ta:terminalʳタ⌉⌈ˢたᵖauxv:auxv-ta:terminalʳタ⌉⌈ˢ。ᵖauxs:period⌉
泥棒をを捕まえて縄をなう。	netslang	kyoshigo	⌈ˢ泥棒ᵖn:common_nounʳドロボウ⌉⌈ˢをᵖprt:case_particleʳヲ⌉⌈ˢをᵖprt:case_particleʳヲ⌉⌈ˢ捕まえᵖv:general:e-ichidan-a:conjunctiveᵇ捕まえるᵈ捕まえるʳツカマエ⌉⌈ˢてᵖprt:conjunctive_particleʳテ⌉⌈ˢ縄ᵖn:common_nounʳナワ⌉⌈ˢをᵖprt:case_particleʳヲ⌉⌈ˢなうᵖv:general:godan-waa:terminalʳナウ⌉⌈ˢ。ᵖauxs:period⌉
牛がが野原で草をはんでいた。	netslang	kyoshigo	⌈ˢ牛ᵖn:common_nounʳウシ⌉⌈ˢがᵖprt:case_particleʳガ⌉⌈ˢがᵖprt:case_particleʳガ⌉⌈ˢ野原ᵖn:common_nounʳノハラ⌉⌈ˢでᵖprt:case_particleʳデ⌉⌈ˢ草ᵖn:common_nounʳクサ⌉⌈ˢをᵖprt:case_particleʳヲ⌉⌈ˢはんᵖv:general:godan-ma:conjunctive-nasalᵇはむᵈはむʳハン⌉⌈ˢでᵖprt:conjunctive_particleʳデ⌉⌈ˢいᵖv:non_self_reliant:i-ichidan-a:conjunctiveᵇいるᵈいるʳイ⌉⌈ˢたᵖauxv:auxv-ta:terminalʳタ⌉⌈ˢ。ᵖauxs:period⌉
生徒は全員テストに合格しましたぜ。	netslang	hakataben	⌈ˢ生徒ᵖn:common_nounʳセイト⌉⌈ˢはᵖprt:binding_particleʳハ⌉⌈ˢ全員ᵖn:common_noun:adverb-possibleʳゼンイン⌉⌈ˢテストᵖn:common_noun:suru-possible⌉⌈ˢにᵖprt:case_particleʳニ⌉⌈ˢ合格ᵖn:common_noun:suru-possibleʳゴウカク⌉⌈ˢしᵖv:non_self_reliant:sa-irregular:conjunctiveᵇするᵈするʳシ⌉⌈ˢましᵖauxv:auxv-masu:conjunctiveᵇますᵈますʳマシ⌉⌈ˢたᵖauxv:auxv-ta:terminalʳタ⌉⌈ˢぜᵖprt:sentence_final_particleʳゼ⌉⌈ˢ。ᵖauxs:period⌉
甲を除いて乙ではないだ。	netslang	kyoshigo	⌈ˢ甲ᵖn:common_nounʳコウ⌉⌈ˢをᵖprt:case_particleʳヲ⌉⌈ˢ除いᵖv:general:godan-ka:conjunctive-i-soundᵇ除くᵈ除くʳノゾイ⌉⌈ˢてᵖprt:conjunctive_particleʳテ⌉⌈ˢ乙ᵖn:common_nounʳオツ⌉⌈ˢでᵖprt:case_particleʳデ⌉⌈ˢはᵖprt:binding_particleʳハ⌉⌈ˢないᵖadj:non_self_reliant:adjective:terminalʳナイ⌉⌈ˢだᵖauxv:auxv-da:terminalʳダ⌉⌈ˢ。ᵖauxs:period⌉
病気のために本日は伺うことができませんでしたです。	netslang	sonkeigo	⌈ˢ病気ᵖn:common_noun:suru-possibleʳビョウキ⌉⌈ˢのᵖprt:case_particleʳノ⌉⌈ˢためᵖn:common_noun:adverb-possibleʳタメ⌉⌈ˢにᵖprt:case_particleʳニ⌉⌈ˢ本日ᵖn:common_noun:adverb-possibleʳホンジツ⌉⌈ˢはᵖprt:binding_particleʳハ⌉⌈ˢ伺うᵖv:general:godan-waa:attributiveʳウカガウ⌉⌈ˢことᵖn:common_nounʳコト⌉⌈ˢがᵖprt:case_particleʳガ⌉⌈ˢできᵖv:non_self_reliant:i-ichidan-ka:conjunctiveᵇできるᵈできるʳデキ⌉⌈ˢませᵖauxv:auxv-masu:imperfectiveᵇますᵈますʳマセ⌉⌈ˢんᵖauxv:auxv-nu:terminal-nasalᵇぬᵈぬʳン⌉⌈ˢでしᵖauxv:auxv-desu:conjunctiveᵇですᵈですʳデシ⌉⌈ˢたᵖauxv:auxv-ta:terminalʳタ⌉⌈ˢですᵖauxv:auxv-desu:terminalʳデス⌉⌈ˢ。ᵖauxs:period⌉
皆様、本日はお忙しい中お集まりいただき、誠にありがとうございます。だから本日の議題に入らせていただきます。	sonkeigo	neutral, sonkeigo	⌈ˢ皆ᵖn:common_noun:adverb-possibleʳミナ⌉⌈ˢ様ᵖsuff:noun_likeʳサマ⌉⌈ˢ、ᵖauxs:comma⌉⌈ˢ本日ᵖn:common_noun:adverb-possibleʳホンジツ⌉⌈ˢはᵖprt:binding_particleʳハ⌉⌈ˢおᵖprefʳオ⌉⌈ˢ忙しいᵖadj:general:adjective:attributiveʳイソガシイ⌉⌈ˢ中ᵖn:common_noun:adverb-possibleʳナカ⌉⌈ˢおᵖprefʳオ⌉⌈ˢ集まりᵖv:general:godan-ra:conjunctiveᵇ集まるᵈ集まるʳアツマリ⌉⌈ˢいただきᵖv:non_self_reliant:godan-ka:conjunctiveᵇいただくᵈいただくʳイタダキ⌉⌈ˢ、ᵖauxs:comma⌉⌈ˢ誠ᵖn:common_nounʳマコト⌉⌈ˢにᵖprt:case_particleʳニ⌉⌈ˢありがとうᵖint:generalʳアリガトウ⌉⌈ˢございᵖv:non_self_reliant:godan-ra:conjunctive-i-soundᵇござるᵈござるʳゴザイ⌉⌈ˢますᵖauxv:auxv-masu:terminalʳマス⌉⌈ˢ。ᵖauxs:period⌉⌈ˢだᵖauxv:auxv-da:terminalʳダ⌉⌈ˢからᵖprt:conjunctive_particleʳカラ⌉⌈ˢ本日ᵖn:common_noun:adverb-possibleʳホンジツ⌉⌈ˢのᵖprt:case_particleʳノ⌉⌈ˢ議題ᵖn:common_nounʳギダイ⌉⌈ˢにᵖprt:case_particleʳニ⌉⌈ˢ入らᵖv:general:godan-ra:imperfectiveᵇ入るᵈ入るʳハイラ⌉⌈ˢせᵖauxv:e-ichidan-sa:conjunctiveᵇせるᵈせるʳセ⌉⌈ˢてᵖprt:conjunctive_particleʳテ⌉⌈ˢいただきᵖv:non_self_reliant:godan-ka:conjunctiveᵇいただくᵈいただくʳイタダキ⌉⌈ˢますᵖauxv:auxv-masu:terminalʳマス⌉⌈ˢ。ᵖauxs:period⌉
眠いけど今寝たら明日のテストがやばい。	netslang	hakataben	⌈ˢ眠いᵖadj:general:adjective:terminalʳネムイ⌉⌈ˢけどᵖprt:conjunctive_particleʳケド⌉⌈ˢ今ᵖn:common_noun:adverb-possibleʳイマ⌉⌈ˢ寝ᵖv:general:e-ichidan-na:conjunctiveᵇ寝るᵈ寝るʳネ⌉⌈ˢたらᵖauxv:auxv-ta:conditionalᵇたᵈたʳタラ⌉⌈ˢ明日ᵖn:common_noun:adverb-possibleʳアス⌉⌈ˢのᵖprt:case_particleʳノ⌉⌈ˢテストᵖn:common_noun:suru-possible⌉⌈ˢがᵖprt:case_particleʳガ⌉⌈ˢやばいᵖadj:general:adjective:terminalʳヤバイ⌉⌈ˢ。ᵖauxs:period⌉
着いたらすぐに手紙を頂戴ね。	netslang	sonkeigo	⌈ˢ着いᵖv:general:godan-ka:conjunctive-i-soundᵇ着くᵈ着くʳツイ⌉⌈ˢたらᵖauxv:auxv-ta:conditionalᵇたᵈたʳタラ⌉⌈ˢすぐᵖadvʳスグ⌉⌈ˢにᵖprt:case_particleʳニ⌉⌈ˢ手紙ᵖn:common_nounʳテガミ⌉⌈ˢをᵖprt:case_particleʳヲ⌉⌈ˢ頂戴ᵖn:common_noun:suru-possibleʳチョウダイ⌉⌈ˢねᵖprt:sentence_final_particleʳネ⌉⌈ˢ。ᵖauxs:period⌉
社長がおいでになるとあっては、皆が身を引き締める必要がある。	netslang	neutral	⌈ˢ社長ᵖn:common_nounʳシャチョウ⌉⌈ˢがᵖprt:case_particleʳガ⌉⌈ˢおᵖprefʳオ⌉⌈ˢいでᵖv:general:e-ichidan-da:conjunctiveᵇいでるᵈいでるʳイデ⌉⌈ˢにᵖprt:case_particleʳニ⌉⌈ˢなるᵖv:non_self_reliant:godan-ra:terminalʳナル⌉⌈ˢとᵖprt:conjunctive_particleʳト⌉⌈ˢあっᵖv:non_self_reliant:godan-ra:conjunctive-geminateᵇあるᵈあるʳアッ⌉⌈ˢてᵖprt:conjunctive_particleʳテ⌉⌈ˢはᵖprt:binding_particleʳハ⌉⌈ˢ、ᵖauxs:comma⌉⌈ˢ皆ᵖn:common_noun:adverb-possibleʳミナ⌉⌈ˢがᵖprt:case_particleʳガ⌉⌈ˢ身ᵖn:common_nounʳミ⌉⌈ˢをᵖprt:case_particleʳヲ⌉⌈ˢ引き締めるᵖv:general:e-ichidan-ma:attributiveʳヒキシメル⌉⌈ˢ必要ᵖn:common_noun:pos2-unk1ʳヒツヨウ⌉⌈ˢがᵖprt:case_particleʳガ⌉⌈ˢあるᵖv:non_self_reliant:godan-ra:terminalʳアル⌉⌈ˢ。ᵖauxs:period⌉
私がこの前あなたにお会いしてから２０年になりますぜ。	none	netslang	⌈ˢ私ᵖpronʳワタクシ⌉⌈ˢがᵖprt:case_particleʳガ⌉⌈ˢこのᵖatʳコノ⌉⌈ˢ前ᵖn:common_noun:adverb-possibleʳマエ⌉⌈ˢあなたᵖpronʳアナタ⌉⌈ˢにᵖprt:case_particleʳニ⌉⌈ˢおᵖprefʳオ⌉⌈ˢ会いᵖv:general:godan-waa:conjunctiveᵇ会うᵈ会うʳアイ⌉⌈ˢしᵖv:non_self_reliant:sa-irregular:conjunctiveᵇするᵈするʳシ⌉⌈ˢてᵖprt:conjunctive_particleʳテ⌉⌈ˢからᵖprt:case_particleʳカラ⌉⌈ˢ２０ᵖn:numeralᵇ20ᵈ20ʳニレイ⌉⌈ˢ年ᵖn:common_noun:counter-possibleʳネン⌉⌈ˢにᵖprt:case_particleʳニ⌉⌈ˢなりᵖv:non_self_reliant:godan-ra:conjunctiveᵇなるᵈなるʳナリ⌉⌈ˢますᵖauxv:auxv-masu:terminalʳマス⌉⌈ˢぜᵖprt:sentence_final_particleʳゼ⌉⌈ˢ。ᵖauxs:period⌉
私たちはスキーの装備を整えたた。	hakataben	netslang	⌈ˢ私たちᵖpronʳワタシタチ⌉⌈ˢはᵖprt:binding_particleʳハ⌉⌈ˢスキーᵖn:common_noun⌉⌈ˢのᵖprt:case_particleʳノ⌉⌈ˢ装備ᵖn:common_noun:suru-possibleʳソウビ⌉⌈ˢをᵖprt:case_particleʳヲ⌉⌈ˢ整えᵖv:general:e-ichidan-a:conjunctiveᵇ整えるᵈ整えるʳトトノエ⌉⌈ˢたᵖauxv:auxv-ta:terminalʳタ⌉⌈ˢたᵖauxv:auxv-ta:terminalʳタ⌉⌈ˢ。ᵖauxs:period⌉
私たちは何ををなしたのかを知ることはできても、それを変えることはできない。そして未来は変えることができるが、なにをなし得るかについては知る由もない。	kansaiben	netslang	⌈ˢ私たちᵖpronʳワタシタチ⌉⌈ˢはᵖprt:binding_particleʳハ⌉⌈ˢ何ᵖpronʳナン⌉⌈ˢをᵖprt:case_particleʳヲ⌉⌈ˢをᵖprt:case_particleʳヲ⌉⌈ˢなしᵖv:general:godan-sa:conjunctiveᵇなすᵈなすʳナシ⌉⌈ˢたᵖauxv:auxv-ta:attributiveʳタ⌉⌈ˢのᵖprt:pre_noun_particleʳノ⌉⌈ˢかᵖprt:adverbial_particleʳカ⌉⌈ˢをᵖprt:case_particleʳヲ⌉⌈ˢ知るᵖv:general:godan-ra:attributiveʳシル⌉⌈ˢことᵖn:common_nounʳコト⌉⌈ˢはᵖprt:binding_particleʳハ⌉⌈ˢできᵖv:non_self_reliant:i-ichidan-ka:conjunctiveᵇできるᵈできるʳデキ⌉⌈ˢてᵖprt:conjunctive_particleʳテ⌉⌈ˢもᵖprt:binding_particleʳモ⌉⌈ˢ、ᵖauxs:comma⌉⌈ˢそれᵖpronʳソレ⌉⌈ˢをᵖprt:case_particleʳヲ⌉⌈ˢ変えるᵖv:general:e-ichidan-a:attributiveʳカエル⌉⌈ˢことᵖn:common_nounʳコト⌉⌈ˢはᵖprt:binding_particleʳハ⌉⌈ˢできᵖv:non_self_reliant:i-ichidan-ka:imperfectiveᵇできるᵈできるʳデキ⌉⌈ˢないᵖauxv:auxv-nai:terminalʳナイ⌉⌈ˢ。ᵖauxs:period⌉⌈ˢそしてᵖconjʳソシテ⌉⌈ˢ未来ᵖn:common_nounʳミライ⌉⌈ˢはᵖprt:binding_particleʳハ⌉⌈ˢ変えるᵖv:general:e-ichidan-a:attributiveʳカエル⌉⌈ˢことᵖn:common_nounʳコト⌉⌈ˢがᵖprt:case_particleʳガ⌉⌈ˢできるᵖv:non_self_reliant:i-ichidan-ka:terminalʳデキル⌉⌈ˢがᵖprt:conjunctive_particleʳガ⌉⌈ˢ、ᵖauxs:comma⌉⌈ˢなにᵖpronʳナニ⌉⌈ˢをᵖprt:case_particleʳヲ⌉⌈ˢなしᵖv:general:godan-sa:conjunctiveᵇなすᵈなすʳナシ⌉⌈ˢ得るᵖv:non_self_reliant:e-ichidan-a:terminalʳウル⌉⌈ˢかᵖprt:adverbial_particleʳカ⌉⌈ˢにᵖprt:case_particleʳニ⌉⌈ˢついᵖv:general:godan-ka:conjunctive-i-soundᵇつくᵈつくʳツイ⌉⌈ˢてᵖprt:conjunctive_particleʳテ⌉⌈ˢはᵖprt:binding_particleʳハ⌉⌈ˢ知るᵖv:general:godan-ra:attributiveʳシル⌉⌈ˢ由ᵖn:common_nounʳヨシ⌉⌈ˢもᵖprt:binding_particleʳモ⌉⌈ˢないᵖadj:non_self_reliant:adjective:terminalʳナイ⌉⌈ˢ。ᵖauxs:period⌉
私たちは火をずっとたいておいたぜわ。	sonkeigo	kansaiben	⌈ˢ私たちᵖpronʳワタシタチ⌉⌈ˢはᵖprt:binding_particleʳハ⌉⌈ˢ火ᵖn:common_nounʳヒ⌉⌈ˢをᵖprt:case_particleʳヲ⌉⌈ˢずっとᵖadvʳズット⌉⌈ˢたいᵖv:general:godan-ka:conjunctive-i-soundᵇたくᵈたくʳタイ⌉⌈ˢてᵖprt:conjunctive_particleʳテ⌉⌈ˢおいᵖv:non_self_reliant:godan-ka:conjunctive-i-soundᵇおくᵈおくʳオイ⌉⌈ˢたᵖauxv:auxv-ta:terminalʳタ⌉⌈ˢぜᵖprt:sentence_final_particleʳゼ⌉⌈ˢわᵖprt:sentence_final_particleʳワ⌉⌈ˢ。ᵖauxs:period⌉
私どもががお気に召さないことをしたことが未払いの原因となっているのでしたらご指摘ください。	neutral	netslang	⌈ˢ私ᵖpronʳワタクシ⌉⌈ˢどもᵖsuff:noun_likeʳドモ⌉⌈ˢがᵖprt:case_particleʳガ⌉⌈ˢがᵖprt:case_particleʳガ⌉⌈ˢおᵖprefʳオ⌉⌈ˢ気ᵖn:common_nounʳキ⌉⌈ˢにᵖprt:case_particleʳニ⌉⌈ˢ召さᵖv:general:godan-sa:imperfectiveᵇ召すᵈ召すʳメサ⌉⌈ˢないᵖauxv:auxv-nai:attributiveʳナイ⌉⌈ˢことᵖn:common_nounʳコト⌉⌈ˢをᵖprt:case_particleʳヲ⌉⌈ˢしᵖv:non_self_reliant:sa-irregular:conjunctiveᵇするᵈするʳシ⌉⌈ˢたᵖauxv:auxv-ta:attributiveʳタ⌉⌈ˢことᵖn:common_nounʳコト⌉⌈ˢがᵖprt:case_particleʳガ⌉⌈ˢ未払いᵖn:common_nounʳミハライ⌉⌈ˢのᵖprt:case_particleʳノ⌉⌈ˢ原因ᵖn:common_noun:suru-possibleʳゲンイン⌉⌈ˢとᵖprt:case_particleʳト⌉⌈ˢなっᵖv:non_self_reliant:godan-ra:conjunctive-geminateᵇなるᵈなるʳナッ⌉⌈ˢてᵖprt:conjunctive_particleʳテ⌉⌈ˢいるᵖv:non_self_reliant:i-ichidan-a:attributiveʳイル⌉⌈ˢのᵖprt:pre_noun_particleʳノ⌉⌈ˢでしᵖauxv:auxv-desu:conjunctiveᵇですᵈですʳデシ⌉⌈ˢたらᵖauxv:auxv-ta:conditionalᵇたᵈたʳタラ⌉⌈ˢごᵖprefʳゴ⌉⌈ˢ指摘ᵖn:common_noun:suru-possibleʳシテキ⌉⌈ˢくださいᵖv:non_self_reliant:godan-ra:imperativeᵇくださるᵈくださるʳクダサイ⌉⌈ˢ。ᵖauxs:period⌉
私の友人に大学を卒業して立派な官吏となっておる者があるは。ある時この人が私に曰うに、僕は学校に於て教ったことは何も役に立たなかった、しかし少しばかり学んだ哲学が僕に非常な利益を与えたと。	netslang	kansaiben	⌈ˢ私ᵖpronʳワタクシ⌉⌈ˢのᵖprt:case_particleʳノ⌉⌈ˢ友人ᵖn:common_nounʳユウジン⌉⌈ˢにᵖprt:case_particleʳニ⌉⌈ˢ大学ᵖn:common_nounʳダイガク⌉⌈ˢをᵖprt:case_particleʳヲ⌉⌈ˢ卒業ᵖn:common_noun:suru-possibleʳソツギョウ⌉⌈ˢしᵖv:non_self_reliant:sa-irregular:conjunctiveᵇするᵈするʳシ⌉⌈ˢてᵖprt:conjunctive_particleʳテ⌉⌈ˢ立派ᵖshp:generalʳリッパ⌉⌈ˢなᵖauxv:auxv-da:attributiveᵇだᵈだʳナ⌉⌈ˢ官吏ᵖn:common_nounʳカンリ⌉⌈ˢとᵖprt:case_particleʳト⌉⌈ˢなっᵖv:non_self_reliant:godan-ra:conjunctive-geminateᵇなるᵈなるʳナッ⌉⌈ˢてᵖprt:conjunctive_particleʳテ⌉⌈ˢおるᵖv:non_self_reliant:godan-ra:attributiveʳオル⌉⌈ˢ者ᵖn:common_nounʳモノ⌉⌈ˢがᵖprt:case_particleʳガ⌉⌈ˢあるᵖv:non_self_reliant:godan-ra:terminalʳアル⌉⌈ˢはᵖprt:binding_particleʳハ⌉⌈ˢ。ᵖauxs:period⌉⌈ˢあるᵖatʳアル⌉⌈ˢ時ᵖn:common_noun:adverb-possibleʳトキ⌉⌈ˢこのᵖatʳコノ⌉⌈ˢ人ᵖn:common_nounʳヒト⌉⌈ˢがᵖprt:case_particleʳガ⌉⌈ˢ私ᵖpronʳワタクシ⌉⌈ˢにᵖprt:case_particleʳニ⌉⌈ˢ曰うᵖv:general:godan-waa:terminalʳノタマウ⌉⌈ˢにᵖprt:case_particleʳニ⌉⌈ˢ、ᵖauxs:comma⌉⌈ˢ僕ᵖpronʳボク⌉⌈ˢはᵖprt:binding_particleʳハ⌉⌈ˢ学校ᵖn:common_nounʳガッコウ⌉⌈ˢにᵖprt:case_particleʳニ⌉⌈ˢ於ᵖn:common_noun⌉⌈ˢてᵖprt:adverbial_particleʳテ⌉⌈ˢ教ᵖn:common_nounʳキョウ⌉⌈ˢっᵖauxs:generalʳッ⌉⌈ˢたこᵖn:common_nounʳタコ⌉⌈ˢとᵖprt:case_particleʳト⌉⌈ˢはᵖprt:binding_particleʳハ⌉⌈ˢ何ᵖpronʳナン⌉⌈ˢもᵖprt:binding_particleʳモ⌉⌈ˢ役ᵖn:common_nounʳヤク⌉⌈ˢにᵖprt:case_particleʳニ⌉⌈ˢ立たᵖv:general:godan-ta:imperfectiveᵇ立つᵈ立つʳタタ⌉⌈ˢなかっᵖauxv:auxv-nai:conjunctive-geminateᵇないᵈないʳナカッ⌉⌈ˢたᵖauxv:auxv-ta:terminalʳタ⌉⌈ˢ、ᵖauxs:comma⌉⌈ˢしかしᵖconjʳシカシ⌉⌈ˢ少しᵖadvʳスコシ⌉⌈ˢばかりᵖprt:adverbial_particleʳバカリ⌉⌈ˢ学んᵖv:general:godan-ba:conjunctive-nasalᵇ学ぶᵈ学ぶʳマナン⌉⌈ˢだᵖauxv:auxv-ta:attributiveʳダ⌉⌈ˢ哲学ᵖn:common_nounʳテツガク⌉⌈ˢがᵖprt:case_particleʳガ⌉⌈ˢ僕ᵖpronʳボク⌉⌈ˢにᵖprt:case_particleʳニ⌉⌈ˢ非常ᵖshp:generalʳヒジョウ⌉⌈ˢなᵖauxv:auxv-da:attributiveᵇだᵈだʳナ⌉⌈ˢ利益ᵖn:common_nounʳリエキ⌉⌈ˢをᵖprt:case_particleʳヲ⌉⌈ˢ与えᵖv:general:e-ichidan-a:conjunctiveᵇ与えるᵈ与えるʳアタエ⌉⌈ˢたᵖauxv:auxv-ta:terminalʳタ⌉⌈ˢとᵖprt:case_particleʳト⌉⌈ˢ。ᵖauxs:period⌉
私の計画にに合うように変えていただかねばなりません。	netslang	sonkeigo	⌈ˢ私ᵖpronʳワタクシ⌉⌈ˢのᵖprt:case_particleʳノ⌉⌈ˢ計画ᵖn:common_noun:suru-possibleʳケイカク⌉⌈ˢにᵖprt:case_particleʳニ⌉⌈ˢにᵖprt:case_particleʳニ⌉⌈ˢ合うᵖv:non_self_reliant:godan-waa:attributiveʳアウ⌉⌈ˢようᵖshp:auxiliary_verb_stemʳヨウ⌉⌈ˢにᵖauxv:auxv-da:conjunctive-niᵇだᵈだʳニ⌉⌈ˢ変えᵖv:general:e-ichidan-a:conjunctiveᵇ変えるᵈ変えるʳカエ⌉⌈ˢてᵖprt:conjunctive_particleʳテ⌉⌈ˢいただかᵖv:non_self_reliant:godan-ka:imperfectiveᵇいただくᵈいただくʳイタダカ⌉⌈ˢねᵖauxv:auxv-nu:conditionalᵇぬᵈぬʳネ⌉⌈ˢばᵖprt:conjunctive_particleʳバ⌉⌈ˢなりᵖv:non_self_reliant:godan-ra:conjunctiveᵇなるᵈなるʳナリ⌉⌈ˢませᵖauxv:auxv-masu:imperfectiveᵇますᵈますʳマセ⌉⌈ˢんᵖauxv:auxv-nu:terminal-nasalᵇぬᵈぬʳン⌉⌈ˢ。ᵖauxs:period⌉
科学者は、正しい質問を問いかける方法と、答えが、「かもしれない」ではなく、事実上、明確なイエスかノーになるほど明確にその質問を述べる方法を知っていなければならなかったのである。	netslang	hakataben	⌈ˢ科学者ᵖn:common_nounʳカガクシャ⌉⌈ˢはᵖprt:binding_particleʳハ⌉⌈ˢ、ᵖauxs:comma⌉⌈ˢ正しいᵖadj:general:adjective:attributiveʳタダシイ⌉⌈ˢ質問ᵖn:common_noun:suru-possibleʳシツモン⌉⌈ˢをᵖprt:case_particleʳヲ⌉⌈ˢ問いかけるᵖv:general:e-ichidan-ka:attributiveʳトイカケル⌉⌈ˢ方法ᵖn:common_nounʳホウホウ⌉⌈ˢとᵖprt:case_particleʳト⌉⌈ˢ、ᵖauxs:comma⌉⌈ˢ答えᵖn:common_nounʳコタエ⌉⌈ˢがᵖprt:case_particleʳガ⌉⌈ˢ、ᵖauxs:comma⌉⌈ˢ「ᵖauxs:bracket_openʳキゴウ⌉⌈ˢかᵖprt:adverbial_particleʳカ⌉⌈ˢもᵖprt:binding_particleʳモ⌉⌈ˢしれᵖv:general:e-ichidan-ra:imperfectiveᵇしれるᵈしれるʳシレ⌉⌈ˢないᵖauxv:auxv-nai:terminalʳナイ⌉⌈ˢ」ᵖauxs:bracket_closeʳキゴウ⌉⌈ˢでᵖprt:case_particleʳデ⌉⌈ˢはᵖprt:binding_particleʳハ⌉⌈ˢなくᵖadj:non_self_reliant:adjective:conjunctiveᵇないᵈないʳナク⌉⌈ˢ、ᵖauxs:comma⌉⌈ˢ事実上ᵖn:common_nounʳジジツジョウ⌉⌈ˢ、ᵖauxs:comma⌉⌈ˢ明確ᵖshp:generalʳメイカク⌉⌈ˢなᵖauxv:auxv-da:attributiveᵇだᵈだʳナ⌉⌈ˢイエスᵖn:common_noun⌉⌈ˢかᵖprt:adverbial_particleʳカ⌉⌈ˢノーᵖn:common_noun⌉⌈ˢにᵖprt:case_particleʳニ⌉⌈ˢなるᵖv:non_self_reliant:godan-ra:attributiveʳナル⌉⌈ˢほどᵖprt:adverbial_particleʳホド⌉⌈ˢ明確ᵖshp:generalʳメイカク⌉⌈ˢにᵖauxv:auxv-da:conjunctive-niᵇだᵈだʳニ⌉⌈ˢそのᵖatʳソノ⌉⌈ˢ質問ᵖn:common_noun:suru-possibleʳシツモン⌉⌈ˢをᵖprt:case_particleʳヲ⌉⌈ˢ述べるᵖv:general:e-ichidan-ba:attributiveʳノベル⌉⌈ˢ方法ᵖn:common_nounʳホウホウ⌉⌈ˢをᵖprt:case_particleʳヲ⌉⌈ˢ知っᵖv:general:godan-ra:conjunctive-geminateᵇ知るᵈ知るʳシッ⌉⌈ˢてᵖprt:conjunctive_particleʳテ⌉⌈ˢいᵖv:non_self_reliant:i-ichidan-a:imperfectiveᵇいるᵈいるʳイ⌉⌈ˢなけれᵖauxv:auxv-nai:conditionalᵇないᵈないʳナケレ⌉⌈ˢばᵖprt:conjunctive_particleʳバ⌉⌈ˢならᵖv:non_self_reliant:godan-ra:imperfectiveᵇなるᵈなるʳナラ⌉⌈ˢなかっᵖauxv:auxv-nai:conjunctive-geminateᵇないᵈないʳナカッ⌉⌈ˢたᵖauxv:auxv-ta:attributiveʳタ⌉⌈ˢのᵖprt:pre_noun_particleʳノ⌉⌈ˢでᵖauxv:auxv-da:conjunctiveᵇだᵈだʳデ⌉⌈ˢあるᵖv:non_self_reliant:godan-ra:terminalʳアル⌉⌈ˢ。ᵖauxs:period⌉
翻訳者は、彼の言っていることを説明するのは不可能だとわかった。	netslang	hakataben	⌈ˢ翻訳者ᵖn:common_nounʳホンヤクシャ⌉⌈ˢはᵖprt:binding_particleʳハ⌉⌈ˢ、ᵖauxs:comma⌉⌈ˢ彼ᵖpronʳカレ⌉⌈ˢのᵖprt:case_particleʳノ⌉⌈ˢ言っᵖv:general:godan-waa:conjunctive-geminateᵇ言うᵈ言うʳイッ⌉⌈ˢてᵖprt:conjunctive_particleʳテ⌉⌈ˢいるᵖv:non_self_reliant:i-ichidan-a:attributiveʳイル⌉⌈ˢことᵖn:common_nounʳコト⌉⌈ˢをᵖprt:case_particleʳヲ⌉⌈ˢ説明ᵖn:common_noun:suru-possibleʳセツメイ⌉⌈ˢするᵖv:non_self_reliant:sa-irregular:attributiveʳスル⌉⌈ˢのᵖprt:pre_noun_particleʳノ⌉⌈ˢはᵖprt:binding_particleʳハ⌉⌈ˢ不可能ᵖn:common_noun:pos2-unk1ʳフカノウ⌉⌈ˢだᵖauxv:auxv-da:terminalʳダ⌉⌈ˢとᵖprt:case_particleʳト⌉⌈ˢわかっᵖv:general:godan-ra:conjunctive-geminateᵇわかるᵈわかるʳワカッ⌉⌈ˢたᵖauxv:auxv-ta:terminalʳタ⌉⌈ˢ。ᵖauxs:period⌉
至らぬ私ではございましたが、皆様方の公私共に絶大なるご指導ご鞭撻に依りまして大過なく過しましたことは終生忘れることのできない思い出でありますぜ。	sonkeigo	neutral	⌈ˢ至らᵖv:general:godan-ra:imperfectiveᵇ至るᵈ至るʳイタラ⌉⌈ˢぬᵖauxv:auxv-nu:attributiveʳヌ⌉⌈ˢ私ᵖpronʳワタクシ⌉⌈ˢでᵖprt:case_particleʳデ⌉⌈ˢはᵖprt:binding_particleʳハ⌉⌈ˢございᵖv:non_self_reliant:godan-ra:conjunctive-i-soundᵇござるᵈござるʳゴザイ⌉⌈ˢましᵖauxv:auxv-masu:conjunctiveᵇますᵈますʳマシ⌉⌈ˢたᵖauxv:auxv-ta:terminalʳタ⌉⌈ˢがᵖprt:conjunctive_particleʳガ⌉⌈ˢ、ᵖauxs:comma⌉⌈ˢ皆ᵖn:common_noun:adverb-possibleʳミナ⌉⌈ˢ様ᵖsuff:noun_likeʳサマ⌉⌈ˢ方ᵖn:common_noun:counter-possibleʳカタ⌉⌈ˢのᵖprt:case_particleʳノ⌉⌈ˢ公私ᵖn:common_nounʳコウシ⌉⌈ˢ共ᵖn:common_nounʳトモ⌉⌈ˢにᵖprt:case_particleʳニ⌉⌈ˢ絶大ᵖshp:generalʳゼツダイ⌉⌈ˢなるᵖauxv:auxv-nari-assertive:attributiveᵇなりᵈなりʳナル⌉⌈ˢごᵖprefʳゴ⌉⌈ˢ指導ᵖn:common_noun:suru-possibleʳシドウ⌉⌈ˢごᵖprefʳゴ⌉⌈ˢ鞭撻ᵖn:common_noun:suru-possibleʳベンタツ⌉⌈ˢにᵖprt:case_particleʳニ⌉⌈ˢ依りᵖv:general:godan-ra:conjunctiveᵇ依るᵈ依るʳヨリ⌉⌈ˢましᵖauxv:auxv-masu:conjunctiveᵇますᵈますʳマシ⌉⌈ˢてᵖprt:conjunctive_particleʳテ⌉⌈ˢ大過ᵖn:common_nounʳタイカ⌉⌈ˢなくᵖadj:non_self_reliant:adjective:conjunctiveᵇないᵈないʳナク⌉⌈ˢ過しᵖv:general:godan-sa:conjunctiveᵇ過すᵈ過すʳスゴシ⌉⌈ˢましᵖauxv:auxv-masu:conjunctiveᵇますᵈますʳマシ⌉⌈ˢたᵖauxv:auxv-ta:attributiveʳタ⌉⌈ˢことᵖn:common_nounʳコト⌉⌈ˢはᵖprt:binding_particleʳハ⌉⌈ˢ終生ᵖn:common_nounʳシュウセイ⌉⌈ˢ忘れるᵖv:non_self_reliant:e-ichidan-ra:attributiveʳワスレル⌉⌈ˢことᵖn:common_nounʳコト⌉⌈ˢのᵖprt:case_particleʳノ⌉⌈ˢできᵖv:non_self_reliant:i-ichidan-ka:imperfectiveᵇできるᵈできるʳデキ⌉⌈ˢないᵖauxv:auxv-nai:attributiveʳナイ⌉⌈ˢ思い出ᵖn:common_nounʳオモイデ⌉⌈ˢでᵖauxv:auxv-da:conjunctiveᵇだᵈだʳデ⌉⌈ˢありᵖv:non_self_reliant:godan-ra:conjunctiveᵇあるᵈあるʳアリ⌉⌈ˢますᵖauxv:auxv-masu:terminalʳマス⌉⌈ˢぜᵖprt:sentence_final_particleʳゼ⌉⌈ˢ。ᵖauxs:period⌉
良い医者は患者に説明するを時、人体模型を使うなどして、わかりやすく説明してくれる。	netslang	hakataben	⌈ˢ良いᵖadj:non_self_reliant:adjective:attributiveʳヨイ⌉⌈ˢ医者ᵖn:common_nounʳイシャ⌉⌈ˢはᵖprt:binding_particleʳハ⌉⌈ˢ患者ᵖn:common_nounʳカンジャ⌉⌈ˢにᵖprt:case_particleʳニ⌉⌈ˢ説明ᵖn:common_noun:suru-possibleʳセツメイ⌉⌈ˢするᵖv:non_self_reliant:sa-irregular:terminalʳスル⌉⌈ˢをᵖprt:case_particleʳヲ⌉⌈ˢ時ᵖn:common_noun:adverb-possibleʳトキ⌉⌈ˢ、ᵖauxs:comma⌉⌈ˢ人体模型ᵖn:common_nounʳジンタイモケイ⌉⌈ˢをᵖprt:case_particleʳヲ⌉⌈ˢ使うᵖv:general:godan-waa:terminalʳツカウ⌉⌈ˢなどᵖprt:adverbial_particleʳナド⌉⌈ˢしᵖv:non_self_reliant:sa-irregular:conjunctiveᵇするᵈするʳシ⌉⌈ˢてᵖprt:conjunctive_particleʳテ⌉⌈ˢ、ᵖauxs:comma⌉⌈ˢわかりᵖv:general:godan-ra:conjunctiveᵇわかるᵈわかるʳワカリ⌉⌈ˢやすくᵖsuff:adjectival:adjective:conjunctiveᵇやすいᵈやすいʳヤスク⌉⌈ˢ説明ᵖn:common_noun:suru-possibleʳセツメイ⌉⌈ˢしᵖv:non_self_reliant:sa-irregular:conjunctiveᵇするᵈするʳシ⌉⌈ˢてᵖprt:conjunctive_particleʳテ⌉⌈ˢくれるᵖv:non_self_reliant:e-ichidan-ra:terminalʳクレル⌉⌈ˢ。ᵖauxs:period⌉
英語のスピーチコンテストにに参加しますか。	netslang	hakataben	⌈ˢ英語ᵖn:common_nounʳエイゴ⌉⌈ˢのᵖprt:case_particleʳノ⌉⌈ˢスピーチコンテストᵖn:proper_noun⌉⌈ˢにᵖprt:case_particleʳニ⌉⌈ˢにᵖprt:case_particleʳニ⌉⌈ˢ参加ᵖn:common_noun:suru-possibleʳサンカ⌉⌈ˢしᵖv:non_self_reliant:sa-irregular:conjunctiveᵇするᵈするʳシ⌉⌈ˢますᵖauxv:auxv-masu:terminalʳマス⌉⌈ˢかᵖprt:sentence_final_particleʳカ⌉⌈ˢ。ᵖauxs:period⌉
草の長く伸びている所を指さしていいましたた。	netslang	kyoshigo	⌈ˢ草ᵖn:common_nounʳクサ⌉⌈ˢのᵖprt:case_particleʳノ⌉⌈ˢ長くᵖadj:general:adjective:conjunctiveᵇ長いᵈ長いʳナガク⌉⌈ˢ伸びᵖv:general:i-ichidan-ba:conjunctiveᵇ伸びるᵈ伸びるʳノビ⌉⌈ˢてᵖprt:conjunctive_particleʳテ⌉⌈ˢいるᵖv:non_self_reliant:i-ichidan-a:attributiveʳイル⌉⌈ˢ所ᵖn:common_noun:adverb-possibleʳトコロ⌉⌈ˢをᵖprt:case_particleʳヲ⌉⌈ˢ指さしᵖv:general:godan-sa:conjunctiveᵇ指さすᵈ指さすʳユビサシ⌉⌈ˢてᵖprt:conjunctive_particleʳテ⌉⌈ˢいいᵖv:general:godan-waa:conjunctiveᵇいうᵈいうʳイイ⌉⌈ˢましᵖauxv:auxv-masu:conjunctiveᵇますᵈますʳマシ⌉⌈ˢたᵖauxv:auxv-ta:terminalʳタ⌉⌈ˢたᵖauxv:auxv-ta:terminalʳタ⌉⌈ˢ。ᵖauxs:period⌉
試験で６０点以下の学生は再テストを受けなければなりません。	hakataben, netslang	hakataben	⌈ˢ試験ᵖn:common_noun:suru-possibleʳシケン⌉⌈ˢでᵖprt:case_particleʳデ⌉⌈ˢ６０ᵖn:numeralᵇ60ᵈ60ʳロクレイ⌉⌈ˢ点ᵖn:common_noun:counter-possibleʳテン⌉⌈ˢ以下ᵖn:common_nounʳイカ⌉⌈ˢのᵖprt:case_particleʳノ⌉⌈ˢ学生ᵖn:common_nounʳガクセイ⌉⌈ˢはᵖprt:binding_particleʳハ⌉⌈ˢ再ᵖprefʳサイ⌉⌈ˢテストᵖn:common_noun:suru-possible⌉⌈ˢをᵖprt:case_particleʳヲ⌉⌈ˢ受けᵖv:general:e-ichidan-ka:imperfectiveᵇ受けるᵈ受けるʳウケ⌉⌈ˢなけれᵖauxv:auxv-nai:conditionalᵇないᵈないʳナケレ⌉⌈ˢばᵖprt:conjunctive_particleʳバ⌉⌈ˢなりᵖv:non_self_reliant:godan-ra:conjunctiveᵇなるᵈなるʳナリ⌉⌈ˢませᵖauxv:auxv-masu:imperfectiveᵇますᵈますʳマセ⌉⌈ˢんᵖauxv:auxv-nu:terminal-nasalᵇぬᵈぬʳン⌉⌈ˢ。ᵖauxs:period⌉
誰が優勝すると思うぜわ？	netslang	kyoshigo	⌈ˢ誰ᵖpronʳダレ⌉⌈ˢがᵖprt:case_particleʳガ⌉⌈ˢ優勝ᵖn:common_noun:suru-possibleʳユウショウ⌉⌈ˢするᵖv:non_self_reliant:sa-irregular:terminalʳスル⌉⌈ˢとᵖprt:case_particleʳト⌉⌈ˢ思うᵖv:general:godan-waa:terminalʳオモウ⌉⌈ˢぜᵖprt:sentence_final_particleʳゼ⌉⌈ˢわᵖprt:sentence_final_particleʳワ⌉⌈ˢ？ᵖauxs:periodᵇ?ᵈ?ʳ?⌉
貴社のご提案に対し、私どもはこのご注文について５％の特別値引きをさせていただくことにしますぞわ。	netslang	sonkeigo	⌈ˢ貴社ᵖn:common_nounʳキシャ⌉⌈ˢのᵖprt:case_particleʳノ⌉⌈ˢごᵖprefʳゴ⌉⌈ˢ提案ᵖn:common_noun:suru-possibleʳテイアン⌉⌈ˢにᵖprt:case_particleʳニ⌉⌈ˢ対しᵖv:general:sa-irregular:conjunctiveᵇ対するᵈ対するʳタイシ⌉⌈ˢ、ᵖauxs:comma⌉⌈ˢ私ᵖpronʳワタクシ⌉⌈ˢどもᵖsuff:noun_likeʳドモ⌉⌈ˢはᵖprt:binding_particleʳハ⌉⌈ˢこのᵖatʳコノ⌉⌈ˢごᵖprefʳゴ⌉⌈ˢ注文ᵖn:common_noun:suru-possibleʳチュウモン⌉⌈ˢにᵖprt:case_particleʳニ⌉⌈ˢついᵖv:general:godan-ka:conjunctive-i-soundᵇつくᵈつくʳツイ⌉⌈ˢてᵖprt:conjunctive_particleʳテ⌉⌈ˢ５ᵖn:numeralᵇ5ᵈ5ʳゴ⌉⌈ˢ％ᵖn:common_noun:counter-possibleᵇ%ᵈ%ʳパーセント⌉⌈ˢのᵖprt:case_particleʳノ⌉⌈ˢ特別ᵖshp:generalʳトクベツ⌉⌈ˢ値引きᵖn:common_noun:suru-possibleʳネビキ⌉⌈ˢをᵖprt:case_particleʳヲ⌉⌈ˢさᵖv:non_self_reliant:sa-irregular:imperfective-saᵇするᵈするʳサ⌉⌈ˢせᵖauxv:e-ichidan-sa:conjunctiveᵇせるᵈせるʳセ⌉⌈ˢてᵖprt:conjunctive_particleʳテ⌉⌈ˢいただくᵖv:non_self_reliant:godan-ka:attributiveʳイタダク⌉⌈ˢことᵖn:common_nounʳコト⌉⌈ˢにᵖprt:case_particleʳニ⌉⌈ˢしᵖv:non_self_reliant:sa-irregular:conjunctiveᵇするᵈするʳシ⌉⌈ˢますᵖauxv:auxv-masu:terminalʳマス⌉⌈ˢぞᵖprt:sentence_final_particleʳゾ⌉⌈ˢわᵖprt:sentence_final_particleʳワ⌉⌈ˢ。ᵖauxs:period⌉
質問がありますかぜ。	netslang	hakataben	⌈ˢ質問ᵖn:common_noun:suru-possibleʳシツモン⌉⌈ˢがᵖprt:case_particleʳガ⌉⌈ˢありᵖv:non_self_reliant:godan-ra:conjunctiveᵇあるᵈあるʳアリ⌉⌈ˢますᵖauxv:auxv-masu:terminalʳマス⌉⌈ˢかᵖprt:sentence_final_particleʳカ⌉⌈ˢぜᵖprt:sentence_final_particleʳゼ⌉⌈ˢ。ᵖauxs:period⌉
車を利用すれば時間をかなり節約できますよ。	netslang	hakataben	⌈ˢ車ᵖn:common_nounʳクルマ⌉⌈ˢをᵖprt:case_particleʳヲ⌉⌈ˢ利用ᵖn:common_noun:suru-possibleʳリヨウ⌉⌈ˢすれᵖv:non_self_reliant:sa-irregular:conditionalᵇするᵈするʳスレ⌉⌈ˢばᵖprt:conjunctive_particleʳバ⌉⌈ˢ時間ᵖn:common_noun:counter-possibleʳジカン⌉⌈ˢをᵖprt:case_particleʳヲ⌉⌈ˢかなりᵖadvʳカナリ⌉⌈ˢ節約ᵖn:common_noun:suru-possibleʳセツヤク⌉⌈ˢできᵖv:non_self_reliant:i-ichidan-ka:conjunctiveᵇできるᵈできるʳデキ⌉⌈ˢますᵖauxv:auxv-masu:terminalʳマス⌉⌈ˢよᵖprt:sentence_final_particleʳヨ⌉⌈ˢ。ᵖauxs:period⌉
通りいっぺんの説明をされるだけじゃ、なんとなくしか理解できましせん。	neutral	neutral, kenjogo	⌈ˢ通りᵖn:common_noun:counter-possibleʳトオリ⌉⌈ˢいっぺんᵖn:common_noun:adverb-possibleʳイッペン⌉⌈ˢのᵖprt:case_particleʳノ⌉⌈ˢ説明ᵖn:common_noun:suru-possibleʳセツメイ⌉⌈ˢをᵖprt:case_particleʳヲ⌉⌈ˢさᵖv:non_self_reliant:sa-irregular:imperfective-saᵇするᵈするʳサ⌉⌈ˢれるᵖauxv:auxv-reru:attributiveʳレル⌉⌈ˢだけᵖprt:adverbial_particleʳダケ⌉⌈ˢじゃᵖprt:case_particleʳジャ⌉⌈ˢ、ᵖauxs:comma⌉⌈ˢなんᵖpronʳナン⌉⌈ˢとᵖprt:case_particleʳト⌉⌈ˢなくᵖv:general:godan-ka:terminalʳナク⌉⌈ˢしかᵖprt:adverbial_particleʳシカ⌉⌈ˢ理解ᵖn:common_noun:suru-possibleʳリカイ⌉⌈ˢできᵖv:non_self_reliant:i-ichidan-ka:conjunctiveᵇできるᵈできるʳデキ⌉⌈ˢましᵖauxv:auxv-masu:conjunctiveᵇますᵈますʳマシ⌉⌈ˢせᵖv:non_self_reliant:sa-irregular:imperfective-seᵇするᵈするʳセ⌉⌈ˢんᵖauxv:auxv-nu:terminal-nasalᵇぬᵈぬʳン⌉⌈ˢ。ᵖauxs:period⌉
部長へのご質問はございますか。	netslang	hakataben	⌈ˢ部長ᵖn:common_nounʳブチョウ⌉⌈ˢへᵖprt:case_particleʳヘ⌉⌈ˢのᵖprt:case_particleʳノ⌉⌈ˢごᵖprefʳゴ⌉⌈ˢ質問ᵖn:common_noun:suru-possibleʳシツモン⌉⌈ˢはᵖprt:binding_particleʳハ⌉⌈ˢございᵖv:non_self_reliant:godan-ra:conjunctive-i-soundᵇござるᵈござるʳゴザイ⌉⌈ˢますᵖauxv:auxv-masu:terminalʳマス⌉⌈ˢかᵖprt:sentence_final_particleʳカ⌉⌈ˢ。ᵖauxs:period⌉
長く歩いた後で疲れたですかどうか聞くと、彼女は「ええ、ちょっと」と言った。	none	kenjogo	⌈ˢ長くᵖadj:general:adjective:conjunctiveᵇ長いᵈ長いʳナガク⌉⌈ˢ歩いᵖv:general:godan-ka:conjunctive-i-soundᵇ歩くᵈ歩くʳアルイ⌉⌈ˢたᵖauxv:auxv-ta:attributiveʳタ⌉⌈ˢ後ᵖn:common_noun:adverb-possibleʳアト⌉⌈ˢでᵖprt:case_particleʳデ⌉⌈ˢ疲れᵖv:general:e-ichidan-ra:conjunctiveᵇ疲れるᵈ疲れるʳツカレ⌉⌈ˢたᵖauxv:auxv-ta:terminalʳタ⌉⌈ˢですᵖauxv:auxv-desu:terminalʳデス⌉⌈ˢかᵖprt:sentence_final_particleʳカ⌉⌈ˢどうᵖadvʳドウ⌉⌈ˢかᵖprt:adverbial_particleʳカ⌉⌈ˢ聞くᵖv:general:godan-ka:terminalʳキク⌉⌈ˢとᵖprt:conjunctive_particleʳト⌉⌈ˢ、ᵖauxs:comma⌉⌈ˢ彼女ᵖpronʳカノジョ⌉⌈ˢはᵖprt:binding_particleʳハ⌉⌈ˢ「ᵖauxs:bracket_openʳキゴウ⌉⌈ˢええᵖint:generalʳエエ⌉⌈ˢ、ᵖauxs:comma⌉⌈ˢちょっとᵖadvʳチョット⌉⌈ˢ」ᵖauxs:bracket_closeʳキゴウ⌉⌈ˢとᵖprt:case_particleʳト⌉⌈ˢ言っᵖv:general:godan-waa:conjunctive-geminateᵇ言うᵈ言うʳイッ⌉⌈ˢたᵖauxv:auxv-ta:terminalʳタ⌉⌈ˢ。ᵖauxs:period⌉
開演時間になり、いよいよ幕が開く。	netslang	hakataben	⌈ˢ開演ᵖn:common_noun:suru-possibleʳカイエン⌉⌈ˢ時間ᵖn:common_noun:counter-possibleʳジカン⌉⌈ˢにᵖprt:case_particleʳニ⌉⌈ˢなりᵖv:non_self_reliant:godan-ra:conjunctiveᵇなるᵈなるʳナリ⌉⌈ˢ、ᵖauxs:comma⌉⌈ˢいよいよᵖadvʳイヨイヨ⌉⌈ˢ幕ᵖn:common_nounʳマク⌉⌈ˢがᵖprt:case_particleʳガ⌉⌈ˢ開くᵖv:general:godan-ka:terminalʳヒラク⌉⌈ˢ。ᵖauxs:period⌉
間違いだらけで恐ろしく有益な本もあれば、どこも間違いががなくてそうしてただ間違っていないというだけの事以外に何の取柄もないと思われる本もある。これ程立派な材料をこれ程豊富に寄せ集めて、そうしてよくもこれ程までに面白くなくつまらなく書いたものだと思う本もある。	neutral	neutral, hakataben	⌈ˢ間違いᵖn:common_nounʳマチガイ⌉⌈ˢだらけᵖsuff:shape_word_likeʳダラケ⌉⌈ˢでᵖauxv:auxv-da:conjunctiveᵇだᵈだʳデ⌉⌈ˢ恐ろしくᵖadj:general:adjective:conjunctiveᵇ恐ろしいᵈ恐ろしいʳオソロシク⌉⌈ˢ有益ᵖn:common_noun:pos2-unk1ʳユウエキ⌉⌈ˢなᵖauxv:auxv-da:attributiveᵇだᵈだʳナ⌉⌈ˢ本ᵖn:common_nounʳホン⌉⌈ˢもᵖprt:binding_particleʳモ⌉⌈ˢあれᵖv:non_self_reliant:godan-ra:conditionalᵇあるᵈあるʳアレ⌉⌈ˢばᵖprt:conjunctive_particleʳバ⌉⌈ˢ、ᵖauxs:comma⌉⌈ˢどこᵖpronʳドコ⌉⌈ˢもᵖprt:binding_particleʳモ⌉⌈ˢ間違いᵖn:common_nounʳマチガイ⌉⌈ˢがᵖprt:case_particleʳガ⌉⌈ˢがᵖprt:case_particleʳガ⌉⌈ˢなくᵖadj:non_self_reliant:adjective:conjunctiveᵇないᵈないʳナク⌉⌈ˢてᵖprt:conjunctive_particleʳテ⌉⌈ˢそうᵖadvʳソウ⌉⌈ˢしᵖv:non_self_reliant:sa-irregular:conjunctiveᵇするᵈするʳシ⌉⌈ˢてᵖprt:conjunctive_particleʳテ⌉⌈ˢただᵖadvʳタダ⌉⌈ˢ間違っᵖv:non_self_reliant:godan-waa:conjunctive-geminateᵇ間違うᵈ間違うʳマチガッ⌉⌈ˢてᵖprt:conjunctive_particleʳテ⌉⌈ˢいᵖv:non_self_reliant:i-ichidan-a:imperfectiveᵇいるᵈいるʳイ⌉⌈ˢないᵖauxv:auxv-nai:terminalʳナイ⌉⌈ˢとᵖprt:case_particleʳト⌉⌈ˢいうᵖv:general:godan-waa:attributiveʳイウ⌉⌈ˢだけᵖprt:adverbial_particleʳダケ⌉⌈ˢのᵖprt:case_particleʳノ⌉⌈ˢ事ᵖn:common_nounʳコト⌉⌈ˢ以外ᵖn:common_noun:adverb-possibleʳイガイ⌉⌈ˢにᵖprt:case_particleʳニ⌉⌈ˢ何ᵖpronʳナン⌉⌈ˢのᵖprt:case_particleʳノ⌉⌈ˢ取柄ᵖn:common_nounʳトリエ⌉⌈ˢもᵖprt:binding_particleʳモ⌉⌈ˢないᵖadj:non_self_reliant:adjective:terminalʳナイ⌉⌈ˢとᵖprt:case_particleʳト⌉⌈ˢ思わᵖv:general:godan-waa:imperfectiveᵇ思うᵈ思うʳオモワ⌉⌈ˢれるᵖauxv:auxv-reru:attributiveʳレル⌉⌈ˢ本ᵖn:common_nounʳホン⌉⌈ˢもᵖprt:binding_particleʳモ⌉⌈ˢあるᵖv:non_self_reliant:godan-ra:terminalʳアル⌉⌈ˢ。ᵖauxs:period⌉⌈ˢこれᵖpronʳコレ⌉⌈ˢ程ᵖprt:adverbial_particleʳホド⌉⌈ˢ立派ᵖshp:generalʳリッパ⌉⌈ˢなᵖauxv:auxv-da:attributiveᵇだᵈだʳナ⌉⌈ˢ材料ᵖn:common_nounʳザイリョウ⌉⌈ˢをᵖprt:case_particleʳヲ⌉⌈ˢこれᵖpronʳコレ⌉⌈ˢ程ᵖprt:adverbial_particleʳホド⌉⌈ˢ豊富ᵖshp:generalʳホウフ⌉⌈ˢにᵖauxv:auxv-da:conjunctive-niᵇだᵈだʳニ⌉⌈ˢ寄せ集めᵖv:general:e-ichidan-ma:conjunctiveᵇ寄せ集めるᵈ寄せ集めるʳヨセアツメ⌉⌈ˢてᵖprt:conjunctive_particleʳテ⌉⌈ˢ、ᵖauxs:comma⌉⌈ˢそうᵖadvʳソウ⌉⌈ˢしᵖv:non_self_reliant:sa-irregular:conjunctiveᵇするᵈするʳシ⌉⌈ˢてᵖprt:conjunctive_particleʳテ⌉⌈ˢよくᵖadvʳヨク⌉⌈ˢもᵖprt:binding_particleʳモ⌉⌈ˢこれᵖpronʳコレ⌉⌈ˢ程ᵖprt:adverbial_particleʳホド⌉⌈ˢまでᵖprt:adverbial_particleʳマデ⌉⌈ˢにᵖprt:case_particleʳニ⌉⌈ˢ面白くᵖadj:general:adjective:conjunctiveᵇ面白いᵈ面白いʳオモシロク⌉⌈ˢなくᵖadj:non_self_reliant:adjective:conjunctiveᵇないᵈないʳナク⌉⌈ˢつまらᵖv:general:godan-ra:imperfectiveᵇつまるᵈつまるʳツマラ⌉⌈ˢなくᵖauxv:auxv-nai:conjunctiveᵇないᵈないʳナク⌉⌈ˢ書いᵖv:general:godan-ka:conjunctive-i-soundᵇ書くᵈ書くʳカイ⌉⌈ˢたᵖauxv:auxv-ta:attributiveʳタ⌉⌈ˢものᵖn:common_noun:suru-possibleʳモノ⌉⌈ˢだᵖauxv:auxv-da:terminalʳダ⌉⌈ˢとᵖprt:case_particleʳト⌉⌈ˢ思うᵖv:general:godan-waa:attributiveʳオモウ⌉⌈ˢ本ᵖn:common_nounʳホン⌉⌈ˢもᵖprt:binding_particleʳモ⌉⌈ˢあるᵖv:non_self_reliant:godan-ra:terminalʳアル⌉⌈ˢ。ᵖauxs:period⌉
間違っました場所で降りられたようですね。	neutral	neutral, hakataben	⌈ˢ間違っᵖv:non_self_reliant:godan-waa:conjunctive-geminateᵇ間違うᵈ間違うʳマチガッ⌉⌈ˢましᵖauxv:auxv-masu:conjunctiveᵇますᵈますʳマシ⌉⌈ˢたᵖauxv:auxv-ta:attributiveʳタ⌉⌈ˢ場所ᵖn:common_nounʳバショ⌉⌈ˢでᵖprt:case_particleʳデ⌉⌈ˢ降りᵖv:general:i-ichidan-ra:imperfectiveᵇ降りるᵈ降りるʳオリ⌉⌈ˢられᵖauxv:auxv-reru:conjunctiveᵇられるᵈられるʳラレ⌉⌈ˢたᵖauxv:auxv-ta:attributiveʳタ⌉⌈ˢようᵖshp:auxiliary_verb_stemʳヨウ⌉⌈ˢですᵖauxv:auxv-desu:terminalʳデス⌉⌈ˢねᵖprt:sentence_final_particleʳネ⌉⌈ˢ。ᵖauxs:period⌉
雨が降って土に湿り気があると草は取りをやすくなる。	netslang	kyoshigo	⌈ˢ雨ᵖn:common_nounʳアメ⌉⌈ˢがᵖprt:case_particleʳガ⌉⌈ˢ降っᵖv:general:godan-ra:conjunctive-geminateᵇ降るᵈ降るʳフッ⌉⌈ˢてᵖprt:conjunctive_particleʳテ⌉⌈ˢ土ᵖn:common_nounʳツチ⌉⌈ˢにᵖprt:case_particleʳニ⌉⌈ˢ湿り気ᵖn:common_nounʳシメリケ⌉⌈ˢがᵖprt:case_particleʳガ⌉⌈ˢあるᵖv:non_self_reliant:godan-ra:terminalʳアル⌉⌈ˢとᵖprt:case_particleʳト⌉⌈ˢ草ᵖn:common_nounʳクサ⌉⌈ˢはᵖprt:binding_particleʳハ⌉⌈ˢ取りᵖn:common_nounʳトリ⌉⌈ˢをᵖprt:case_particleʳヲ⌉⌈ˢやすくᵖadj:general:adjective:conjunctiveᵇやすいᵈやすいʳヤスク⌉⌈ˢなるᵖv:non_self_reliant:godan-ra:terminalʳナル⌉⌈ˢ。ᵖauxs:period⌉
飛行機が完全に止まりますぞまで、お座席をお立ちになりませんようお願いいたします。	sonkeigo	neutral, sonkeigo	⌈ˢ飛行機ᵖn:common_nounʳヒコウキ⌉⌈ˢがᵖprt:case_particleʳガ⌉⌈ˢ完全ᵖshp:generalʳカンゼン⌉⌈ˢにᵖauxv:auxv-da:conjunctive-niᵇだᵈだʳニ⌉⌈ˢ止まりᵖv:general:godan-ra:conjunctiveᵇ止まるᵈ止まるʳトマリ⌉⌈ˢますᵖauxv:auxv-masu:terminalʳマス⌉⌈ˢぞᵖprt:sentence_final_particleʳゾ⌉⌈ˢまでᵖprt:adverbial_particleʳマデ⌉⌈ˢ、ᵖauxs:comma⌉⌈ˢおᵖprefʳオ⌉⌈ˢ座席ᵖn:common_nounʳザセキ⌉⌈ˢをᵖprt:case_particleʳヲ⌉⌈ˢおᵖprefʳオ⌉⌈ˢ立ちᵖv:general:godan-ta:conjunctiveᵇ立つᵈ立つʳタチ⌉⌈ˢにᵖprt:case_particleʳニ⌉⌈ˢなりᵖv:non_self_reliant:godan-ra:conjunctiveᵇなるᵈなるʳナリ⌉⌈ˢませᵖauxv:auxv-masu:imperfectiveᵇますᵈますʳマセ⌉⌈ˢんᵖauxv:auxv-nu:terminal-nasalᵇぬᵈぬʳン⌉⌈ˢようᵖshp:auxiliary_verb_stemʳヨウ⌉⌈ˢおᵖprefʳオ⌉⌈ˢ願いᵖv:non_self_reliant:godan-waa:conjunctiveᵇ願うᵈ願うʳネガイ⌉⌈ˢいたしᵖv:non_self_reliant:godan-sa:conjunctiveᵇいたすᵈいたすʳイタシ⌉⌈ˢますᵖauxv:auxv-masu:terminalʳマス⌉⌈ˢ。ᵖauxs:period⌉
高橋さんは最近お忙しいことと存じます。	netslang	neutral	⌈ˢ高橋さんᵖn:proper_nounʳタカハシサン⌉⌈ˢはᵖprt:binding_particleʳハ⌉⌈ˢ最近ᵖn:common_noun:adverb-possibleʳサイキン⌉⌈ˢおᵖprefʳオ⌉⌈ˢ忙しいᵖadj:general:adjective:attributiveʳイソガシイ⌉⌈ˢことᵖn:common_nounʳコト⌉⌈ˢとᵖprt:case_particleʳト⌉⌈ˢ存じᵖv:general:sa-irregular:conjunctiveᵇ存ずるᵈ存ずるʳゾンジ⌉⌈ˢますᵖauxv:auxv-masu:terminalʳマス⌉⌈ˢ。ᵖauxs:period⌉
１から10まで説明してくれなくても分かるよ。馬鹿じゃあるまいしぜわ。	netslang	hakataben	⌈ˢ１ᵖn:numeralᵇ1ᵈ1ʳイチ⌉⌈ˢからᵖprt:case_particleʳカラ⌉⌈ˢ10ᵖn:numeralʳイチレイ⌉⌈ˢまでᵖprt:adverbial_particleʳマデ⌉⌈ˢ説明ᵖn:common_noun:suru-possibleʳセツメイ⌉⌈ˢしᵖv:non_self_reliant:sa-irregular:conjunctiveᵇするᵈするʳシ⌉⌈ˢてᵖprt:conjunctive_particleʳテ⌉⌈ˢくれᵖv:non_self_reliant:e-ichidan-ra:imperfectiveᵇくれるᵈくれるʳクレ⌉⌈ˢなくᵖauxv:auxv-nai:conjunctiveᵇないᵈないʳナク⌉⌈ˢてᵖprt:conjunctive_particleʳテ⌉⌈ˢもᵖprt:binding_particleʳモ⌉⌈ˢ分かるᵖv:general:godan-ra:terminalʳワカル⌉⌈ˢよᵖprt:sentence_final_particleʳヨ⌉⌈ˢ。ᵖauxs:period⌉⌈ˢ馬鹿ᵖn:common_noun:pos2-unk1ʳバカ⌉⌈ˢじゃᵖauxv:auxv-da:conjunctive-fusedᵇだᵈだʳジャ⌉⌈ˢあるᵖv:non_self_reliant:godan-ra:terminalʳアル⌉⌈ˢまいᵖauxv:auxv-mai:terminalʳマイ⌉⌈ˢしᵖprt:conjunctive_particleʳシ⌉⌈ˢぜᵖprt:sentence_final_particleʳゼ⌉⌈ˢわᵖprt:sentence_final_particleʳワ⌉⌈ˢ。ᵖauxs:period⌉
